text,true_label,predicted_label,confidence,entropy,top_3
depression depressive or psychotic symptoms insomnia hostile behavior delusions or hallucinations,Schizophrenia,Post-Traumatic Stress Disorder (Ptsd),0.1930326049138169,2.381736674644345,"['Post-Traumatic Stress Disorder (Ptsd)', 'Neurosis', 'Psychotic Disorder']"
retention of urine sharp abdominal pain blood in urine,Temporary Or Benign Blood In Urine,Prostatitis,0.27011801438632005,2.8693848338897654,"['Prostatitis', 'Kidney Stone', 'Cystitis']"
sharp chest pain nasal congestion vomiting wheezing difficulty breathing,Pneumonia,Acute Bronchospasm,0.5897722652773214,1.1096373170904104,"['Acute Bronchospasm', 'Pneumonia', 'Acute Bronchitis']"
skin swelling skin lesion skin growth skin dryness peeling scaliness or roughness itchy scalp,Fungal Infection Of The Hair,Psoriasis,0.5688313457936823,1.431739380377218,"['Psoriasis', 'Fungal Infection Of The Hair', 'Fungal Infection Of The Skin']"
suprapubic pain sharp abdominal pain vomiting painful urination back pain side pain,Pyelonephritis,Kidney Stone,0.5279324469930881,1.390680042095623,"['Kidney Stone', 'Pyelonephritis', 'Pelvic Inflammatory Disease']"
skin swelling skin lesion neck mass back mass or lump arm lump or mass,Sebaceous Cyst,Lipoma,0.49519722427451035,0.9324980518955756,"['Lipoma', 'Sebaceous Cyst', 'Ganglion Cyst']"
anxiety and nervousness depression hostile behavior excessive anger delusions or hallucinations temper problems fears and phobias,Psychotic Disorder,Personality Disorder,0.32237069141386987,1.7409918613056563,"['Personality Disorder', 'Marijuana Abuse', 'Psychotic Disorder']"
pain of the anus,Hemorrhoids,Rectal Disorder,0.34525441692916364,2.5947323564725915,"['Rectal Disorder', 'Hemorrhoids', 'Ileus']"
arm pain back pain neck pain problems with movement paresthesia,Complex Regional Pain Syndrome,Spinal Stenosis,0.5981667826759306,1.2829020867651444,"['Spinal Stenosis', 'Complex Regional Pain Syndrome', 'Spondylolisthesis']"
leg pain wrist pain arm pain ankle pain,Sprain Or Strain,Mononeuritis,0.3631802887865737,1.6125365412823878,"['Mononeuritis', 'Sprain Or Strain', 'Tendinitis']"
skin swelling skin lesion acne or pimples skin growth irregular appearing scalp itching of skin warts,Skin Polyp,Skin Pigmentation Disorder,0.41638609201858956,1.4948150746660305,"['Skin Pigmentation Disorder', 'Skin Polyp', 'Seborrheic Keratosis']"
shortness of breath sharp chest pain wheezing fever coryza,Acute Bronchitis,Chronic Obstructive Pulmonary Disease (Copd),0.2335641848786968,2.385783384896518,"['Chronic Obstructive Pulmonary Disease (Copd)', 'Pneumonia', 'Acute Bronchospasm']"
shortness of breath sharp chest pain sore throat wheezing fever coryza,Chronic Obstructive Pulmonary Disease (Copd),Pneumonia,0.2536940831354756,1.7216887769321305,"['Pneumonia', 'Acute Bronchospasm', 'Chronic Obstructive Pulmonary Disease (Copd)']"
anxiety and nervousness depressive or psychotic symptoms insomnia excessive anger delusions or hallucinations temper problems fears and phobias,Psychotic Disorder,Personality Disorder,0.27778722487399937,1.694476434098536,"['Personality Disorder', 'Schizophrenia', 'Psychotic Disorder']"
sharp abdominal pain painful urination lower abdominal pain blood in urine back pain symptoms of bladder,Temporary Or Benign Blood In Urine,Cystitis,0.5193259196406385,1.3445403518540016,"['Cystitis', 'Temporary Or Benign Blood In Urine', 'Bladder Disorder']"
sore throat vomiting fever,Otitis Media,Acute Bronchospasm,0.1861665401105432,3.2422872484443666,"['Acute Bronchospasm', 'Flu', 'Otitis Media']"
shortness of breath dizziness irregular heartbeat,Sinus Bradycardia,Mitral Valve Disease,0.2146700044749509,2.9783149700605556,"['Mitral Valve Disease', 'Paroxysmal Ventricular Tachycardia', 'Panic Disorder']"
skin swelling skin growth neck mass arm lump or mass,Lipoma,Sebaceous Cyst,0.5162171254054914,1.0722128640108561,"['Sebaceous Cyst', 'Lipoma', 'Ganglion Cyst']"
abnormal appearing skin skin lesion acne or pimples skin growth skin moles skin dryness peeling scaliness or roughness skin irritation,Skin Polyp,Skin Disorder,0.4760241088207108,1.854780056465681,"['Skin Disorder', 'Skin Polyp', 'Contact Dermatitis']"
depression depressive or psychotic symptoms excessive anger temper problems low self esteem,Schizophrenia,Personality Disorder,0.4011432807750094,1.9830287904840072,"['Personality Disorder', 'Schizophrenia', 'Marijuana Abuse']"
skin swelling abnormal appearing skin skin growth skin moles,Acne,Psoriasis,0.11033286760854902,3.075161412742394,"['Psoriasis', 'Skin Polyp', 'Rosacea']"
skin swelling abnormal appearing skin skin lesion,Skin Disorder,Impetigo,0.07963318278811782,3.531083528672288,"['Impetigo', 'Insect Bite', 'Viral Warts']"
suprapubic pain sharp abdominal pain painful urination vaginal discharge vaginal redness,Benign Vaginal Discharge (Leukorrhea),Vaginal Yeast Infection,0.4138183543621029,1.467960255194047,"['Vaginal Yeast Infection', 'Benign Vaginal Discharge (Leukorrhea)', 'Vaginitis']"
diminished vision pain in eye eye redness lacrimation itchiness of eye eye burns or stings,Blepharitis,Conjunctivitis Due To Allergy,0.35436199429393633,1.8445199694397993,"['Conjunctivitis Due To Allergy', 'Blepharitis', 'Cornea Infection']"
vomiting ear pain fever,Common Cold,Otitis Media,0.2830155800910038,2.938624403308009,"['Otitis Media', 'Strep Throat', 'Common Cold']"
blood in stool heartburn constipation,Hemorrhoids,Rectal Disorder,0.2902800522962679,3.2421421522006253,"['Rectal Disorder', 'Hemorrhoids', 'Iron Deficiency Anemia']"
abnormal appearing skin skin lesion skin growth irregular appearing scalp warts,Seborrheic Keratosis,Skin Cancer,0.2809680564442618,2.2355332387091496,"['Skin Cancer', 'Skin Pigmentation Disorder', 'Seborrheic Keratosis']"
anxiety and nervousness depression depressive or psychotic symptoms abusing alcohol excessive anger delusions or hallucinations fears and phobias,Marijuana Abuse,Social Phobia,0.3324223464573515,1.6916288924590988,"['Social Phobia', 'Bipolar Disorder', 'Psychotic Disorder']"
skin swelling abnormal appearing skin acne or pimples skin moles itching of skin skin irritation,Seborrheic Keratosis,Skin Disorder,0.2674016931895551,1.8758190898925662,"['Skin Disorder', 'Skin Polyp', 'Seborrheic Keratosis']"
depressive or psychotic symptoms hostile behavior drug abuse delusions or hallucinations,Drug Abuse,Post-Traumatic Stress Disorder (Ptsd),0.22404386032345272,2.384481274717165,"['Post-Traumatic Stress Disorder (Ptsd)', 'Personality Disorder', 'Neurosis']"
cough eye redness,Conjunctivitis Due To Virus,Conjunctivitis,0.2616315812969764,3.717409367949483,"['Conjunctivitis', 'Conjunctivitis Due To Allergy', 'Conjunctivitis Due To Virus']"
chest tightness cough nasal congestion fever coryza,Acute Bronchospasm,Asthma,0.2727352054493871,2.3576810789999687,"['Asthma', 'Acute Bronchospasm', 'Chronic Obstructive Pulmonary Disease (Copd)']"
retention of urine suprapubic pain sharp abdominal pain painful urination frequent urination back pain,Urinary Tract Obstruction,Cystitis,0.25100896379351534,2.0145691888595,"['Cystitis', 'Kidney Stone', 'Urinary Tract Obstruction']"
skin swelling abnormal appearing skin acne or pimples irregular appearing scalp skin dryness peeling scaliness or roughness,Dermatitis Due To Sun Exposure,Fungal Infection Of The Skin,0.15476338541764076,2.5965804889959845,"['Fungal Infection Of The Skin', 'Eczema', 'Skin Polyp']"
retention of urine painful urination frequent urination side pain,Urinary Tract Infection,Urinary Tract Obstruction,0.1656665675599899,2.6202566880095097,"['Urinary Tract Obstruction', 'Prostatitis', 'Kidney Stone']"
sharp chest pain chest tightness irregular heartbeat fainting,Sinus Bradycardia,Heart Attack,0.3950507182995359,2.1456987319837504,"['Heart Attack', 'Heart Block', 'Sinus Bradycardia']"
sharp abdominal pain vomiting headache nausea diarrhea,Hypokalemia,Gastritis,0.33590205961429126,2.163307914688179,"['Gastritis', 'Ileus', 'Noninfectious Gastroenteritis']"
shortness of breath sore throat congestion in chest,Chronic Obstructive Pulmonary Disease (Copd),Acute Bronchitis,0.4609062910005917,2.393305204978191,"['Acute Bronchitis', 'Chronic Obstructive Pulmonary Disease (Copd)', 'Esophagitis']"
shortness of breath dizziness irregular heartbeat decreased heart rate,Sinus Bradycardia,Paroxysmal Ventricular Tachycardia,0.4716524095799083,1.5380344534920392,"['Paroxysmal Ventricular Tachycardia', 'Sinus Bradycardia', 'Hyperkalemia']"
hip pain headache back pain neck pain low back pain loss of sensation,Spinal Stenosis,Neuralgia,0.6042280421906892,1.3748441846559012,"['Neuralgia', 'Spinal Stenosis', 'Muscle Spasm']"
neck pain knee pain,Sprain Or Strain,Spondylosis,0.5127456966488789,2.1023592327926357,"['Spondylosis', 'Sprain Or Strain', 'Osteoarthritis']"
white discharge from eye symptoms of eye spots or clouds in vision lacrimation itchiness of eye,Corneal Disorder,Chronic Glaucoma,0.39639497685732067,1.6953664682210845,"['Chronic Glaucoma', 'Blepharitis', 'Corneal Disorder']"
vomiting nausea lower abdominal pain low back pain side pain,Pyelonephritis,Pain After An Operation,0.5190618329248167,1.6352205259916812,"['Pain After An Operation', 'Pyelonephritis', 'Diverticulitis']"
symptoms of eye pain in eye spots or clouds in vision eye redness itchiness of eye swollen eye,Cornea Infection,Blepharitis,0.3830448537969764,1.8126953547650113,"['Blepharitis', 'Cornea Infection', 'Glaucoma']"
headache low back pain loss of sensation shoulder pain,Brachial Neuritis,Neuralgia,0.3199393220810522,2.267941220767333,"['Neuralgia', 'Spinal Stenosis', 'Brachial Neuritis']"
skin swelling skin lesion skin growth irregular appearing scalp itching of skin,Skin Disorder,Skin Pigmentation Disorder,0.19713376056196993,2.504051394853988,"['Skin Pigmentation Disorder', 'Psoriasis', 'Skin Polyp']"
depression depressive or psychotic symptoms excessive anger low self esteem,Marijuana Abuse,Personality Disorder,0.3011341946367258,2.5475631285890623,"['Personality Disorder', 'Schizophrenia', 'Marijuana Abuse']"
abnormal movement of eyelid foreign body sensation in eye spots or clouds in vision itchiness of eye,Macular Degeneration,Diabetic Retinopathy,0.5339248956525804,1.3999286068353713,"['Diabetic Retinopathy', 'Dry Eye Of Unknown Cause', 'Macular Degeneration']"
leg pain hip pain arm pain back pain low back pain loss of sensation paresthesia lower body pain,Spondylosis,Spinal Stenosis,0.343063182615555,1.4185797787855332,"['Spinal Stenosis', 'Spondylosis', 'Degenerative Disc Disease']"
skin swelling skin lesion irregular appearing scalp skin dryness peeling scaliness or roughness skin irritation warts,Skin Polyp,Eczema,0.335143810545209,1.4871884411546823,"['Eczema', 'Skin Polyp', 'Skin Cancer']"
diminished vision pain in eye lacrimation,Blepharitis,Conjunctivitis Due To Virus,0.23525474972293325,3.3032952424522364,"['Conjunctivitis Due To Virus', 'Conjunctivitis Due To Allergy', 'Chalazion']"
wrist pain wrist swelling knee pain ankle pain knee swelling ankle swelling,Joint Effusion,Gout,0.5732579180626544,0.881389870440211,"['Gout', 'Joint Effusion', 'Fracture Of The Leg']"
depression hostile behavior excessive anger delusions or hallucinations,Marijuana Abuse,Post-Traumatic Stress Disorder (Ptsd),0.18032247837306462,2.784035130778023,"['Post-Traumatic Stress Disorder (Ptsd)', 'Adjustment Reaction', 'Neurosis']"
anxiety and nervousness depression drug abuse low self esteem,Alcohol Abuse,Marijuana Abuse,0.3327788382577261,2.3679220462984967,"['Marijuana Abuse', 'Personality Disorder', 'Alcohol Abuse']"
skin lesion skin growth irregular appearing scalp itching of skin skin dryness peeling scaliness or roughness skin rash,Psoriasis,Fungal Infection Of The Hair,0.20188368738151727,2.186000302340325,"['Fungal Infection Of The Hair', 'Psoriasis', 'Skin Pigmentation Disorder']"
hip pain back pain neck pain lower body pain,Spinal Stenosis,Chronic Back Pain,0.24825408936169904,2.197205053619509,"['Chronic Back Pain', 'Degenerative Disc Disease', 'Spinal Stenosis']"
back pain shoulder pain,Chronic Pain Disorder,Injury To The Shoulder,0.10086520229969043,3.4237019144355334,"['Injury To The Shoulder', 'Chronic Pain Disorder', 'Fracture Of The Rib']"
dizziness hoarse voice fluid in ear,Conductive Hearing Loss,Sensorineural Hearing Loss,0.40943673321410434,2.4094784579116135,"['Sensorineural Hearing Loss', 'Conductive Hearing Loss', 'Croup']"
skin swelling abnormal appearing skin acne or pimples skin rash,Molluscum Contagiosum,Callus,0.1330860333318048,3.1687242577242025,"['Callus', 'Molluscum Contagiosum', 'Acne']"
skin growth irregular appearing scalp itching of skin skin irritation skin rash,Seborrheic Keratosis,Fungal Infection Of The Hair,0.40802049622921055,1.496764153428611,"['Fungal Infection Of The Hair', 'Seborrheic Keratosis', 'Actinic Keratosis']"
skin swelling skin lesion itching of skin skin dryness peeling scaliness or roughness itchy scalp,Fungal Infection Of The Skin,Psoriasis,0.38105692234998734,1.667770687418169,"['Psoriasis', 'Fungal Infection Of The Skin', 'Fungal Infection Of The Hair']"
shortness of breath sharp chest pain chest tightness sweating,Mitral Valve Disease,Heart Attack,0.1591310448150415,3.1103626159923783,"['Heart Attack', 'Pulmonary Embolism', 'Mitral Valve Disease']"
anxiety and nervousness hostile behavior temper problems,Attention Deficit Hyperactivity Disorder (Adhd),Post-Traumatic Stress Disorder (Ptsd),0.12742116952968602,3.4795244915440366,"['Post-Traumatic Stress Disorder (Ptsd)', 'Attention Deficit Hyperactivity Disorder (Adhd)', 'Schizophrenia']"
hip pain sharp abdominal pain low back pain,Sickle Cell Crisis,Chronic Pain Disorder,0.31267403321338844,2.536573091048921,"['Chronic Pain Disorder', 'Sickle Cell Crisis', 'Pyelonephritis']"
skin growth irregular appearing scalp itching of skin skin rash,Actinic Keratosis,Skin Pigmentation Disorder,0.22368223854201733,2.221502667482683,"['Skin Pigmentation Disorder', 'Psoriasis', 'Seborrheic Keratosis']"
shortness of breath weakness,Pulmonary Embolism,Sepsis,0.13667830538740228,4.352059348256242,"['Sepsis', 'Pulmonary Embolism', 'Liver Disease']"
abnormal appearing skin skin lesion irregular appearing scalp,Fungal Infection Of The Hair,Hemangioma,0.1763302814810667,3.263986872330733,"['Hemangioma', 'Eczema', 'Skin Cancer']"
skin swelling acne or pimples warts,Viral Warts,Skin Polyp,0.16922328671831893,3.4584245980388806,"['Skin Polyp', 'Viral Warts', 'Eczema']"
skin swelling abnormal appearing skin skin lesion acne or pimples irregular appearing scalp itching of skin skin dryness peeling scaliness or roughness skin rash,Fungal Infection Of The Skin,Eczema,0.22271135305877746,2.3459376594893486,"['Eczema', 'Skin Pigmentation Disorder', 'Fungal Infection Of The Hair']"
depressive or psychotic symptoms low self esteem,Marijuana Abuse,Personality Disorder,0.20298389851102733,3.2842368062421694,"['Personality Disorder', 'Oppositional Disorder', 'Schizophrenia']"
arm pain back pain loss of sensation paresthesia shoulder pain,Spinal Stenosis,Degenerative Disc Disease,0.2342646130699991,1.8730668293014,"['Degenerative Disc Disease', 'Herniated Disk', 'Spinal Stenosis']"
skin swelling acne or pimples skin dryness peeling scaliness or roughness skin irritation,Eczema,Skin Polyp,0.2345968274536616,2.196465771053133,"['Skin Polyp', 'Skin Disorder', 'Fungal Infection Of The Hair']"
sharp chest pain nasal congestion vomiting wheezing coryza,Pneumonia,Acute Bronchospasm,0.5876061672047196,1.4082286908303898,"['Acute Bronchospasm', 'Pneumonia', 'Croup']"
depressive or psychotic symptoms temper problems,Conduct Disorder,Personality Disorder,0.10093136202846124,4.200136541486945,"['Personality Disorder', 'Bipolar Disorder', 'Autism']"
pain in eye swollen eye eyelid swelling,Stye,Blepharitis,0.35441131280291666,1.4835256551478826,"['Blepharitis', 'Stye', 'Chalazion']"
hip pain arm pain back pain neck pain low back pain shoulder pain,Neuralgia,Herniated Disk,0.2374168671702155,2.063847214064172,"['Herniated Disk', 'Spondylosis', 'Neuralgia']"
nasal congestion fever painful sinuses,Acute Sinusitis,Nose Disorder,0.27162734141099326,2.999934388944158,"['Nose Disorder', 'Chronic Otitis Media', 'Acute Sinusitis']"
skin swelling facial pain jaw swelling gum pain pain in gums,Dental Caries,Tooth Abscess,0.4543172216188187,1.318163136502474,"['Tooth Abscess', 'Dental Caries', 'Gum Disease']"
skin swelling abnormal appearing skin acne or pimples skin growth irregular appearing scalp itching of skin skin irritation warts,Seborrheic Keratosis,Skin Polyp,0.4548290996928404,1.249950720357449,"['Skin Polyp', 'Seborrheic Keratosis', 'Skin Disorder']"
ear pain,Ear Wax Impaction,Ear Drum Damage,0.07731300394722011,3.7332866996972838,"['Ear Drum Damage', 'Eustachian Tube Dysfunction (Ear Disorder)', 'Labyrinthitis']"
vomiting nausea burning abdominal pain upper abdominal pain,Gastroduodenal Ulcer,Esophagitis,0.22061873075123842,2.498426029147332,"['Esophagitis', 'Acute Pancreatitis', 'Gallstone']"
abnormal appearing skin skin lesion acne or pimples skin growth irregular appearing scalp skin moles itching of skin,Skin Polyp,Seborrheic Keratosis,0.3083642615033307,1.8279358307478328,"['Seborrheic Keratosis', 'Skin Pigmentation Disorder', 'Skin Disorder']"
shortness of breath chest tightness cough weakness,Heart Failure,Pulmonary Congestion,0.33542297609652266,2.4971983634649644,"['Pulmonary Congestion', 'Heart Failure', 'Pulmonary Embolism']"
suprapubic pain sharp abdominal pain painful urination lower abdominal pain,Temporary Or Benign Blood In Urine,Pelvic Inflammatory Disease,0.2148869564313605,2.602324602149599,"['Pelvic Inflammatory Disease', 'Bladder Disorder', 'Pyelonephritis']"
sore throat cough headache facial pain,Nose Disorder,Chronic Sinusitis,0.39109698170980634,2.2819903089291724,"['Chronic Sinusitis', 'Nose Disorder', 'Flu']"
shortness of breath sharp chest pain sore throat nasal congestion fever coughing up sputum coryza,Acute Bronchitis,Chronic Obstructive Pulmonary Disease (Copd),0.577098162183796,1.0657300819374433,"['Chronic Obstructive Pulmonary Disease (Copd)', 'Acute Bronchitis', 'Asthma']"
frequent urination back pain,Prostatitis,Urinary Tract Obstruction,0.14437962608441918,3.4601225079500675,"['Urinary Tract Obstruction', 'Cystitis', 'Pyelonephritis']"
chest tightness wheezing difficulty breathing,Acute Bronchospasm,Acute Respiratory Distress Syndrome (Ards),0.3177969287848325,2.414098247289343,"['Acute Respiratory Distress Syndrome (Ards)', 'Acute Bronchospasm', 'Asthma']"
painful urination frequent urination blood in urine side pain,Cystitis,Pyelonephritis,0.19033013669195453,2.434336915681564,"['Pyelonephritis', 'Urinary Tract Infection', 'Urinary Tract Obstruction']"
vaginal discharge problems during pregnancy blood clots during menstrual periods,Vaginal Cyst,Threatened Pregnancy,0.40062752643436045,2.0526194661345794,"['Threatened Pregnancy', 'Vaginal Cyst', 'Idiopathic Excessive Menstruation']"
nasal congestion difficulty breathing,Pneumonia,Nose Disorder,0.12169306785396514,3.4466106778991117,"['Nose Disorder', 'Acute Bronchospasm', 'Acute Bronchitis']"
hostile behavior temper problems fears and phobias,Psychotic Disorder,Personality Disorder,0.24240794846490255,2.265403524409498,"['Personality Disorder', 'Psychotic Disorder', 'Schizophrenia']"
hip pain problems with movement lower body pain,Sciatica,Arthritis Of The Hip,0.362422413873385,1.8089254704368563,"['Arthritis Of The Hip', 'Spinal Stenosis', 'Sciatica']"
suprapubic pain vomiting painful urination lower abdominal pain,Kidney Stone,Pelvic Inflammatory Disease,0.3179400188355026,1.6456197889978639,"['Pelvic Inflammatory Disease', 'Urinary Tract Infection', 'Kidney Stone']"
wrist pain back pain,Injury To The Trunk,Sprain Or Strain,0.2999822035588297,3.4275281143150833,"['Sprain Or Strain', 'Injury To The Trunk', 'Joint Effusion']"
depression hostile behavior smoking problems delusions or hallucinations,Neurosis,Drug Abuse,0.4168203127350394,1.7268973794198694,"['Drug Abuse', 'Neurosis', 'Alcohol Abuse']"
depressive or psychotic symptoms,Hypoglycemia,Acute Respiratory Distress Syndrome (Ards),0.08617743662340262,3.8386913450006284,"['Acute Respiratory Distress Syndrome (Ards)', 'Transient Ischemic Attack', 'Hyperkalemia']"
depression abusing alcohol hostile behavior excessive anger hysterical behavior,Conduct Disorder,Psychotic Disorder,0.4717498036997102,1.2829976492196835,"['Psychotic Disorder', 'Conduct Disorder', 'Post-Traumatic Stress Disorder (Ptsd)']"
skin swelling abnormal appearing skin skin lesion acne or pimples skin dryness peeling scaliness or roughness skin irritation,Contact Dermatitis,Skin Disorder,0.27313671419055835,2.1852954459495573,"['Skin Disorder', 'Skin Polyp', 'Eczema']"
shortness of breath sore throat cough nasal congestion vomiting wheezing fever,Croup,Acute Bronchospasm,0.39799451505496886,1.466268460798966,"['Acute Bronchospasm', 'Croup', 'Pneumonia']"
depression depressive or psychotic symptoms hostile behavior excessive anger temper problems,Schizophrenia,Post-Traumatic Stress Disorder (Ptsd),0.2526024720298035,2.566915818398079,"['Post-Traumatic Stress Disorder (Ptsd)', 'Conduct Disorder', 'Marijuana Abuse']"
shortness of breath cough weakness fever chills,Pneumonia,Sepsis,0.5472803753078535,1.2828582111237143,"['Sepsis', 'Pneumonia', 'Pulmonary Congestion']"
double vision pain in eye spots or clouds in vision,Macular Degeneration,Corneal Disorder,0.24205062175327663,2.3456254252955935,"['Corneal Disorder', 'Macular Degeneration', 'Cataract']"
skin swelling skin lesion acne or pimples skin growth skin moles,Skin Polyp,Atrophic Skin Condition,0.15729450943913875,2.574116459533695,"['Atrophic Skin Condition', 'Skin Polyp', 'Skin Pigmentation Disorder']"
depression drug abuse low self esteem,Personality Disorder,Marijuana Abuse,0.3164848634668899,2.710272246529559,"['Marijuana Abuse', 'Personality Disorder', 'Alcohol Abuse']"
sharp abdominal pain frequent urination blood in urine back pain side pain,Kidney Stone,Cystitis,0.26266537742558194,2.069219791566616,"['Cystitis', 'Pyelonephritis', 'Kidney Stone']"
depression drug abuse excessive anger delusions or hallucinations,Neurosis,Depression,0.14804333869486339,2.5250648352113,"['Depression', 'Personality Disorder', 'Post-Traumatic Stress Disorder (Ptsd)']"
vomiting headache nausea,Flu,Gastritis,0.12027316100304064,2.939476097818485,"['Gastritis', 'Drug Reaction', 'Flu']"
shortness of breath vomiting weakness,Acute Kidney Injury,Pneumonia,0.24757875831253354,3.1427306453618877,"['Pneumonia', 'Sepsis', 'Hyponatremia']"
toothache facial pain ear pain jaw swelling gum pain bleeding gums,Gum Disease,Tooth Disorder,0.5029844310308487,1.1390836655841952,"['Tooth Disorder', 'Gum Disease', 'Dental Caries']"
skin swelling abnormal appearing skin skin lesion acne or pimples irregular appearing scalp itching of skin,Seborrheic Keratosis,Skin Polyp,0.14202468460967807,2.524483067217904,"['Skin Polyp', 'Skin Pigmentation Disorder', 'Skin Disorder']"
back pain knee pain,Arthritis Of The Hip,Spondylosis,0.22689539582381066,2.8070543540838626,"['Spondylosis', 'Osteoarthritis', 'Sprain Or Strain']"
leg pain arm pain neck pain,Muscle Spasm,Herniated Disk,0.2353363523105517,2.724080687283371,"['Herniated Disk', 'Spondylosis', 'Spinal Stenosis']"
pain during pregnancy pelvic pain vaginal pain,Vaginitis,Vaginal Cyst,0.6019109334012462,1.0717960620685592,"['Vaginal Cyst', 'Vaginitis', 'Vulvodynia']"
vomiting vomiting blood,Gastroduodenal Ulcer,Hyperemesis Gravidarum,0.22000539748769898,3.1622661023500553,"['Hyperemesis Gravidarum', 'Gastrointestinal Hemorrhage', 'Gastroduodenal Ulcer']"
dizziness fainting nausea,Hypoglycemia,Hypovolemia,0.349351444447227,2.684740768929034,"['Hypovolemia', 'Hypoglycemia', 'Gastrointestinal Hemorrhage']"
nasal congestion diminished hearing redness in ear,Ear Drum Damage,Acute Otitis Media,0.3898923343616645,2.7099273719128494,"['Acute Otitis Media', 'Tonsillitis', 'Eustachian Tube Dysfunction (Ear Disorder)']"
lower abdominal pain heavy menstrual flow unpredictable menstruation painful menstruation,Uterine Fibroids,Idiopathic Painful Menstruation,0.4412184241692818,1.5033065248154531,"['Idiopathic Painful Menstruation', 'Idiopathic Irregular Menstrual Cycle', 'Uterine Fibroids']"
cough peripheral edema,Sialoadenitis,Allergy,0.10032505868211646,4.603829355979782,"['Allergy', 'Sialoadenitis', 'Liver Disease']"
facial pain jaw swelling gum pain mouth pain pain in gums,Tooth Abscess,Dental Caries,0.4676472288144714,1.3439130216200643,"['Dental Caries', 'Tooth Abscess', 'Tooth Disorder']"
sharp chest pain nausea,Acute Pancreatitis,Pain After An Operation,0.08944445130845598,3.974121196127152,"['Pain After An Operation', 'Heart Attack', 'Hyponatremia']"
depressive or psychotic symptoms feeling ill weakness,Hyperkalemia,Hypoglycemia,0.31565094978565483,2.873895319819086,"['Hypoglycemia', 'Hyperkalemia', 'Obsessive Compulsive Disorder (Ocd)']"
anxiety and nervousness depressive or psychotic symptoms sharp chest pain insomnia abnormal involuntary movements headache,Anxiety,Acute Stress Reaction,0.5602596587218279,0.9577524443626007,"['Acute Stress Reaction', 'Anxiety', 'Panic Disorder']"
diminished vision pain in eye abnormal movement of eyelid spots or clouds in vision,Dry Eye Of Unknown Cause,Diabetic Retinopathy,0.33120436868979364,1.96372944495917,"['Diabetic Retinopathy', 'Cataract', 'Macular Degeneration']"
diminished vision double vision abnormal movement of eyelid itchiness of eye,Cataract,Diabetic Retinopathy,0.3274017103021735,1.7876917939243797,"['Diabetic Retinopathy', 'Macular Degeneration', 'Cataract']"
sharp chest pain nasal congestion coughing up sputum congestion in chest,Chronic Obstructive Pulmonary Disease (Copd),Acute Bronchitis,0.5433454863721763,1.0510925311614698,"['Acute Bronchitis', 'Chronic Obstructive Pulmonary Disease (Copd)', 'Asthma']"
insomnia drug abuse excessive anger delusions or hallucinations,Post-Traumatic Stress Disorder (Ptsd),Personality Disorder,0.22618586407560834,2.2021948937884464,"['Personality Disorder', 'Depression', 'Neurosis']"
back pain neck pain loss of sensation shoulder pain,Brachial Neuritis,Degenerative Disc Disease,0.22507729760550602,2.18162488777262,"['Degenerative Disc Disease', 'Spondylosis', 'Neuralgia']"
nausea burning abdominal pain side pain upper abdominal pain regurgitation 1,Cholecystitis,Gallstone,0.49610060725495847,1.3553576316741562,"['Gallstone', 'Cholecystitis', 'Hiatal Hernia']"
knee pain problems with movement,Fracture Of The Leg,Arthritis Of The Hip,0.37396945186515396,2.88217894070622,"['Arthritis Of The Hip', 'Injury To The Leg', 'Fracture Of The Leg']"
leg pain back pain neck pain paresthesia shoulder pain,Herniated Disk,Spondylosis,0.28411399980808627,1.9113096815345807,"['Spondylosis', 'Degenerative Disc Disease', 'Herniated Disk']"
acne or pimples skin growth skin moles itching of skin warts skin rash,Skin Pigmentation Disorder,Seborrheic Keratosis,0.55081718903768,0.9422326715552672,"['Seborrheic Keratosis', 'Skin Pigmentation Disorder', 'Skin Polyp']"
skin lesion acne or pimples allergic reaction itching of skin skin irritation,Contact Dermatitis,Eczema,0.6254565010018339,1.0209983229787418,"['Eczema', 'Contact Dermatitis', 'Skin Disorder']"
abnormal appearing skin skin growth skin moles itching of skin skin dryness peeling scaliness or roughness,Skin Polyp,Skin Disorder,0.20609218663065138,2.4038925441022236,"['Skin Disorder', 'Skin Polyp', 'Psoriasis']"
dizziness difficulty speaking focal weakness,Stroke,Transient Ischemic Attack,0.40380751368440937,2.552337930254751,"['Transient Ischemic Attack', 'Parkinson Disease', 'Stroke']"
blood in stool sharp abdominal pain headache nausea diarrhea decreased appetite fever chills fluid retention,Noninfectious Gastroenteritis,Infectious Gastroenteritis,0.5621079004186613,0.7151078697488188,"['Infectious Gastroenteritis', 'Noninfectious Gastroenteritis', 'Diabetic Ketoacidosis']"
sharp abdominal pain long menstrual periods painful menstruation,Idiopathic Excessive Menstruation,Idiopathic Irregular Menstrual Cycle,0.367692074186316,1.9024441823176286,"['Idiopathic Irregular Menstrual Cycle', 'Idiopathic Excessive Menstruation', 'Idiopathic Painful Menstruation']"
hip pain back pain low back pain loss of sensation leg weakness,Herniated Disk,Spondylolisthesis,0.46062979189300235,1.5602143122872922,"['Spondylolisthesis', 'Herniated Disk', 'Sciatica']"
depressive or psychotic symptoms hostile behavior excessive anger delusions or hallucinations,Marijuana Abuse,Post-Traumatic Stress Disorder (Ptsd),0.2146504565099117,2.7589196841281587,"['Post-Traumatic Stress Disorder (Ptsd)', 'Personality Disorder', 'Neurosis']"
insomnia excessive anger delusions or hallucinations,Personality Disorder,Adjustment Reaction,0.1892009798155358,3.015147596666038,"['Adjustment Reaction', 'Social Phobia', 'Schizophrenia']"
anxiety and nervousness abusing alcohol excessive anger temper problems,Marijuana Abuse,Bipolar Disorder,0.30634293433745613,2.5948041400670974,"['Bipolar Disorder', 'Psychotic Disorder', 'Drug Abuse (Opioids)']"
white discharge from eye diminished vision pain in eye foreign body sensation in eye lacrimation itchiness of eye,Dry Eye Of Unknown Cause,Corneal Abrasion,0.363159010017625,1.768226568098764,"['Corneal Abrasion', 'Chronic Glaucoma', 'Corneal Disorder']"
skin lesion irregular appearing scalp skin moles itching of skin,Psoriasis,Skin Pigmentation Disorder,0.24552780994317183,2.257294593740058,"['Skin Pigmentation Disorder', 'Seborrheic Keratosis', 'Skin Polyp']"
sore throat diminished hearing ringing in ear plugged feeling in ear redness in ear,Eustachian Tube Dysfunction (Ear Disorder),Otitis Externa (Swimmer'S Ear),0.45931442923967586,1.4447453438981344,"[""Otitis Externa (Swimmer'S Ear)"", 'Eustachian Tube Dysfunction (Ear Disorder)', 'Conductive Hearing Loss']"
sore throat cough nasal congestion ear pain frontal headache,Seasonal Allergies (Hay Fever),Acute Sinusitis,0.4137865054192551,1.603314997143305,"['Acute Sinusitis', 'Seasonal Allergies (Hay Fever)', 'Chronic Sinusitis']"
diminished hearing ear pain plugged feeling in ear,Conductive Hearing Loss,Acute Otitis Media,0.22972681599794784,2.5176717661954444,"['Acute Otitis Media', 'Labyrinthitis', 'Otitis Media']"
frequent urination blood in urine excessive urination at night,Urge Incontinence,Urinary Tract Obstruction,0.3461230192838014,2.0571195860139193,"['Urinary Tract Obstruction', 'Urge Incontinence', 'Benign Prostatic Hyperplasia (Bph)']"
chest tightness palpitations increased heart rate,Angina,Sinus Bradycardia,0.5332995037225432,1.679112319099249,"['Sinus Bradycardia', 'Angina', 'Anxiety']"
abnormal appearing skin skin growth,Skin Polyp,Skin Disorder,0.08191926743934891,3.663380891994811,"['Skin Disorder', 'Seborrheic Keratosis', 'Rosacea']"
blood in stool vomiting burning abdominal pain rectal bleeding,Chronic Constipation,Noninfectious Gastroenteritis,0.43868232426694115,1.7820480742081086,"['Noninfectious Gastroenteritis', 'Chronic Constipation', 'Diverticulosis']"
cough facial pain ear pain fever,Otitis Externa (Swimmer'S Ear),Chronic Sinusitis,0.22559338674989313,2.7857053278057933,"['Chronic Sinusitis', 'Nose Disorder', ""Otitis Externa (Swimmer'S Ear)""]"
leg pain arm pain foot or toe pain ankle pain,Sprain Or Strain,Mononeuritis,0.34311687661760254,1.8340010876354325,"['Mononeuritis', 'Sprain Or Strain', 'Tendinitis']"
diarrhea decreased appetite fever fluid retention,Infectious Gastroenteritis,Noninfectious Gastroenteritis,0.4443026128346504,1.3768239807438487,"['Noninfectious Gastroenteritis', 'Infectious Gastroenteritis', 'Diabetic Ketoacidosis']"
skin growth irregular appearing scalp skin moles warts,Seborrheic Keratosis,Skin Cancer,0.2785920269239882,1.9407938816344097,"['Skin Cancer', 'Skin Pigmentation Disorder', 'Skin Polyp']"
leg pain arm pain back pain neck pain low back pain,Fibromyalgia,Sprain Or Strain,0.16274186603128804,2.573137108581823,"['Sprain Or Strain', 'Herniated Disk', 'Fibromyalgia']"
hand or finger pain arm pain back pain neck pain loss of sensation,Brachial Neuritis,Complex Regional Pain Syndrome,0.4394787567192922,1.8592463780783415,"['Complex Regional Pain Syndrome', 'Brachial Neuritis', 'Carpal Tunnel Syndrome']"
headache diarrhea fever chills,Infectious Gastroenteritis,Flu,0.3109237038737307,2.1580396528093204,"['Flu', 'Noninfectious Gastroenteritis', 'Infectious Gastroenteritis']"
retention of urine suprapubic pain frequent urination blood in urine back pain,Temporary Or Benign Blood In Urine,Urinary Tract Infection,0.2944791852295955,2.0209947401409187,"['Urinary Tract Infection', 'Kidney Stone', 'Cystitis']"
blood in stool nausea lower abdominal pain upper abdominal pain,Diverticulosis,Diverticulitis,0.4361662592493476,1.7029706328672494,"['Diverticulitis', 'Diverticulosis', 'Liver Disease']"
shortness of breath,Sepsis,Fracture Of The Rib,0.07036905789634877,3.8906642294165845,"['Fracture Of The Rib', 'Sepsis', 'Hyponatremia']"
symptoms of eye eye redness,Cornea Infection,Conjunctivitis Due To Allergy,0.21598213614146744,3.0025700286724453,"['Conjunctivitis Due To Allergy', 'Stye', 'Blepharitis']"
sharp abdominal pain intermenstrual bleeding pain during pregnancy pelvic pain problems during pregnancy spotting or bleeding during pregnancy blood clots during menstrual periods,Vaginal Cyst,Spontaneous Abortion,0.5183367858816303,0.9996551939789632,"['Spontaneous Abortion', 'Vaginal Cyst', 'Threatened Pregnancy']"
retention of urine painful urination back pain side pain,Urinary Tract Obstruction,Cystitis,0.19958754806931223,2.535961190236321,"['Cystitis', 'Kidney Stone', 'Urinary Tract Obstruction']"
sharp chest pain sharp abdominal pain vomiting nausea back pain upper abdominal pain,Cholecystitis,Acute Pancreatitis,0.25721979176418547,2.10983955978845,"['Acute Pancreatitis', 'Cholecystitis', 'Gallstone']"
constipation,Hemorrhoids,Diverticulitis,0.30575098197563816,2.980515252018253,"['Diverticulitis', 'Oral Thrush (Yeast Infection)', 'Chronic Constipation']"
anxiety and nervousness insomnia restlessness,Adjustment Reaction,Drug Abuse (Opioids),0.47663588654271705,2.23141999125966,"['Drug Abuse (Opioids)', 'Adjustment Reaction', 'Irritable Bowel Syndrome']"
shortness of breath sore throat wheezing fever,Acute Bronchitis,Interstitial Lung Disease,0.2693590039016067,2.399254719893454,"['Interstitial Lung Disease', 'Acute Bronchitis', 'Acute Bronchospasm']"
shortness of breath sharp chest pain nasal congestion coughing up sputum,Chronic Obstructive Pulmonary Disease (Copd),Acute Bronchitis,0.31633577706186417,1.8371275324835368,"['Acute Bronchitis', 'Chronic Obstructive Pulmonary Disease (Copd)', 'Asthma']"
suprapubic pain vomiting nausea blood in urine,Pyelonephritis,Urinary Tract Infection,0.4898742872300035,1.6623797644594707,"['Urinary Tract Infection', 'Pyelonephritis', 'Kidney Stone']"
sharp abdominal pain intermenstrual bleeding heavy menstrual flow unpredictable menstruation painful menstruation frequent menstruation,Idiopathic Irregular Menstrual Cycle,Idiopathic Excessive Menstruation,0.48046701013408194,0.9548107209217663,"['Idiopathic Excessive Menstruation', 'Idiopathic Irregular Menstrual Cycle', 'Uterine Fibroids']"
leg pain hip pain back pain low back pain ache all over,Neuralgia,Fibromyalgia,0.2553706017618376,2.216634548507337,"['Fibromyalgia', 'Neuralgia', 'Sickle Cell Crisis']"
shortness of breath insomnia difficulty breathing fatigue,Hypertensive Heart Disease,Obstructive Sleep Apnea (Osa),0.5781626567287065,1.6643707683789675,"['Obstructive Sleep Apnea (Osa)', 'Hypertensive Heart Disease', 'Ischemic Heart Disease']"
vomiting nausea burning abdominal pain,Intestinal Obstruction,Esophagitis,0.1377636404229079,3.372614624137868,"['Esophagitis', 'Infectious Gastroenteritis', 'Hyperemesis Gravidarum']"
dizziness abnormal involuntary movements headache disturbance of memory,Stroke,Multiple Sclerosis,0.45354229856636474,2.328465885206249,"['Multiple Sclerosis', 'Stroke', 'Peripheral Nerve Disorder']"
back pain side pain upper abdominal pain,Cholecystitis,Gallstone,0.22063265708477098,2.4883592048066623,"['Gallstone', 'Acute Pancreatitis', 'Cholecystitis']"
shortness of breath sore throat cough nasal congestion wheezing abnormal breathing sounds,Croup,Interstitial Lung Disease,0.5343292050927699,1.1741996559887058,"['Interstitial Lung Disease', 'Croup', 'Pneumonia']"
leg pain hand or finger pain arm pain back pain neck pain low back pain,Complex Regional Pain Syndrome,Sprain Or Strain,0.3922975737333819,1.7519095145626709,"['Sprain Or Strain', 'Complex Regional Pain Syndrome', 'Brachial Neuritis']"
double vision pain in eye lacrimation,Diabetic Retinopathy,Cataract,0.2538725891833317,2.580895904291303,"['Cataract', 'Macular Degeneration', 'Corneal Disorder']"
leg pain hip pain headache arm pain neck pain low back pain loss of sensation,Spinal Stenosis,Neuralgia,0.5607909568448902,1.2905677126821335,"['Neuralgia', 'Spinal Stenosis', 'Muscle Spasm']"
leg pain hip pain arm pain back pain neck pain shoulder pain lower body pain,Degenerative Disc Disease,Spinal Stenosis,0.3211827403811308,1.546678553945751,"['Spinal Stenosis', 'Spondylosis', 'Degenerative Disc Disease']"
sharp abdominal pain heavy menstrual flow unpredictable menstruation painful menstruation,Uterine Fibroids,Idiopathic Painful Menstruation,0.34978623113638757,1.6777107839225636,"['Idiopathic Painful Menstruation', 'Idiopathic Excessive Menstruation', 'Idiopathic Irregular Menstrual Cycle']"
diminished vision symptoms of eye foreign body sensation in eye eye redness lacrimation,Iridocyclitis,Dry Eye Of Unknown Cause,0.15773702313949278,2.341334337491697,"['Dry Eye Of Unknown Cause', 'Chalazion', 'Corneal Abrasion']"
vomiting nausea lower abdominal pain intermenstrual bleeding burning abdominal pain,Ovarian Cyst,Pelvic Inflammatory Disease,0.4841540253221002,1.631216147858245,"['Pelvic Inflammatory Disease', 'Ovarian Cyst', 'Spontaneous Abortion']"
leg pain hip pain back pain neck pain,Spondylosis,Spondylolisthesis,0.1567370096571386,2.748311972995609,"['Spondylolisthesis', 'Fibromyalgia', 'Neuralgia']"
sharp chest pain sharp abdominal pain vomiting back pain burning abdominal pain,Gallstone,Sickle Cell Crisis,0.5743147985497773,1.8352600149469196,"['Sickle Cell Crisis', 'Gallstone', 'Cholecystitis']"
diminished vision symptoms of eye pain in eye foreign body sensation in eye spots or clouds in vision lacrimation itchiness of eye,Diabetic Retinopathy,Cornea Infection,0.17502189533709708,2.2232022429849234,"['Cornea Infection', 'Glaucoma', 'Chronic Glaucoma']"
shortness of breath sharp chest pain dizziness chest tightness decreased heart rate,Sinus Bradycardia,Paroxysmal Ventricular Tachycardia,0.5378770850781086,1.5531318591684449,"['Paroxysmal Ventricular Tachycardia', 'Sinus Bradycardia', 'Hyperkalemia']"
sore throat cough nasal congestion lacrimation itchiness of eye coryza,Seasonal Allergies (Hay Fever),Conjunctivitis,0.4876914648612134,1.2712136031413706,"['Conjunctivitis', 'Seasonal Allergies (Hay Fever)', 'Pneumonia']"
hand or finger pain arm pain knee pain,Tendinitis,Sprain Or Strain,0.5175953328411671,2.2666266660840604,"['Sprain Or Strain', 'Tendinitis', 'Osteoarthritis']"
diminished hearing ear pain plugged feeling in ear redness in ear,Conductive Hearing Loss,Acute Otitis Media,0.33125806680078834,2.0446989384969325,"['Acute Otitis Media', 'Conductive Hearing Loss', ""Otitis Externa (Swimmer'S Ear)""]"
diminished vision double vision pain in eye abnormal movement of eyelid spots or clouds in vision itchiness of eye blindness,Macular Degeneration,Cataract,0.466167442040452,1.0293550252872246,"['Cataract', 'Macular Degeneration', 'Diabetic Retinopathy']"
sharp chest pain chest tightness vomiting,Esophagitis,Acute Bronchospasm,0.33048750490412365,3.151964141939112,"['Acute Bronchospasm', 'Esophagitis', 'Chronic Obstructive Pulmonary Disease (Copd)']"
white discharge from eye diminished vision pain in eye foreign body sensation in eye lacrimation itchiness of eye,Chronic Glaucoma,Corneal Abrasion,0.363159010017625,1.768226568098764,"['Corneal Abrasion', 'Chronic Glaucoma', 'Corneal Disorder']"
sore throat cough ear pain fever painful sinuses,Acute Sinusitis,Nose Disorder,0.30920731660972545,2.099564055555472,"['Nose Disorder', 'Chronic Sinusitis', 'Acute Sinusitis']"
diminished hearing ear pain ringing in ear fluid in ear redness in ear,Ear Drum Damage,Otitis Externa (Swimmer'S Ear),0.334007402350294,1.749652233518047,"[""Otitis Externa (Swimmer'S Ear)"", 'Ear Drum Damage', 'Conductive Hearing Loss']"
abnormal appearing skin skin growth irregular appearing scalp,Skin Cancer,Hemangioma,0.14890601205985968,3.0560190958875397,"['Hemangioma', 'Skin Pigmentation Disorder', 'Skin Disorder']"
foreign body sensation in eye eye redness lacrimation,Corneal Abrasion,Iridocyclitis,0.21254631073261243,2.52115297854404,"['Iridocyclitis', 'Dry Eye Of Unknown Cause', 'Chalazion']"
cough nasal congestion vomiting abnormal appearing skin,Food Allergy,Viral Exanthem,0.33866495759534665,2.8746385596420394,"['Viral Exanthem', 'Food Allergy', 'Croup']"
nausea frequent urination back pain,Urinary Tract Infection,Pyelonephritis,0.31493678238676015,2.8941551930847025,"['Pyelonephritis', 'Urinary Tract Infection', 'Diabetic Ketoacidosis']"
diminished vision symptoms of eye eye moves abnormally,Myopia,Eye Alignment Disorder,0.38546965090121904,2.308888783967874,"['Eye Alignment Disorder', 'Myopia', 'Conjunctivitis Due To Allergy']"
hand or finger pain wrist pain arm pain ankle pain,Mononeuritis,Sprain Or Strain,0.4022365248892912,1.5745536989631135,"['Sprain Or Strain', 'Mononeuritis', 'Tendinitis']"
painful urination lower abdominal pain vaginal discharge back pain pelvic pain,Pelvic Inflammatory Disease,Vulvodynia,0.5308580082202721,1.2425709740742115,"['Vulvodynia', 'Pelvic Inflammatory Disease', 'Vaginitis']"
sharp chest pain nausea,Gallstone,Pain After An Operation,0.08944445130845598,3.974121196127152,"['Pain After An Operation', 'Heart Attack', 'Hyponatremia']"
retention of urine suprapubic pain blood in urine,Cystitis,Urinary Tract Infection,0.4008346571515462,2.269472647394994,"['Urinary Tract Infection', 'Kidney Stone', 'Pelvic Organ Prolapse']"
sharp abdominal pain nausea,Diverticulitis,Pyelonephritis,0.14342955863303145,3.921659665189849,"['Pyelonephritis', 'Irritable Bowel Syndrome', 'Pain After An Operation']"
skin swelling abnormal appearing skin skin lesion acne or pimples irregular appearing scalp skin dryness peeling scaliness or roughness skin irritation warts,Skin Polyp,Eczema,0.4674850671571136,1.3804610812695086,"['Eczema', 'Skin Polyp', 'Skin Disorder']"
vomiting headache nausea weakness,Intracerebral Hemorrhage,Hyperemesis Gravidarum,0.15436856395603876,3.395574003304821,"['Hyperemesis Gravidarum', 'Intracerebral Hemorrhage', 'Benign Paroxysmal Positional Vertical (Bppv)']"
abnormal appearing skin skin lesion skin moles itching of skin skin rash,Contact Dermatitis,Seborrheic Keratosis,0.2656067293347977,2.567746291777901,"['Seborrheic Keratosis', 'Psoriasis', 'Contact Dermatitis']"
suprapubic pain sharp abdominal pain frequent urination lower abdominal pain back pain side pain,Kidney Stone,Pyelonephritis,0.314639159614644,2.082681103181402,"['Pyelonephritis', 'Cystitis', 'Kidney Stone']"
diminished vision lacrimation,Glaucoma,Conjunctivitis Due To Virus,0.1615174001045072,4.2022876668203875,"['Conjunctivitis Due To Virus', 'Cataract', 'Intracerebral Hemorrhage']"
skin swelling abnormal appearing skin acne or pimples skin moles skin irritation,Atrophic Skin Condition,Skin Polyp,0.22567683452603737,2.183629870206425,"['Skin Polyp', 'Skin Disorder', 'Atrophic Skin Condition']"
depression lack of growth,Obsessive Compulsive Disorder (Ocd),Conduct Disorder,0.27372181410030294,3.0852897969924755,"['Conduct Disorder', 'Attention Deficit Hyperactivity Disorder (Adhd)', 'Obsessive Compulsive Disorder (Ocd)']"
abnormal appearing skin skin lesion irregular appearing scalp skin dryness peeling scaliness or roughness too little hair skin rash,Seborrheic Dermatitis,Fungal Infection Of The Skin,0.5080609529681194,1.3950682700366004,"['Fungal Infection Of The Skin', 'Seborrheic Dermatitis', 'Onychomycosis']"
wrist pain wrist swelling ankle pain knee swelling ankle swelling,Joint Effusion,Gout,0.5732650209120482,1.1205886056598624,"['Gout', 'Joint Effusion', 'Fracture Of The Leg']"
hip pain arm pain back pain neck pain ache all over,Fibromyalgia,Spondylosis,0.3583064715000465,1.733977516607729,"['Spondylosis', 'Neuralgia', 'Fibromyalgia']"
foot or toe pain skin on leg or foot looks infected irregular appearing nails skin dryness peeling scaliness or roughness,Ingrown Toe Nail,Onychomycosis,0.4962491373840862,1.044892239939143,"['Onychomycosis', 'Ingrown Toe Nail', 'Paronychia']"
anxiety and nervousness depression hostile behavior obsessions and compulsions,Obsessive Compulsive Disorder (Ocd),Neurosis,0.4354863884764481,2.6209062168496153,"['Neurosis', 'Obsessive Compulsive Disorder (Ocd)', 'Bipolar Disorder']"
anxiety and nervousness abusing alcohol hostile behavior fears and phobias,Marijuana Abuse,Psychotic Disorder,0.4114405262182102,2.073449269565355,"['Psychotic Disorder', 'Marijuana Abuse', 'Drug Abuse']"
sore throat headache wheezing fever,Interstitial Lung Disease,Acute Bronchitis,0.4140223561019642,1.9130374581976293,"['Acute Bronchitis', 'Interstitial Lung Disease', 'Common Cold']"
vomiting burning abdominal pain side pain fever,Appendicitis,Diverticulitis,0.30384740420926293,2.9109063639109296,"['Diverticulitis', 'Appendicitis', 'Gastritis']"
sore throat cough headache facial pain fever painful sinuses,Chronic Sinusitis,Nose Disorder,0.5554112647443317,1.1473490111513844,"['Nose Disorder', 'Chronic Sinusitis', 'Acute Sinusitis']"
lip swelling toothache facial pain mouth ulcer gum pain,Gum Disease,Oral Mucosal Lesion,0.4626114929888785,1.1209566481441677,"['Oral Mucosal Lesion', 'Gum Disease', 'Tooth Abscess']"
sharp chest pain cough wheezing difficulty breathing,Acute Bronchospasm,Pneumonia,0.22488919992420425,2.369405608540516,"['Pneumonia', 'Acute Bronchitis', 'Asthma']"
mouth ulcer ear pain jaw swelling,Tooth Disorder,Gum Disease,0.4770919578365935,1.6056511754743852,"['Gum Disease', 'Tooth Disorder', 'Dental Caries']"
sore throat cough nasal congestion,Interstitial Lung Disease,Strep Throat,0.08899589821439917,3.160474603949832,"['Strep Throat', 'Conjunctivitis', 'Interstitial Lung Disease']"
anxiety and nervousness excessive anger fears and phobias,Marijuana Abuse,Social Phobia,0.1447330182681556,2.9627572717581967,"['Social Phobia', 'Adjustment Reaction', 'Schizophrenia']"
abnormal appearing skin skin lesion foot or toe pain foot or toe swelling,Callus,Pyogenic Skin Infection,0.3969001821704159,2.0846914949083746,"['Pyogenic Skin Infection', 'Callus', 'Diabetic Peripheral Neuropathy']"
skin swelling skin lesion acne or pimples irregular appearing scalp skin dryness peeling scaliness or roughness warts,Skin Polyp,Skin Pigmentation Disorder,0.4066667799178946,1.6581808297581417,"['Skin Pigmentation Disorder', 'Eczema', 'Skin Polyp']"
white discharge from eye diminished vision symptoms of eye pain in eye foreign body sensation in eye spots or clouds in vision eye redness itchiness of eye,Corneal Disorder,Dry Eye Of Unknown Cause,0.42358977498105393,1.6145840979118127,"['Dry Eye Of Unknown Cause', 'Corneal Disorder', 'Chronic Glaucoma']"
suprapubic pain lower abdominal pain side pain,Kidney Stone,Urinary Tract Infection,0.20032518944428554,3.0434692713655913,"['Urinary Tract Infection', 'Cystitis', 'Pyelonephritis']"
sharp chest pain nasal congestion difficulty breathing coryza,Acute Bronchospasm,Pneumonia,0.27877524990296226,2.086755938234292,"['Pneumonia', 'Acute Bronchospasm', 'Acute Bronchitis']"
leg pain back pain problems with movement paresthesia,Complex Regional Pain Syndrome,Peripheral Nerve Disorder,0.2632947653733641,2.1972137372613694,"['Peripheral Nerve Disorder', 'Spinal Stenosis', 'Spondylolisthesis']"
abnormal appearing skin skin lesion irregular appearing scalp skin moles itching of skin skin irritation,Seborrheic Keratosis,Skin Disorder,0.3360188876285706,1.8934667941537118,"['Skin Disorder', 'Seborrheic Keratosis', 'Skin Polyp']"
anxiety and nervousness depression depressive or psychotic symptoms insomnia excessive anger delusions or hallucinations,Post-Traumatic Stress Disorder (Ptsd),Bipolar Disorder,0.14718349127117375,2.589618597478526,"['Bipolar Disorder', 'Psychotic Disorder', 'Schizophrenia']"
shortness of breath cough vomiting wheezing fever coryza pulling at ears,Croup,Acute Bronchiolitis,0.5279581706706342,1.086228179996839,"['Acute Bronchiolitis', 'Croup', 'Acute Bronchospasm']"
skin swelling abnormal appearing skin skin growth irregular appearing scalp skin moles skin dryness peeling scaliness or roughness,Psoriasis,Skin Pigmentation Disorder,0.1462719274643227,2.438180808419696,"['Skin Pigmentation Disorder', 'Skin Polyp', 'Skin Cancer']"
diminished vision pain in eye foreign body sensation in eye spots or clouds in vision,Dry Eye Of Unknown Cause,Glaucoma,0.14025359285178915,2.4643917231597885,"['Glaucoma', 'Chronic Glaucoma', 'Cornea Infection']"
diminished vision symptoms of eye pain in eye lacrimation eye burns or stings swollen eye,Blepharitis,Conjunctivitis Due To Allergy,0.3385335842932715,1.6121143169217198,"['Conjunctivitis Due To Allergy', 'Cornea Infection', 'Blepharitis']"
wrist pain knee pain foot or toe pain shoulder pain,Tendinitis,Sprain Or Strain,0.6531998536877109,1.1101536228343454,"['Sprain Or Strain', 'Tendinitis', 'Gout']"
skin swelling acne or pimples allergic reaction,Contact Dermatitis,Eczema,0.3235518351577228,2.7645551282840213,"['Eczema', 'Contact Dermatitis', 'Envenomation From Spider Or Animal Bite']"
shortness of breath sore throat headache wheezing,Interstitial Lung Disease,Acute Bronchitis,0.5017835149623256,1.4917093723247303,"['Acute Bronchitis', 'Interstitial Lung Disease', 'Common Cold']"
skin swelling acne or pimples skin growth irregular appearing scalp skin dryness peeling scaliness or roughness skin rash,Acne,Fungal Infection Of The Hair,0.2569233865765816,2.230964443417415,"['Fungal Infection Of The Hair', 'Skin Pigmentation Disorder', 'Acne']"
leg pain back pain low back pain lower body pain,Ankylosing Spondylitis,Spondylitis,0.22048666282107796,2.616851928912773,"['Spondylitis', 'Chronic Back Pain', 'Degenerative Disc Disease']"
white discharge from eye pain in eye lacrimation itchiness of eye swollen eye,Conjunctivitis Due To Virus,Conjunctivitis,0.30323317932096483,1.9034208212312467,"['Conjunctivitis', 'Conjunctivitis Due To Virus', 'Blepharitis']"
leg pain hip pain low back pain stiffness all over,Ankylosing Spondylitis,Spondylitis,0.5674315245591147,1.8417950684919129,"['Spondylitis', 'Ankylosing Spondylitis', 'Chronic Back Pain']"
sharp chest pain cough nausea,Gastroesophageal Reflux Disease (Gerd),Esophagitis,0.21904081864194433,3.9140919708821067,"['Esophagitis', 'Gastroesophageal Reflux Disease (Gerd)', 'Pneumonia']"
insomnia delusions or hallucinations temper problems fears and phobias,Bipolar Disorder,Personality Disorder,0.2502588412106377,1.94372858042584,"['Personality Disorder', 'Schizophrenia', 'Psychotic Disorder']"
anxiety and nervousness depression hostile behavior restlessness,Attention Deficit Hyperactivity Disorder (Adhd),Adjustment Reaction,0.3438804049509944,2.55808130977609,"['Adjustment Reaction', 'Attention Deficit Hyperactivity Disorder (Adhd)', 'Alcohol Abuse']"
skin swelling abnormal appearing skin skin growth itching of skin skin dryness peeling scaliness or roughness itchy scalp skin rash,Fungal Infection Of The Hair,Psoriasis,0.4532964103526232,1.507915318244939,"['Psoriasis', 'Fungal Infection Of The Hair', 'Fungal Infection Of The Skin']"
sharp abdominal pain vaginal itching painful urination lower abdominal pain vaginal discharge vaginal pain vaginal redness,Vaginitis,Vaginal Yeast Infection,0.5601935035186397,1.088795721153242,"['Vaginal Yeast Infection', 'Vaginitis', 'Benign Vaginal Discharge (Leukorrhea)']"
pain in eye itchiness of eye eye burns or stings eyelid swelling,Stye,Blepharitis,0.6199743707105134,1.1551931139477916,"['Blepharitis', 'Stye', 'Chronic Glaucoma']"
suprapubic pain painful urination blood in urine back pain symptoms of bladder,Temporary Or Benign Blood In Urine,Cystitis,0.5216168820795176,1.3873169657817557,"['Cystitis', 'Temporary Or Benign Blood In Urine', 'Urinary Tract Obstruction']"
shortness of breath sharp chest pain cough vomiting wheezing difficulty breathing,Pneumonia,Acute Bronchospasm,0.644040765174874,1.2054044921465117,"['Acute Bronchospasm', 'Pneumonia', 'Asthma']"
skin swelling skin lesion acne or pimples skin moles skin dryness peeling scaliness or roughness,Rosacea,Contact Dermatitis,0.18312663030483164,2.401995970513748,"['Contact Dermatitis', 'Skin Polyp', 'Skin Pigmentation Disorder']"
skin swelling skin growth itching of skin skin dryness peeling scaliness or roughness,Psoriasis,Actinic Keratosis,0.1379966809441536,2.758013675631796,"['Actinic Keratosis', 'Skin Polyp', 'Fungal Infection Of The Hair']"
back pain problems with movement loss of sensation paresthesia,Spondylolisthesis,Spinal Stenosis,0.39762286100286204,1.9691522976578466,"['Spinal Stenosis', 'Complex Regional Pain Syndrome', 'Peripheral Nerve Disorder']"
diminished vision foreign body sensation in eye lacrimation itchiness of eye,Dry Eye Of Unknown Cause,Corneal Abrasion,0.13228141104322713,2.7102894544479135,"['Corneal Abrasion', 'Cornea Infection', 'Macular Degeneration']"
sore throat cough facial pain fever,Nose Disorder,Oral Mucosal Lesion,0.21501478011292657,2.7396961473269847,"['Oral Mucosal Lesion', 'Acute Sinusitis', 'Nose Disorder']"
leg pain back pain neck pain shoulder pain,Herniated Disk,Sprain Or Strain,0.25820888692541905,2.5407233936142233,"['Sprain Or Strain', 'Spondylosis', 'Degenerative Disc Disease']"
ear pain fever redness in ear,Teething Syndrome,Otitis Externa (Swimmer'S Ear),0.2338497528617593,2.654212636658688,"[""Otitis Externa (Swimmer'S Ear)"", 'Chronic Otitis Media', 'Acute Otitis Media']"
skin swelling abnormal appearing skin skin moles,Skin Disorder,Contact Dermatitis,0.09149011679740468,3.3382819266548553,"['Contact Dermatitis', 'Skin Polyp', 'Viral Warts']"
sharp abdominal pain vaginal itching vaginal discharge pelvic pain vaginal pain,Yeast Infection,Vaginitis,0.4429316372521885,1.7349407289125613,"['Vaginitis', 'Yeast Infection', 'Idiopathic Painful Menstruation']"
shortness of breath sharp chest pain nasal congestion fever coryza,Chronic Obstructive Pulmonary Disease (Copd),Pneumonia,0.2853593655563709,2.287935391577396,"['Pneumonia', 'Chronic Obstructive Pulmonary Disease (Copd)', 'Asthma']"
double vision pain in eye spots or clouds in vision,Cataract,Corneal Disorder,0.24205062175327663,2.3456254252955935,"['Corneal Disorder', 'Macular Degeneration', 'Cataract']"
white discharge from eye diminished vision pain in eye lacrimation itchiness of eye,Dry Eye Of Unknown Cause,Conjunctivitis Due To Virus,0.3317468940579739,1.887096509901422,"['Conjunctivitis Due To Virus', 'Corneal Abrasion', 'Chronic Glaucoma']"
sharp abdominal pain painful urination frequent urination lower abdominal pain blood in urine,Kidney Stone,Pyelonephritis,0.21478217631517976,2.144370145505283,"['Pyelonephritis', 'Bladder Disorder', 'Prostatitis']"
anxiety and nervousness insomnia delusions or hallucinations temper problems fears and phobias,Psychotic Disorder,Schizophrenia,0.2863359029849265,1.8303542025750077,"['Schizophrenia', 'Psychotic Disorder', 'Bipolar Disorder']"
anxiety and nervousness depression excessive anger temper problems fears and phobias,Marijuana Abuse,Personality Disorder,0.2242790762013105,2.1752980635689205,"['Personality Disorder', 'Schizophrenia', 'Bipolar Disorder']"
shortness of breath dizziness chest tightness irregular heartbeat weakness,Heart Block,Sinus Bradycardia,0.4486309803658973,2.0610997060270533,"['Sinus Bradycardia', 'Heart Block', 'Mitral Valve Disease']"
diminished vision double vision symptoms of eye pain in eye abnormal movement of eyelid spots or clouds in vision lacrimation itchiness of eye blindness,Cataract,Macular Degeneration,0.48935826276478533,1.041683786042604,"['Macular Degeneration', 'Cataract', 'Diabetic Retinopathy']"
suprapubic pain frequent urination blood in urine,Urethritis,Urinary Tract Infection,0.19699303899899323,2.6987220173574147,"['Urinary Tract Infection', 'Urinary Tract Obstruction', 'Cystitis']"
suprapubic pain painful urination side pain,Pyelonephritis,Urinary Tract Obstruction,0.25762222141714813,2.827334320622797,"['Urinary Tract Obstruction', 'Urinary Tract Infection', 'Cystitis']"
intermenstrual bleeding cramps and spasms blood clots during menstrual periods,Spontaneous Abortion,Idiopathic Excessive Menstruation,0.44733584708968915,1.9474504981482281,"['Idiopathic Excessive Menstruation', 'Threatened Pregnancy', 'Spontaneous Abortion']"
hip pain back pain low back pain knee pain,Chronic Pain Disorder,Spondylosis,0.26140228899635015,2.381064392553209,"['Spondylosis', 'Sickle Cell Crisis', 'Arthritis Of The Hip']"
hip pain back pain loss of sensation paresthesia leg weakness,Herniated Disk,Spondylolisthesis,0.44169560108504236,1.2991130629612286,"['Spondylolisthesis', 'Herniated Disk', 'Peripheral Nerve Disorder']"
lower abdominal pain pelvic pain problems during pregnancy cramps and spasms uterine contractions,Spontaneous Abortion,Threatened Pregnancy,0.6954948688399488,0.8206498759583587,"['Threatened Pregnancy', 'Spontaneous Abortion', 'Problem During Pregnancy']"
retention of urine suprapubic pain painful urination frequent urination lower abdominal pain blood in urine symptoms of bladder,Cystitis,Bladder Disorder,0.4163504582292217,1.4706514414334655,"['Bladder Disorder', 'Temporary Or Benign Blood In Urine', 'Cystitis']"
problems during pregnancy spotting or bleeding during pregnancy cramps and spasms blood clots during menstrual periods,Threatened Pregnancy,Vaginal Cyst,0.37330147896356736,1.317671182036474,"['Vaginal Cyst', 'Threatened Pregnancy', 'Spontaneous Abortion']"
skin swelling acne or pimples skin moles,Rosacea,Skin Polyp,0.16152976798479124,2.8857273648659554,"['Skin Polyp', 'Atrophic Skin Condition', 'Contact Dermatitis']"
skin swelling abnormal appearing skin skin lesion acne or pimples skin growth skin moles,Skin Polyp,Atrophic Skin Condition,0.1525497177025832,2.5850011147920275,"['Atrophic Skin Condition', 'Skin Polyp', 'Rosacea']"
sore throat coughing up sputum coryza,Chronic Obstructive Pulmonary Disease (Copd),Acute Sinusitis,0.36695474078958584,2.371061568817044,"['Acute Sinusitis', 'Chronic Obstructive Pulmonary Disease (Copd)', 'Acute Bronchitis']"
diminished vision double vision foreign body sensation in eye spots or clouds in vision itchiness of eye,Macular Degeneration,Corneal Disorder,0.28510304273019826,1.8490340274153014,"['Corneal Disorder', 'Macular Degeneration', 'Diabetic Retinopathy']"
vomiting lower abdominal pain,Appendicitis,Chronic Constipation,0.10374723636896865,3.4909850028775087,"['Chronic Constipation', 'Appendicitis', 'Ovarian Cyst']"
skin swelling skin lesion skin growth skin dryness peeling scaliness or roughness,Skin Cancer,Psoriasis,0.12669965061828553,2.9379334142473565,"['Psoriasis', 'Rosacea', 'Skin Polyp']"
skin swelling abnormal appearing skin itching of skin,Impetigo,Viral Exanthem,0.100477187564789,3.593196459971298,"['Viral Exanthem', 'Insect Bite', 'Envenomation From Spider Or Animal Bite']"
skin swelling abnormal appearing skin irregular appearing scalp itching of skin skin dryness peeling scaliness or roughness skin rash,Skin Pigmentation Disorder,Psoriasis,0.18856405237189722,2.6143175273949986,"['Psoriasis', 'Eczema', 'Fungal Infection Of The Hair']"
frequent urination side pain,Cystitis,Urinary Tract Obstruction,0.14437962608441918,3.4601225079500675,"['Urinary Tract Obstruction', 'Cystitis', 'Pyelonephritis']"
dizziness chest tightness increased heart rate,Paroxysmal Ventricular Tachycardia,Sinus Bradycardia,0.3801559830362877,2.2258837114221737,"['Sinus Bradycardia', 'Paroxysmal Ventricular Tachycardia', 'Angina']"
sore throat cough diminished hearing ear pain fluid in ear fever,Otitis Media,Acute Otitis Media,0.47514506306713705,1.3986069802924175,"['Acute Otitis Media', 'Otitis Media', ""Otitis Externa (Swimmer'S Ear)""]"
neck pain loss of sensation lower body pain,Chronic Back Pain,Spinal Stenosis,0.28501995818329967,2.274104997826977,"['Spinal Stenosis', 'Degenerative Disc Disease', 'Spondylosis']"
suprapubic pain sharp abdominal pain vomiting nausea back pain,Pelvic Inflammatory Disease,Pyelonephritis,0.41442990563394305,2.4184266995749435,"['Pyelonephritis', 'Pelvic Inflammatory Disease', 'Pain After An Operation']"
suprapubic pain painful urination frequent urination,Temporary Or Benign Blood In Urine,Urinary Tract Infection,0.17260179228451603,2.739012707224769,"['Urinary Tract Infection', 'Urinary Tract Obstruction', 'Temporary Or Benign Blood In Urine']"
suprapubic pain sharp abdominal pain painful urination frequent urination back pain side pain,Kidney Stone,Cystitis,0.26264635464146724,2.0462390282615486,"['Cystitis', 'Pyelonephritis', 'Urinary Tract Obstruction']"
wrist pain knee pain foot or toe pain ankle pain shoulder pain,Tendinitis,Sprain Or Strain,0.6297338613610283,0.9554850025031585,"['Sprain Or Strain', 'Tendinitis', 'Gout']"
shortness of breath dizziness chest tightness weight gain,Paroxysmal Ventricular Tachycardia,Heart Block,0.42403585957610207,1.9011378653319724,"['Heart Block', 'Paroxysmal Ventricular Tachycardia', 'Heart Failure']"
hostile behavior temper problems,Obsessive Compulsive Disorder (Ocd),Post-Traumatic Stress Disorder (Ptsd),0.14875314976846113,3.561248442903752,"['Post-Traumatic Stress Disorder (Ptsd)', 'Conduct Disorder', 'Developmental Disability']"
hip pain headache shoulder pain,Spinal Stenosis,Neuralgia,0.3062905628381268,2.944205163036262,"['Neuralgia', 'Spinal Stenosis', 'Chronic Pain Disorder']"
shortness of breath increased heart rate sweating,Angina,Mitral Valve Disease,0.22255367101330634,3.0140351051940018,"['Mitral Valve Disease', 'Heart Attack', 'Angina']"
retention of urine painful urination involuntary urination frequent urination blood in urine back pain symptoms of bladder,Temporary Or Benign Blood In Urine,Cystitis,0.5324515368729101,1.2649045621761568,"['Cystitis', 'Temporary Or Benign Blood In Urine', 'Bladder Disorder']"
sharp chest pain vomiting heartburn,Indigestion,Esophagitis,0.24828071928747017,3.414915954572261,"['Esophagitis', 'Gallstone', 'Gastroduodenal Ulcer']"
cough wheezing fever difficulty breathing,Acute Bronchiolitis,Asthma,0.22038841055179714,2.353752978196773,"['Asthma', 'Acute Bronchiolitis', 'Acute Bronchitis']"
skin swelling abnormal appearing skin skin lesion acne or pimples skin growth skin moles itching of skin skin dryness peeling scaliness or roughness skin irritation,Skin Polyp,Skin Disorder,0.42985955887180916,1.7511541072560313,"['Skin Disorder', 'Skin Polyp', 'Contact Dermatitis']"
hip pain back pain loss of sensation,Spondylosis,Neuralgia,0.2290370160406419,2.795228495348447,"['Neuralgia', 'Chronic Back Pain', 'Spondylolisthesis']"
hip pain back pain neck pain low back pain,Spondylolisthesis,Chronic Back Pain,0.1380078371157809,2.6819567531258977,"['Chronic Back Pain', 'Spondylitis', 'Fibromyalgia']"
skin swelling abnormal appearing skin irregular appearing scalp skin moles skin rash,Dermatitis Due To Sun Exposure,Acne,0.20228604090728514,2.7020242997010406,"['Acne', 'Psoriasis', 'Skin Pigmentation Disorder']"
anxiety and nervousness depression insomnia,Schizophrenia,Adjustment Reaction,0.10999674176927546,3.2641522721774754,"['Adjustment Reaction', 'Acute Stress Reaction', 'Psychotic Disorder']"
sharp chest pain chest tightness cough nasal congestion coryza,Acute Bronchospasm,Chronic Obstructive Pulmonary Disease (Copd),0.43947986704894015,2.034420200630908,"['Chronic Obstructive Pulmonary Disease (Copd)', 'Acute Bronchospasm', 'Asthma']"
abnormal appearing skin acne or pimples skin growth skin moles itching of skin skin dryness peeling scaliness or roughness,Skin Polyp,Skin Disorder,0.23663434900281718,2.0931098728528776,"['Skin Disorder', 'Skin Polyp', 'Rosacea']"
blood in stool sharp abdominal pain headache burning abdominal pain fever fluid retention,Infectious Gastroenteritis,Noninfectious Gastroenteritis,0.5265911916970082,0.9837879481604281,"['Noninfectious Gastroenteritis', 'Infectious Gastroenteritis', 'Gastritis']"
skin swelling abnormal appearing skin skin moles skin dryness peeling scaliness or roughness,Actinic Keratosis,Skin Polyp,0.13370943097074836,2.884225731408273,"['Skin Polyp', 'Contact Dermatitis', 'Rosacea']"
abnormal appearing skin acne or pimples skin growth skin irritation,Fungal Infection Of The Hair,Skin Disorder,0.2572513645915338,2.1693713235235372,"['Skin Disorder', 'Atrophic Skin Condition', 'Seborrheic Keratosis']"
abnormal appearing skin irregular appearing scalp,Skin Pigmentation Disorder,Hemangioma,0.1740472071255892,3.8564403603477757,"['Hemangioma', 'Acne', 'Skin Cancer']"
leg pain hip pain neck pain low back pain paresthesia shoulder pain lower body pain,Degenerative Disc Disease,Spondylosis,0.3379646355374169,1.3482430749338066,"['Spondylosis', 'Degenerative Disc Disease', 'Spinal Stenosis']"
depressive or psychotic symptoms insomnia abusing alcohol excessive anger delusions or hallucinations temper problems,Drug Abuse (Opioids),Bipolar Disorder,0.3174085060911367,1.891032206177024,"['Bipolar Disorder', 'Psychotic Disorder', 'Post-Traumatic Stress Disorder (Ptsd)']"
diminished vision spots or clouds in vision eye redness,Cornea Infection,Blepharitis,0.19235087673875165,2.8648206399601612,"['Blepharitis', 'Glaucoma', 'Corneal Disorder']"
skin swelling abnormal appearing skin skin lesion acne or pimples skin growth irregular appearing scalp itching of skin skin dryness peeling scaliness or roughness,Skin Polyp,Skin Disorder,0.219922181059039,2.1883723374047253,"['Skin Disorder', 'Skin Pigmentation Disorder', 'Skin Polyp']"
hip pain back pain lower body pain,Arthritis Of The Hip,Chronic Back Pain,0.15346693449599286,2.8074916461072843,"['Chronic Back Pain', 'Spondylitis', 'Degenerative Disc Disease']"
depression depressive or psychotic symptoms insomnia,Drug Abuse (Opioids),Panic Disorder,0.12417789814595381,3.293271921877495,"['Panic Disorder', 'Acute Stress Reaction', 'Eating Disorder']"
hand or finger pain wrist pain wrist swelling,Rheumatoid Arthritis,Carpal Tunnel Syndrome,0.28834084282263,2.21601022814398,"['Carpal Tunnel Syndrome', 'Rheumatoid Arthritis', 'Injury To The Arm']"
depressive or psychotic symptoms insomnia temper problems low self esteem,Schizophrenia,Personality Disorder,0.4584927946996677,1.7166709662524733,"['Personality Disorder', 'Schizophrenia', 'Oppositional Disorder']"
diminished vision double vision foreign body sensation in eye eye redness lacrimation,Dry Eye Of Unknown Cause,Corneal Disorder,0.46062308320521417,1.5727109542229838,"['Corneal Disorder', 'Dry Eye Of Unknown Cause', 'Chalazion']"
anxiety and nervousness depressive or psychotic symptoms hostile behavior smoking problems,Drug Abuse,Neurosis,0.2984629820284733,2.0769238156598835,"['Neurosis', 'Alcohol Abuse', 'Drug Abuse']"
sore throat cough nasal congestion coughing up sputum,Chronic Obstructive Pulmonary Disease (Copd),Acute Sinusitis,0.3121681352431741,2.150637750145238,"['Acute Sinusitis', 'Acute Bronchitis', 'Chronic Obstructive Pulmonary Disease (Copd)']"
depression delusions or hallucinations temper problems,Marijuana Abuse,Depression,0.153933407783607,3.4160783837166413,"['Depression', 'Post-Traumatic Stress Disorder (Ptsd)', 'Drug Abuse (Opioids)']"
leg pain headache arm pain neck pain shoulder pain,Spinal Stenosis,Neuralgia,0.3671009344618692,1.5115020374107506,"['Neuralgia', 'Spinal Stenosis', 'Sprain Or Strain']"
shortness of breath sore throat nasal congestion fever,Croup,Interstitial Lung Disease,0.2392931928443396,2.5825564046052203,"['Interstitial Lung Disease', 'Pneumonia', 'Croup']"
shortness of breath sharp chest pain cough wheezing coughing up sputum coryza congestion in chest,Acute Bronchitis,Chronic Obstructive Pulmonary Disease (Copd),0.6302849970405148,0.7878047464657714,"['Chronic Obstructive Pulmonary Disease (Copd)', 'Acute Bronchitis', 'Asthma']"
shortness of breath cough fever coughing up sputum,Acute Bronchitis,Asthma,0.39528653408071435,2.1388448169989145,"['Asthma', 'Chronic Obstructive Pulmonary Disease (Copd)', 'Acute Bronchitis']"
blood in stool vomiting headache nausea burning abdominal pain decreased appetite fever fluid retention,Infectious Gastroenteritis,Noninfectious Gastroenteritis,0.5564051247404556,0.737700976313113,"['Noninfectious Gastroenteritis', 'Infectious Gastroenteritis', 'Appendicitis']"
skin lesion acne or pimples skin growth skin irritation,Skin Polyp,Atrophic Skin Condition,0.28045993824930254,2.073245595525769,"['Atrophic Skin Condition', 'Skin Disorder', 'Fungal Infection Of The Hair']"
cough nasal congestion itchiness of eye,Conjunctivitis Due To Virus,Seasonal Allergies (Hay Fever),0.1754330223093412,3.7841035481705116,"['Seasonal Allergies (Hay Fever)', 'Conjunctivitis Due To Virus', 'Conjunctivitis']"
skin growth foot or toe pain,Onychomycosis,Callus,0.457336385006526,2.528269538307337,"['Callus', 'Onychomycosis', 'Ingrown Toe Nail']"
sharp chest pain difficulty in swallowing regurgitation regurgitation 1,Gastroesophageal Reflux Disease (Gerd),Hiatal Hernia,0.5454868920610324,1.775153530638045,"['Hiatal Hernia', 'Gastroesophageal Reflux Disease (Gerd)', 'Temporary Or Benign Blood In Urine']"
double vision spots or clouds in vision blindness,Cataract,Macular Degeneration,0.4365039653798764,1.8254490785910051,"['Macular Degeneration', 'Cataract', 'Corneal Disorder']"
pain in eye swollen eye,Stye,Conjunctivitis Due To Allergy,0.13400655768925593,2.763760710816772,"['Conjunctivitis Due To Allergy', 'Conjunctivitis', 'Blepharitis']"
anxiety and nervousness depression depressive or psychotic symptoms delusions or hallucinations fears and phobias,Schizophrenia,Bipolar Disorder,0.15367760778721992,2.633547845744883,"['Bipolar Disorder', 'Personality Disorder', 'Marijuana Abuse']"
shortness of breath sharp chest pain fever difficulty breathing coryza,Asthma,Acute Bronchospasm,0.25103895760542544,2.179805913060769,"['Acute Bronchospasm', 'Pneumonia', 'Acute Bronchitis']"
sharp abdominal pain vaginal discharge blood clots during menstrual periods long menstrual periods,Idiopathic Excessive Menstruation,Idiopathic Painful Menstruation,0.5109886640135376,1.471679976787418,"['Idiopathic Painful Menstruation', 'Idiopathic Excessive Menstruation', 'Threatened Pregnancy']"
arm pain elbow pain shoulder pain hand or finger weakness,Mononeuritis,Brachial Neuritis,0.662856512396713,0.8265889757641661,"['Brachial Neuritis', 'Mononeuritis', 'Carpal Tunnel Syndrome']"
sharp chest pain sharp abdominal pain nausea regurgitation 1,Cholecystitis,Gastritis,0.20525726940632663,3.176960085208347,"['Gastritis', 'Gastroesophageal Reflux Disease (Gerd)', 'Hiatal Hernia']"
shortness of breath sharp chest pain,Fracture Of The Rib,Hypokalemia,0.104959772440425,3.455343508180734,"['Hypokalemia', 'Hyponatremia', 'Chronic Obstructive Pulmonary Disease (Copd)']"
skin swelling abnormal appearing skin skin lesion allergic reaction itching of skin skin dryness peeling scaliness or roughness skin irritation skin rash,Contact Dermatitis,Eczema,0.4747765175680721,1.3190000105383044,"['Eczema', 'Contact Dermatitis', 'Actinic Keratosis']"
cough headache,Acute Bronchitis,Chronic Sinusitis,0.1502805990065672,3.6135607953300433,"['Chronic Sinusitis', 'Flu', 'Seasonal Allergies (Hay Fever)']"
retention of urine pain in testicles involuntary urination impotence,Benign Prostatic Hyperplasia (Bph),Erectile Dysfunction,0.5202317611488312,1.553942157383919,"['Erectile Dysfunction', 'Benign Prostatic Hyperplasia (Bph)', 'Prostatitis']"
skin swelling skin lesion skin moles itching of skin skin irritation warts,Seborrheic Keratosis,Skin Polyp,0.49892972662058255,1.2487221229525256,"['Skin Polyp', 'Seborrheic Keratosis', 'Contact Dermatitis']"
hip pain back pain low back pain ache all over,Fibromyalgia,Neuralgia,0.21873132642611992,2.3206464542368694,"['Neuralgia', 'Fibromyalgia', 'Sickle Cell Crisis']"
skin lesion acne or pimples skin growth irregular appearing scalp,Sebaceous Cyst,Skin Pigmentation Disorder,0.1997103546856368,2.498041362304644,"['Skin Pigmentation Disorder', 'Seborrheic Dermatitis', 'Seborrheic Keratosis']"
shortness of breath fever difficulty breathing,Acute Respiratory Distress Syndrome (Ards),Sepsis,0.1662084607275924,3.204748967815045,"['Sepsis', 'Pneumonia', 'Acute Bronchiolitis']"
sore throat headache ear pain sinus congestion,Chronic Sinusitis,Nose Disorder,0.40758559765597485,1.8718213975443483,"['Nose Disorder', 'Chronic Sinusitis', 'Acute Sinusitis']"
difficulty in swallowing sharp abdominal pain regurgitation regurgitation 1,Gastroesophageal Reflux Disease (Gerd),Hiatal Hernia,0.6360107948019998,1.1181723122538092,"['Hiatal Hernia', 'Gastroesophageal Reflux Disease (Gerd)', 'Temporary Or Benign Blood In Urine']"
leg pain abnormal appearing skin skin lesion peripheral edema leg swelling foot or toe swelling,Lymphedema,Pyogenic Skin Infection,0.675884236793458,0.8450787678786845,"['Pyogenic Skin Infection', 'Lymphedema', 'Insect Bite']"
white discharge from eye diminished vision pain in eye foreign body sensation in eye lacrimation,Chronic Glaucoma,Corneal Abrasion,0.31653970043977714,1.9137535082434602,"['Corneal Abrasion', 'Chronic Glaucoma', 'Corneal Disorder']"
nasal congestion headache fever difficulty breathing coryza,Acute Bronchitis,Nose Disorder,0.4734967264073169,1.180005014847173,"['Nose Disorder', 'Acute Bronchitis', 'Acute Bronchiolitis']"
headache diarrhea burning abdominal pain,Gastritis,Noninfectious Gastroenteritis,0.25326246830135885,2.4126125908386946,"['Noninfectious Gastroenteritis', 'Gastritis', 'Infectious Gastroenteritis']"
diminished vision symptoms of eye pain in eye,Chalazion,Conjunctivitis Due To Allergy,0.11548780793612785,3.3422846319896427,"['Conjunctivitis Due To Allergy', 'Chalazion', 'Eye Alignment Disorder']"
hip pain back pain neck pain low back pain,Degenerative Disc Disease,Chronic Back Pain,0.1380078371157809,2.6819567531258977,"['Chronic Back Pain', 'Spondylitis', 'Fibromyalgia']"
anxiety and nervousness depressive or psychotic symptoms abusing alcohol hostile behavior drug abuse excessive anger temper problems,Depression,Post-Traumatic Stress Disorder (Ptsd),0.3866957312968349,1.4500550213640107,"['Post-Traumatic Stress Disorder (Ptsd)', 'Marijuana Abuse', 'Depression']"
nasal congestion pain in eye eye redness lacrimation,Conjunctivitis,Conjunctivitis Due To Allergy,0.36053740280860996,2.0032021160488087,"['Conjunctivitis Due To Allergy', 'Conjunctivitis Due To Virus', 'Conjunctivitis']"
vomiting nausea diarrhea burning abdominal pain fever,Infectious Gastroenteritis,Gastritis,0.2669602311998072,2.109550372578,"['Gastritis', 'Diverticulitis', 'Appendicitis']"
skin swelling abnormal appearing skin skin lesion irregular appearing scalp skin dryness peeling scaliness or roughness skin rash,Skin Pigmentation Disorder,Eczema,0.1712689777938097,2.704359105999464,"['Eczema', 'Psoriasis', 'Actinic Keratosis']"
skin swelling skin rash,Dermatitis Due To Sun Exposure,Viral Exanthem,0.11170151827092518,3.414444691108711,"['Viral Exanthem', 'Insect Bite', 'Pyogenic Skin Infection']"
anxiety and nervousness depression depressive or psychotic symptoms abusing alcohol hostile behavior drug abuse,Marijuana Abuse,Post-Traumatic Stress Disorder (Ptsd),0.2621184433606513,1.9873118750725316,"['Post-Traumatic Stress Disorder (Ptsd)', 'Depression', 'Marijuana Abuse']"
sharp chest pain sore throat nasal congestion wheezing fever difficulty breathing,Acute Bronchitis,Pneumonia,0.3975540349017396,1.3835038282217855,"['Pneumonia', 'Acute Bronchitis', 'Acute Bronchospasm']"
skin swelling acne or pimples skin moles skin dryness peeling scaliness or roughness skin rash,Acne,Contact Dermatitis,0.30803203223913445,2.365738487036521,"['Contact Dermatitis', 'Acne', 'Skin Pigmentation Disorder']"
skin swelling fluid retention itching of skin skin rash,Allergy,Insect Bite,0.3432823383615904,2.256794378792265,"['Insect Bite', 'Allergy', 'Itching Of Unknown Cause']"
shortness of breath cough nasal congestion headache,Acute Bronchitis,Interstitial Lung Disease,0.34485845141389343,2.493518114200472,"['Interstitial Lung Disease', 'Acute Bronchitis', 'Acute Bronchiolitis']"
sharp abdominal pain painful urination lower abdominal pain symptoms of bladder,Bladder Disorder,Temporary Or Benign Blood In Urine,0.3802075635885657,1.793742050408456,"['Temporary Or Benign Blood In Urine', 'Bladder Disorder', 'Cystitis']"
leg pain hip pain low back pain loss of sensation shoulder pain,Degenerative Disc Disease,Neuralgia,0.30781121131483447,1.9654191540030879,"['Neuralgia', 'Spondylosis', 'Degenerative Disc Disease']"
suprapubic pain vomiting painful urination lower abdominal pain side pain,Pyelonephritis,Urinary Tract Infection,0.3558246986297986,1.5310030110031891,"['Urinary Tract Infection', 'Kidney Stone', 'Pelvic Inflammatory Disease']"
skin swelling abnormal appearing skin skin lesion skin growth irregular appearing scalp skin irritation,Skin Polyp,Skin Disorder,0.2303493814114852,2.309269797946472,"['Skin Disorder', 'Skin Cancer', 'Skin Polyp']"
depression insomnia hostile behavior excessive anger delusions or hallucinations,Psychotic Disorder,Adjustment Reaction,0.24805678556997254,2.1959430322122597,"['Adjustment Reaction', 'Post-Traumatic Stress Disorder (Ptsd)', 'Neurosis']"
facial pain ear pain frontal headache fever,Acute Sinusitis,Chronic Sinusitis,0.6100169414583835,1.2235820337518168,"['Chronic Sinusitis', 'Acute Sinusitis', 'Seasonal Allergies (Hay Fever)']"
back pain neck pain loss of sensation paresthesia,Herniated Disk,Degenerative Disc Disease,0.19634646107720763,2.4675793998116156,"['Degenerative Disc Disease', 'Spondylosis', 'Spinal Stenosis']"
white discharge from eye symptoms of eye foreign body sensation in eye spots or clouds in vision eye redness,Corneal Disorder,Dry Eye Of Unknown Cause,0.46614080246731115,1.5611557865177272,"['Dry Eye Of Unknown Cause', 'Corneal Disorder', 'Chronic Glaucoma']"
vomiting lower body pain upper abdominal pain regurgitation 1,Cholecystitis,Gallstone,0.6497250803034854,1.007315474920563,"['Gallstone', 'Cholecystitis', 'Acute Pancreatitis']"
difficulty in swallowing heartburn upper abdominal pain,Hiatal Hernia,Esophagitis,0.5350027671759695,1.3625338369224473,"['Esophagitis', 'Hiatal Hernia', 'Liver Disease']"
hostile behavior hysterical behavior,Conduct Disorder,Psychotic Disorder,0.33104795063358017,2.306612063897797,"['Psychotic Disorder', 'Conduct Disorder', 'Schizophrenia']"
skin swelling abnormal appearing skin itching of skin skin irritation,Eczema,Skin Disorder,0.24738330535784148,2.80698426786482,"['Skin Disorder', 'Skin Polyp', 'Eczema']"
headache ear pain,Common Cold,Strep Throat,0.19274365406655036,3.143771703319342,"['Strep Throat', 'Labyrinthitis', 'Seasonal Allergies (Hay Fever)']"
back pain neck pain low back pain,Herniated Disk,Sprain Or Strain,0.11032476202169098,3.0192350716213205,"['Sprain Or Strain', 'Fibromyalgia', 'Pain After An Operation']"
sharp chest pain cough difficulty breathing coryza,Pneumonia,Acute Bronchospasm,0.2755555468557621,2.5081867284480523,"['Acute Bronchospasm', 'Pneumonia', 'Acute Bronchitis']"
shortness of breath nasal congestion headache wheezing fever,Acute Bronchitis,Interstitial Lung Disease,0.569510305135879,1.2615744919752339,"['Interstitial Lung Disease', 'Acute Bronchitis', 'Common Cold']"
sore throat vomiting fever,Common Cold,Acute Bronchospasm,0.1861665401105432,3.2422872484443666,"['Acute Bronchospasm', 'Flu', 'Otitis Media']"
sharp abdominal pain vomiting painful urination blood in urine,Pyelonephritis,Kidney Stone,0.4827551373088364,1.6871484289414154,"['Kidney Stone', 'Pyelonephritis', 'Urinary Tract Infection']"
intermenstrual bleeding spotting or bleeding during pregnancy blood clots during menstrual periods heavy menstrual flow,Spontaneous Abortion,Vaginal Cyst,0.5993023013482628,1.1811597837239398,"['Vaginal Cyst', 'Spontaneous Abortion', 'Idiopathic Excessive Menstruation']"
abnormal appearing skin skin lesion skin growth itching of skin,Fungal Infection Of The Hair,Seborrheic Keratosis,0.18067899288893458,2.9881116399345853,"['Seborrheic Keratosis', 'Skin Disorder', 'Fungal Infection Of The Hair']"
retention of urine suprapubic pain painful urination back pain,Temporary Or Benign Blood In Urine,Urinary Tract Obstruction,0.24372209070322978,2.1966361195969157,"['Urinary Tract Obstruction', 'Urinary Tract Infection', 'Cystitis']"
abnormal appearing skin acne or pimples irregular appearing scalp skin dryness peeling scaliness or roughness,Acne,Fungal Infection Of The Skin,0.15344394681355206,2.689178651362089,"['Fungal Infection Of The Skin', 'Eczema', 'Skin Pigmentation Disorder']"
skin lesion skin growth irregular appearing scalp skin moles warts,Skin Pigmentation Disorder,Skin Cancer,0.3287605647042719,1.8987123611698955,"['Skin Cancer', 'Skin Pigmentation Disorder', 'Seborrheic Keratosis']"
sharp chest pain vomiting heartburn,Gastroduodenal Ulcer,Esophagitis,0.24828071928747017,3.414915954572261,"['Esophagitis', 'Gallstone', 'Gastroduodenal Ulcer']"
abnormal appearing skin skin lesion acne or pimples skin moles skin dryness peeling scaliness or roughness,Dermatitis Due To Sun Exposure,Skin Disorder,0.17237763565288622,2.4774034239642813,"['Skin Disorder', 'Rosacea', 'Contact Dermatitis']"
sharp abdominal pain nausea pelvic pain,Pelvic Inflammatory Disease,Problem During Pregnancy,0.1374504203677393,3.878845897226085,"['Problem During Pregnancy', 'Vulvodynia', 'Idiopathic Absence Of Menstruation']"
abnormal appearing skin skin lesion acne or pimples irregular appearing scalp skin moles skin dryness peeling scaliness or roughness,Skin Polyp,Skin Pigmentation Disorder,0.21898245618914336,2.3133122623944633,"['Skin Pigmentation Disorder', 'Skin Disorder', 'Dermatitis Due To Sun Exposure']"
skin swelling itching of skin skin rash,Psoriasis,Insect Bite,0.15931030537038024,3.1857240722178295,"['Insect Bite', 'Psoriasis', 'Viral Exanthem']"
depression insomnia hostile behavior drug abuse excessive anger delusions or hallucinations temper problems,Personality Disorder,Post-Traumatic Stress Disorder (Ptsd),0.414122869011437,1.4324229824760155,"['Post-Traumatic Stress Disorder (Ptsd)', 'Personality Disorder', 'Depression']"
sharp abdominal pain vomiting lower abdominal pain back pain low back pain,Pyelonephritis,Kidney Stone,0.38347671547596546,1.8075838866349256,"['Kidney Stone', 'Pain After An Operation', 'Pyelonephritis']"
skin swelling abnormal appearing skin lymphedema,Hemangioma,Rosacea,0.21896595367049726,3.878464398376904,"['Rosacea', 'Hemangioma', 'Lymphedema']"
double vision pain in eye abnormal movement of eyelid foreign body sensation in eye spots or clouds in vision itchiness of eye,Macular Degeneration,Diabetic Retinopathy,0.4013217300974859,1.2832853433724107,"['Diabetic Retinopathy', 'Dry Eye Of Unknown Cause', 'Macular Degeneration']"
leg pain headache back pain shoulder pain,Spinal Stenosis,Chronic Pain Disorder,0.33240849783977994,1.958530612620432,"['Chronic Pain Disorder', 'Neuralgia', 'Spinal Stenosis']"
anxiety and nervousness depression shortness of breath abnormal involuntary movements palpitations,Panic Disorder,Anxiety,0.4708460291906189,1.3217945619057883,"['Anxiety', 'Panic Disorder', 'Acute Stress Reaction']"
sharp abdominal pain constipation itching of the anus,Rectal Disorder,Hemorrhoids,0.3444173759084999,2.3238064109642442,"['Hemorrhoids', 'Rectal Disorder', 'Ileus']"
symptoms of eye pain in eye foreign body sensation in eye,Dry Eye Of Unknown Cause,Iridocyclitis,0.1284584112565523,2.928609573535378,"['Iridocyclitis', 'Dry Eye Of Unknown Cause', 'Myopia']"
wrist pain arm pain wrist swelling arm stiffness or tightness elbow swelling,Injury To The Arm,Fracture Of The Arm,0.4996126531895502,0.9168386975096687,"['Fracture Of The Arm', 'Injury To The Arm', 'Carpal Tunnel Syndrome']"
toothache peripheral edema gum pain,Tooth Abscess,Tooth Disorder,0.26000506888831665,2.8318272205900943,"['Tooth Disorder', 'Dental Caries', 'Tooth Abscess']"
abnormal appearing skin skin growth irregular appearing scalp itching of skin skin rash,Skin Pigmentation Disorder,Seborrheic Keratosis,0.2072338165789471,2.4908942280030253,"['Seborrheic Keratosis', 'Skin Pigmentation Disorder', 'Fungal Infection Of The Hair']"
anxiety and nervousness depressive or psychotic symptoms drug abuse delusions or hallucinations temper problems,Drug Abuse (Opioids),Personality Disorder,0.19904894419851965,2.210484210881311,"['Personality Disorder', 'Depression', 'Marijuana Abuse']"
shortness of breath sharp chest pain cough weakness,Heart Failure,Pulmonary Congestion,0.20147600581252298,2.890296236221589,"['Pulmonary Congestion', 'Pleural Effusion', 'Pneumonia']"
shortness of breath sharp chest pain cough wheezing coryza,Asthma,Chronic Obstructive Pulmonary Disease (Copd),0.29124386924812806,2.3016412765997574,"['Chronic Obstructive Pulmonary Disease (Copd)', 'Acute Bronchitis', 'Pneumonia']"
cough nasal congestion vomiting,Common Cold,Croup,0.15054022531277333,3.137015845032338,"['Croup', 'Acute Bronchospasm', 'Common Cold']"
abnormal appearing skin skin lesion skin growth irregular appearing scalp itching of skin,Seborrheic Dermatitis,Seborrheic Keratosis,0.15378268878589635,2.6274805392050755,"['Seborrheic Keratosis', 'Skin Pigmentation Disorder', 'Skin Disorder']"
abnormal appearing skin skin lesion acne or pimples irregular appearing scalp skin irritation warts skin rash,Eczema,Seborrheic Keratosis,0.522759185713359,1.0149632958284736,"['Seborrheic Keratosis', 'Eczema', 'Skin Polyp']"
insomnia disturbance of memory temper problems,Dysthymic Disorder,Depression,0.5903303653391795,1.9095688019818775,"['Depression', 'Dysthymic Disorder', 'Concussion']"
cough fever,Chronic Otitis Media,Asthma,0.046257963354277,4.720842040492022,"['Asthma', 'Interstitial Lung Disease', 'Teething Syndrome']"
white discharge from eye diminished vision pain in eye eye redness itchiness of eye,Corneal Disorder,Corneal Abrasion,0.24696185605142632,1.9504780021333108,"['Corneal Abrasion', 'Conjunctivitis Due To Virus', 'Corneal Disorder']"
skin swelling lip swelling skin lesion skin growth,Viral Warts,Skin Cancer,0.344160580083877,2.0309554609242757,"['Skin Cancer', 'Viral Warts', 'Atrophic Skin Condition']"
sharp chest pain decreased appetite,Diabetic Ketoacidosis,Choledocholithiasis,0.18012681201692934,3.371193277984118,"['Choledocholithiasis', 'Indigestion', 'Diabetic Ketoacidosis']"
anxiety and nervousness depression drug abuse smoking problems delusions or hallucinations,Neurosis,Drug Abuse,0.4658175923197593,1.334043473659867,"['Drug Abuse', 'Neurosis', 'Postpartum Depression']"
vomiting headache nausea fluid retention,Infectious Gastroenteritis,Noninfectious Gastroenteritis,0.3950300949362822,2.423354492852941,"['Noninfectious Gastroenteritis', 'Infectious Gastroenteritis', 'Concussion']"
acne or pimples skin growth skin dryness peeling scaliness or roughness skin rash,Acne,Seborrheic Dermatitis,0.2175064689622144,2.621780527555424,"['Seborrheic Dermatitis', 'Fungal Infection Of The Hair', 'Acne']"
blood in stool sharp abdominal pain nausea diarrhea burning abdominal pain fever chills,Infectious Gastroenteritis,Diverticulitis,0.4704512440263055,1.274404351568365,"['Diverticulitis', 'Noninfectious Gastroenteritis', 'Infectious Gastroenteritis']"
sharp abdominal pain nausea lower abdominal pain constipation,Chronic Constipation,Diverticulitis,0.46107335379490916,1.9680609812840162,"['Diverticulitis', 'Chronic Constipation', 'Ileus']"
vomiting burning abdominal pain lower body pain upper abdominal pain,Acute Pancreatitis,Gallstone,0.3219073246842649,1.6626457821515157,"['Gallstone', 'Acute Pancreatitis', 'Cholecystitis']"
skin swelling acne or pimples irregular appearing scalp itching of skin skin dryness peeling scaliness or roughness,Eczema,Skin Polyp,0.18995888496901542,2.3148424023112604,"['Skin Polyp', 'Fungal Infection Of The Skin', 'Skin Pigmentation Disorder']"
sharp abdominal pain cramps and spasms heavy menstrual flow,Idiopathic Painful Menstruation,Idiopathic Irregular Menstrual Cycle,0.2560392067901294,2.5912232679334295,"['Idiopathic Irregular Menstrual Cycle', 'Spontaneous Abortion', 'Vaginal Cyst']"
symptoms of eye foreign body sensation in eye lacrimation itchiness of eye,Dry Eye Of Unknown Cause,Corneal Abrasion,0.2048295971067342,2.6000715375209413,"['Corneal Abrasion', 'Cornea Infection', 'Glaucoma']"
sharp abdominal pain vomiting lower abdominal pain burning abdominal pain constipation,Ileus,Diverticulitis,0.39932990887219555,1.9895125935960762,"['Diverticulitis', 'Ileus', 'Chronic Constipation']"
white discharge from eye symptoms of eye pain in eye foreign body sensation in eye lacrimation itchiness of eye,Dry Eye Of Unknown Cause,Corneal Abrasion,0.34982805678882173,1.8603342081726004,"['Corneal Abrasion', 'Chronic Glaucoma', 'Corneal Disorder']"
abnormal appearing skin acne or pimples skin growth skin irritation,Atrophic Skin Condition,Skin Disorder,0.2572513645915338,2.1693713235235372,"['Skin Disorder', 'Atrophic Skin Condition', 'Seborrheic Keratosis']"
skin swelling abnormal appearing skin skin rash,Allergy,Insect Bite,0.09728861365514622,3.4072397080299646,"['Insect Bite', 'Viral Exanthem', 'Impetigo']"
suprapubic pain vomiting nausea lower abdominal pain blood in urine,Pyelonephritis,Urinary Tract Infection,0.5368633052488109,1.4251070770194598,"['Urinary Tract Infection', 'Pyelonephritis', 'Pelvic Inflammatory Disease']"
sharp abdominal pain pelvic pain cramps and spasms blood clots during menstrual periods heavy menstrual flow,Spontaneous Abortion,Idiopathic Painful Menstruation,0.3876979780983908,1.710283076283306,"['Idiopathic Painful Menstruation', 'Vaginal Cyst', 'Spontaneous Abortion']"
nasal congestion fever difficulty breathing coughing up sputum,Acute Bronchitis,Asthma,0.6697690629874127,0.9766358613761423,"['Asthma', 'Acute Bronchitis', 'Acute Bronchiolitis']"
vomiting nausea changes in stool appearance,Chronic Constipation,Gastroduodenal Ulcer,0.31102069821825523,2.2945204834212563,"['Gastroduodenal Ulcer', 'Gastrointestinal Hemorrhage', 'Chronic Constipation']"
vomiting painful urination side pain,Urinary Tract Infection,Kidney Stone,0.4376913412189685,2.6190179313401605,"['Kidney Stone', 'Urinary Tract Infection', 'Pyelonephritis']"
suprapubic pain sharp abdominal pain painful urination involuntary urination lower abdominal pain blood in urine back pain symptoms of bladder,Temporary Or Benign Blood In Urine,Cystitis,0.5766946637416408,0.9578698094302651,"['Cystitis', 'Temporary Or Benign Blood In Urine', 'Bladder Disorder']"
shortness of breath sharp chest pain dizziness chest tightness irregular heartbeat increased heart rate,Angina,Sinus Bradycardia,0.2940413417086066,1.707334928317153,"['Sinus Bradycardia', 'Paroxysmal Ventricular Tachycardia', 'Mitral Valve Disease']"
sharp abdominal pain back pain pelvic pain problems during pregnancy spotting or bleeding during pregnancy cramps and spasms,Threatened Pregnancy,Problem During Pregnancy,0.5868320923514935,1.0356988721905303,"['Problem During Pregnancy', 'Threatened Pregnancy', 'Spontaneous Abortion']"
anxiety and nervousness insomnia abusing alcohol hostile behavior delusions or hallucinations,Psychotic Disorder,Post-Traumatic Stress Disorder (Ptsd),0.36490930580942066,1.6767816690409338,"['Post-Traumatic Stress Disorder (Ptsd)', 'Psychotic Disorder', 'Depression']"
sharp chest pain sharp abdominal pain nausea diarrhea fever,Gastritis,Hypokalemia,0.34371090302340046,2.3436178496001223,"['Hypokalemia', 'Gastritis', 'Acute Pancreatitis']"
dizziness chest tightness fainting decreased heart rate increased heart rate,Sinus Bradycardia,Paroxysmal Ventricular Tachycardia,0.48708381053631666,0.9339458001025407,"['Paroxysmal Ventricular Tachycardia', 'Sinus Bradycardia', 'Heart Attack']"
depression depressive or psychotic symptoms abusing alcohol,Social Phobia,Bipolar Disorder,0.11587859250091861,3.2169613314690864,"['Bipolar Disorder', 'Conduct Disorder', 'Eating Disorder']"
depression abusing alcohol hostile behavior excessive anger,Psychotic Disorder,Post-Traumatic Stress Disorder (Ptsd),0.2638705063632725,2.198934906607204,"['Post-Traumatic Stress Disorder (Ptsd)', 'Marijuana Abuse', 'Conduct Disorder']"
white discharge from eye double vision symptoms of eye pain in eye foreign body sensation in eye spots or clouds in vision itchiness of eye,Dry Eye Of Unknown Cause,Corneal Disorder,0.5562387530440726,1.2584523834078711,"['Corneal Disorder', 'Dry Eye Of Unknown Cause', 'Chronic Glaucoma']"
shortness of breath depressive or psychotic symptoms insomnia abnormal involuntary movements headache,Anxiety,Acute Stress Reaction,0.566894383261166,1.3953257188296737,"['Acute Stress Reaction', 'Anxiety', 'Panic Disorder']"
sharp abdominal pain diarrhea burning abdominal pain decreased appetite stomach bloating,Appendicitis,Indigestion,0.4800861561004063,1.1597149155553907,"['Indigestion', 'Appendicitis', 'Infectious Gastroenteritis']"
back pain neck pain knee pain,Sprain Or Strain,Spondylosis,0.5368074487717941,1.7493453097060727,"['Spondylosis', 'Sprain Or Strain', 'Osteoarthritis']"
double vision pain in eye spots or clouds in vision itchiness of eye blindness,Macular Degeneration,Cataract,0.458715828953601,1.208902210617573,"['Cataract', 'Macular Degeneration', 'Corneal Disorder']"
headache facial pain back pain,Concussion,Deviated Nasal Septum,0.1804465559611481,3.4579082723076278,"['Deviated Nasal Septum', 'Concussion', 'Tooth Disorder']"
retention of urine suprapubic pain sharp abdominal pain frequent urination,Bladder Disorder,Kidney Stone,0.23213693365380195,2.4143946140853205,"['Kidney Stone', 'Cystitis', 'Bladder Disorder']"
abnormal appearing skin acne or pimples skin moles skin rash,Dermatitis Due To Sun Exposure,Acne,0.19554899340381438,2.676196834825552,"['Acne', 'Seborrheic Keratosis', 'Contact Dermatitis']"
difficulty speaking headache problems with movement seizures,Hemiplegia,Stroke,0.7951191896306082,0.9711524364387465,"['Stroke', 'Hemiplegia', 'Autism']"
knee pain problems with movement knee stiffness or tightness,Joint Effusion,Injury To The Leg,0.40147819754538555,2.146006428258659,"['Injury To The Leg', 'Joint Effusion', 'Arthritis Of The Hip']"
diminished vision symptoms of eye pain in eye foreign body sensation in eye spots or clouds in vision eye redness,Cornea Infection,Dry Eye Of Unknown Cause,0.234494542755166,2.109984843821817,"['Dry Eye Of Unknown Cause', 'Cornea Infection', 'Glaucoma']"
abnormal appearing skin acne or pimples skin dryness peeling scaliness or roughness,Skin Disorder,Seborrheic Dermatitis,0.13420849183623135,2.9950106213599823,"['Seborrheic Dermatitis', 'Rosacea', 'Skin Disorder']"
abnormal appearing skin peripheral edema skin rash,Insect Bite,Drug Reaction,0.3899419892515048,2.5169078450272298,"['Drug Reaction', 'Pyogenic Skin Infection', 'Allergy']"
pain of the anus heartburn rectal bleeding constipation itching of the anus,Hemorrhoids,Rectal Disorder,0.5008769699720079,0.8408281688781802,"['Rectal Disorder', 'Hemorrhoids', 'Chronic Constipation']"
sharp abdominal pain vomiting diarrhea constipation,Ileus,Diverticulitis,0.3408472409425261,2.869414617599025,"['Diverticulitis', 'Ileus', 'White Blood Cell Disease']"
sore throat fever coryza sinus congestion painful sinuses,Nose Disorder,Acute Sinusitis,0.6300699653039323,1.0094283685075724,"['Acute Sinusitis', 'Nose Disorder', 'Chronic Sinusitis']"
suprapubic pain vaginal itching vaginal discharge pelvic pain,Yeast Infection,Vaginitis,0.45002591688082316,1.631995685031919,"['Vaginitis', 'Yeast Infection', 'Idiopathic Painful Menstruation']"
retention of urine vomiting frequent urination,Kidney Stone,Urinary Tract Infection,0.38757019230312906,2.1495033385530156,"['Urinary Tract Infection', 'Kidney Stone', 'Acute Kidney Injury']"
skin swelling skin moles skin irritation skin rash,Seborrheic Keratosis,Contact Dermatitis,0.3970689634248223,1.8846396990231002,"['Contact Dermatitis', 'Actinic Keratosis', 'Seborrheic Keratosis']"
depression shortness of breath palpitations irregular heartbeat,Anxiety,Panic Disorder,0.3829440317743244,2.2291976521511847,"['Panic Disorder', 'Anxiety', 'Aortic Valve Disease']"
abnormal appearing skin skin lesion peripheral edema,Insect Bite,Pyogenic Skin Infection,0.2087682876569604,3.0887030891535687,"['Pyogenic Skin Infection', 'Insect Bite', 'Lymphedema']"
depressive or psychotic symptoms restlessness temper problems,Oppositional Disorder,Drug Abuse (Opioids),0.3951788632352918,2.5134034873530027,"['Drug Abuse (Opioids)', 'Developmental Disability', 'Attention Deficit Hyperactivity Disorder (Adhd)']"
depression,Drug Abuse,Acute Stress Reaction,0.11786890418317114,4.3996602717026505,"['Acute Stress Reaction', 'Panic Disorder', 'Anxiety']"
anxiety and nervousness depressive or psychotic symptoms insomnia hostile behavior excessive anger delusions or hallucinations fears and phobias,Schizophrenia,Personality Disorder,0.3430368977003562,1.702497399421532,"['Personality Disorder', 'Schizophrenia', 'Psychotic Disorder']"
hand or finger pain wrist pain arm pain elbow pain loss of sensation,Injury To The Arm,Carpal Tunnel Syndrome,0.3875732407247224,1.3239550952533268,"['Carpal Tunnel Syndrome', 'Mononeuritis', 'Injury To The Arm']"
sharp chest pain side pain,Fracture Of The Rib,Pain After An Operation,0.13530912198784256,3.73399590565886,"['Pain After An Operation', 'Fracture Of The Rib', 'Acute Pancreatitis']"
sharp abdominal pain vomiting nausea diarrhea lower abdominal pain burning abdominal pain side pain fever upper abdominal pain,Appendicitis,Diverticulitis,0.5264096795841404,1.0298044345921449,"['Diverticulitis', 'Appendicitis', 'Acute Pancreatitis']"
headache diarrhea burning abdominal pain fever fluid retention,Infectious Gastroenteritis,Noninfectious Gastroenteritis,0.5793817174982985,1.0469373662520254,"['Noninfectious Gastroenteritis', 'Infectious Gastroenteritis', 'Gastritis']"
burning abdominal pain side pain upper abdominal pain regurgitation 1,Cholecystitis,Gallstone,0.5000909498435901,1.4075542249780593,"['Gallstone', 'Cholecystitis', 'Hiatal Hernia']"
anxiety and nervousness depression depressive or psychotic symptoms hostile behavior delusions or hallucinations temper problems,Marijuana Abuse,Post-Traumatic Stress Disorder (Ptsd),0.2724116301423402,2.328527301687015,"['Post-Traumatic Stress Disorder (Ptsd)', 'Depression', 'Psychotic Disorder']"
arm pain neck pain paresthesia lower body pain,Spondylosis,Spinal Stenosis,0.37591497280036484,1.64003343841219,"['Spinal Stenosis', 'Spondylosis', 'Degenerative Disc Disease']"
skin swelling abnormal appearing skin skin lesion skin moles skin dryness peeling scaliness or roughness,Skin Cancer,Skin Polyp,0.12522424232850365,2.7995419368453085,"['Skin Polyp', 'Contact Dermatitis', 'Rosacea']"
leg pain hand or finger pain arm pain knee pain foot or toe pain,Tendinitis,Sprain Or Strain,0.4407374622147081,1.6713243576997372,"['Sprain Or Strain', 'Tendinitis', 'Complex Regional Pain Syndrome']"
skin swelling abnormal appearing skin skin lesion acne or pimples skin growth irregular appearing scalp skin dryness peeling scaliness or roughness,Skin Pigmentation Disorder,Skin Disorder,0.20817506041903272,2.3628527148324663,"['Skin Disorder', 'Skin Pigmentation Disorder', 'Skin Polyp']"
suprapubic pain sharp abdominal pain vomiting lower abdominal pain blood in urine low back pain side pain,Pyelonephritis,Kidney Stone,0.5132550926398997,0.985171758168234,"['Kidney Stone', 'Pyelonephritis', 'Pain After An Operation']"
back pain problems with movement loss of sensation,Complex Regional Pain Syndrome,Spinal Stenosis,0.2471419193075026,2.506950260611841,"['Spinal Stenosis', 'Complex Regional Pain Syndrome', 'Peripheral Nerve Disorder']"
dizziness abnormal involuntary movements problems with movement weakness focal weakness,Parkinson Disease,Multiple Sclerosis,0.7367969869721194,1.182493391844242,"['Multiple Sclerosis', 'Parkinson Disease', 'Hypoglycemia']"
depressive or psychotic symptoms hysterical behavior,Conduct Disorder,Psychotic Disorder,0.3316741980224334,2.8693881297849377,"['Psychotic Disorder', 'Schizophrenia', 'Conduct Disorder']"
lower abdominal pain vaginal discharge,Pelvic Inflammatory Disease,Vaginitis,0.19667623489139904,2.709019113731539,"['Vaginitis', 'Vaginal Yeast Infection', 'Vulvodynia']"
shortness of breath sharp chest pain chest tightness cough difficulty breathing,Pulmonary Embolism,Acute Bronchospasm,0.2608900354871116,2.3543167777307135,"['Acute Bronchospasm', 'Heart Failure', 'Asthma']"
symptoms of eye spots or clouds in vision lacrimation itchiness of eye swollen eye,Cornea Infection,Blepharitis,0.41923175786012346,1.8501523466279495,"['Blepharitis', 'Cornea Infection', 'Glaucoma']"
retention of urine nausea constipation,Intestinal Obstruction,Chronic Constipation,0.40143119507192737,3.440441233134104,"['Chronic Constipation', 'Intestinal Obstruction', 'Acute Kidney Injury']"
sore throat nasal congestion ear pain fever,Acute Sinusitis,Strep Throat,0.18429563815198724,2.8520306345990107,"['Strep Throat', 'Common Cold', 'Acute Sinusitis']"
shortness of breath sharp chest pain chest tightness cough fever,Asthma,Acute Respiratory Distress Syndrome (Ards),0.17451173740489978,2.4929399954655835,"['Acute Respiratory Distress Syndrome (Ards)', 'Chronic Obstructive Pulmonary Disease (Copd)', 'Asthma']"
anxiety and nervousness depression,Psychotic Disorder,Panic Disorder,0.12408416242925192,3.546946436372269,"['Panic Disorder', 'Acute Stress Reaction', 'Anxiety']"
nausea upper abdominal pain,Appendicitis,Esophagitis,0.20310010967314387,3.2648064991618337,"['Esophagitis', 'Diverticulosis', 'Liver Disease']"
shortness of breath cough difficulty breathing,Asthma,Sepsis,0.16606123675479478,3.176523915344128,"['Sepsis', 'Acute Bronchiolitis', 'Heart Failure']"
nasal congestion white discharge from eye eye redness itchiness of eye,Conjunctivitis Due To Virus,Conjunctivitis,0.4531065852780922,1.6076101345767646,"['Conjunctivitis', 'Conjunctivitis Due To Virus', 'Corneal Disorder']"
intermenstrual bleeding cramps and spasms heavy menstrual flow unpredictable menstruation painful menstruation,Uterine Fibroids,Idiopathic Irregular Menstrual Cycle,0.4108238709874743,1.3465198714959647,"['Idiopathic Irregular Menstrual Cycle', 'Idiopathic Excessive Menstruation', 'Uterine Fibroids']"
white discharge from eye symptoms of eye pain in eye spots or clouds in vision eye redness lacrimation,Dry Eye Of Unknown Cause,Blepharitis,0.3556777778166342,1.6741537339262924,"['Blepharitis', 'Corneal Disorder', 'Dry Eye Of Unknown Cause']"
abnormal appearing skin irregular appearing scalp skin irritation skin rash,Actinic Keratosis,Seborrheic Keratosis,0.3190457210210487,2.1772812215508095,"['Seborrheic Keratosis', 'Fungal Infection Of The Hair', 'Eczema']"
sharp chest pain chest tightness cough sharp abdominal pain nausea,Gastroesophageal Reflux Disease (Gerd),Esophagitis,0.40139357762700717,2.204450652070437,"['Esophagitis', 'Gastroesophageal Reflux Disease (Gerd)', 'Chronic Obstructive Pulmonary Disease (Copd)']"
cough lip swelling allergic reaction,Allergy,Food Allergy,0.56551366793565,1.7924780618949192,"['Food Allergy', 'Allergy', 'Oral Mucosal Lesion']"
lip swelling skin lesion skin growth,Hemangioma,Skin Cancer,0.4713424346971011,1.892215983871665,"['Skin Cancer', 'Viral Warts', 'Hemangioma']"
skin swelling skin dryness peeling scaliness or roughness skin irritation warts,Eczema,Skin Polyp,0.38610621693806446,1.502997250491465,"['Skin Polyp', 'Eczema', 'Skin Cancer']"
sharp abdominal pain lower abdominal pain back pain fever chills,Prostatitis,Diverticulitis,0.6602243911562586,1.5490226629358113,"['Diverticulitis', 'Prostatitis', 'Appendicitis']"
sharp abdominal pain nausea upper abdominal pain chills,Choledocholithiasis,Diverticulitis,0.4336838999321313,2.2711815866909197,"['Diverticulitis', 'Choledocholithiasis', 'Liver Disease']"
back pain neck pain low back pain,Spondylosis,Sprain Or Strain,0.11032476202169098,3.0192350716213205,"['Sprain Or Strain', 'Fibromyalgia', 'Pain After An Operation']"
retention of urine sharp abdominal pain painful urination blood in urine side pain,Urinary Tract Obstruction,Prostatitis,0.22660263839438552,2.198096558653437,"['Prostatitis', 'Urinary Tract Obstruction', 'Kidney Stone']"
depression hostile behavior drug abuse delusions or hallucinations fears and phobias low self esteem,Marijuana Abuse,Personality Disorder,0.5372103666862592,0.8851411511513224,"['Personality Disorder', 'Marijuana Abuse', 'Schizophrenia']"
nausea weakness decreased appetite,Diabetic Ketoacidosis,Hypoglycemia,0.4125663902183886,2.1425792262862497,"['Hypoglycemia', 'Diabetic Ketoacidosis', 'Sepsis']"
headache fever painful sinuses,Chronic Sinusitis,Nose Disorder,0.34242797888673443,2.8674001842640164,"['Nose Disorder', 'Chronic Sinusitis', 'Chronic Otitis Media']"
skin swelling lip swelling abnormal appearing skin fluid retention itching of skin skin rash,Allergy,Insect Bite,0.4820112954735808,1.4244986661433598,"['Insect Bite', 'Allergy', 'Envenomation From Spider Or Animal Bite']"
facial pain fever coryza,Nose Disorder,Acute Sinusitis,0.29594841525481613,3.0727400484110197,"['Acute Sinusitis', 'Nose Disorder', 'Laryngitis']"
diminished vision symptoms of eye foreign body sensation in eye lacrimation itchiness of eye eye burns or stings,Chronic Glaucoma,Cornea Infection,0.43170291737901106,1.749612582088764,"['Cornea Infection', 'Chronic Glaucoma', 'Iridocyclitis']"
arm pain arm stiffness or tightness elbow pain elbow swelling,Injury To The Arm,Bursitis,0.5774433042680044,1.29122233681252,"['Bursitis', 'Injury To The Arm', 'Fracture Of The Arm']"
cough nasal congestion ear pain fever,Teething Syndrome,Chronic Otitis Media,0.1710423192986061,3.0798840588787115,"['Chronic Otitis Media', 'Common Cold', 'Strep Throat']"
anxiety and nervousness depressive or psychotic symptoms abusing alcohol hostile behavior delusions or hallucinations temper problems,Depression,Post-Traumatic Stress Disorder (Ptsd),0.34452476180273844,1.7714144044659244,"['Post-Traumatic Stress Disorder (Ptsd)', 'Depression', 'Marijuana Abuse']"
diminished vision pain in eye abnormal movement of eyelid,Macular Degeneration,Diabetic Retinopathy,0.37358234531805856,2.2470669063508453,"['Diabetic Retinopathy', 'Dry Eye Of Unknown Cause', 'Cataract']"
skin growth skin moles skin rash,Acne,Psoriasis,0.20586794453587506,2.7928576046361266,"['Psoriasis', 'Acne', 'Skin Pigmentation Disorder']"
skin swelling abnormal appearing skin skin lesion acne or pimples skin rash,Eczema,Callus,0.13167265056557081,2.9904140522149385,"['Callus', 'Molluscum Contagiosum', 'Seborrheic Keratosis']"
vomiting diarrhea burning abdominal pain decreased appetite,Infectious Gastroenteritis,Appendicitis,0.41268295091728757,1.8245954347747744,"['Appendicitis', 'Infectious Gastroenteritis', 'Noninfectious Gastroenteritis']"
anxiety and nervousness depression excessive anger,Psychotic Disorder,Dysthymic Disorder,0.14328450014944624,3.4930024309992422,"['Dysthymic Disorder', 'Adjustment Reaction', 'Social Phobia']"
cough nasal congestion vomiting fever difficulty breathing,Acute Bronchiolitis,Acute Bronchospasm,0.40424492441490256,1.9642424044801718,"['Acute Bronchospasm', 'Pneumonia', 'Acute Bronchiolitis']"
hip pain back pain low back pain knee pain,Sickle Cell Crisis,Spondylosis,0.26140228899635015,2.381064392553209,"['Spondylosis', 'Sickle Cell Crisis', 'Arthritis Of The Hip']"
suprapubic pain sharp abdominal pain frequent urination lower abdominal pain blood in urine back pain side pain,Kidney Stone,Pyelonephritis,0.3734928115770458,1.6368340873515954,"['Pyelonephritis', 'Cystitis', 'Kidney Stone']"
dizziness vomiting headache,Labyrinthitis,Hyperemesis Gravidarum,0.18325092840382326,2.971527129208167,"['Hyperemesis Gravidarum', 'Drug Reaction', 'Concussion']"
arm pain low back pain paresthesia lower body pain,Spondylosis,Spinal Stenosis,0.31024883828083444,1.9328505295095322,"['Spinal Stenosis', 'Spondylosis', 'Degenerative Disc Disease']"
cough headache facial pain painful sinuses,Nose Disorder,Chronic Sinusitis,0.5202698292619663,1.610927535550569,"['Chronic Sinusitis', 'Nose Disorder', 'Deviated Nasal Septum']"
anxiety and nervousness depressive or psychotic symptoms hostile behavior drug abuse temper problems,Attention Deficit Hyperactivity Disorder (Adhd),Post-Traumatic Stress Disorder (Ptsd),0.2664861739808547,2.054534439243403,"['Post-Traumatic Stress Disorder (Ptsd)', 'Attention Deficit Hyperactivity Disorder (Adhd)', 'Personality Disorder']"
vomiting lower abdominal pain intermenstrual bleeding,Ovarian Cyst,Pelvic Inflammatory Disease,0.4364547539245149,2.418381309754325,"['Pelvic Inflammatory Disease', 'Ovarian Cyst', 'Idiopathic Irregular Menstrual Cycle']"
diminished vision symptoms of eye abnormal movement of eyelid foreign body sensation in eye itchiness of eye,Dry Eye Of Unknown Cause,Diabetic Retinopathy,0.43363080367373,1.438736225860642,"['Diabetic Retinopathy', 'Dry Eye Of Unknown Cause', 'Macular Degeneration']"
vomiting nausea diarrhea fever,Infectious Gastroenteritis,Gastritis,0.17742896972315597,2.9507736741996156,"['Gastritis', 'Hypovolemia', 'Diverticulitis']"
shortness of breath sharp chest pain sore throat nasal congestion,Chronic Obstructive Pulmonary Disease (Copd),Pneumonia,0.3063095788922483,2.081916047017236,"['Pneumonia', 'Chronic Obstructive Pulmonary Disease (Copd)', 'Acute Bronchitis']"
skin swelling abnormal appearing skin skin lesion skin growth skin moles,Seborrheic Keratosis,Psoriasis,0.10720048487924161,2.983530495774876,"['Psoriasis', 'Rosacea', 'Skin Polyp']"
hip pain headache arm pain neck pain loss of sensation,Spinal Stenosis,Neuralgia,0.6267771641362581,1.093838660349044,"['Neuralgia', 'Spinal Stenosis', 'Muscle Spasm']"
sharp abdominal pain back pain burning abdominal pain,Pelvic Inflammatory Disease,Vulvodynia,0.1949454622180214,3.1226919989901685,"['Vulvodynia', 'Acute Pancreatitis', 'Sickle Cell Crisis']"
vomiting back pain burning abdominal pain side pain,Cholecystitis,Sickle Cell Crisis,0.1933509598930732,2.7198109051869204,"['Sickle Cell Crisis', 'Cholecystitis', 'Gallstone']"
headache arm pain back pain neck pain loss of sensation,Spinal Stenosis,Neuralgia,0.28399454447292455,1.9737558641828816,"['Neuralgia', 'Muscle Spasm', 'Spinal Stenosis']"
depression insomnia excessive anger delusions or hallucinations temper problems fears and phobias hysterical behavior,Schizophrenia,Psychotic Disorder,0.5009856292944475,0.8585213098219959,"['Psychotic Disorder', 'Schizophrenia', 'Personality Disorder']"
retention of urine involuntary urination back pain,Temporary Or Benign Blood In Urine,Cystitis,0.29676112724253306,2.9112272689824907,"['Cystitis', 'Erectile Dysfunction', 'Temporary Or Benign Blood In Urine']"
hip pain knee pain paresthesia lower body pain,Spondylosis,Ankylosing Spondylitis,0.5695415323054,1.0436199595680984,"['Ankylosing Spondylitis', 'Spondylosis', 'Arthritis Of The Hip']"
acne or pimples itching of skin,Eczema,Fungal Infection Of The Skin,0.15147915080256538,3.6430107683064774,"['Fungal Infection Of The Skin', 'Molluscum Contagiosum', 'Seborrheic Keratosis']"
toothache facial pain peripheral edema bleeding gums pain in gums,Gum Disease,Tooth Disorder,0.5006469881718901,1.4270772723388292,"['Tooth Disorder', 'Gum Disease', 'Dental Caries']"
leg pain sharp abdominal pain back pain ache all over,Sickle Cell Crisis,Chronic Pain Disorder,0.5042778630302659,1.8759136470133593,"['Chronic Pain Disorder', 'Sickle Cell Crisis', 'Pain After An Operation']"
sharp chest pain sharp abdominal pain vomiting nausea burning abdominal pain lower body pain upper abdominal pain regurgitation 1,Cholecystitis,Gallstone,0.5673728858143658,0.9930577964714137,"['Gallstone', 'Cholecystitis', 'Acute Pancreatitis']"
leg pain hip pain back pain low back pain paresthesia shoulder pain,Herniated Disk,Spondylosis,0.25929509305844495,1.9778670047102782,"['Spondylosis', 'Degenerative Disc Disease', 'Herniated Disk']"
symptoms of eye abnormal movement of eyelid foreign body sensation in eye lacrimation,Macular Degeneration,Diabetic Retinopathy,0.3792088570822265,1.6038876945364606,"['Diabetic Retinopathy', 'Dry Eye Of Unknown Cause', 'Macular Degeneration']"
symptoms of eye abnormal movement of eyelid spots or clouds in vision itchiness of eye,Dry Eye Of Unknown Cause,Diabetic Retinopathy,0.3517343631682425,1.7902119281967037,"['Diabetic Retinopathy', 'Cataract', 'Macular Degeneration']"
skin lesion leg swelling fluid retention,Lymphedema,Insect Bite,0.4458323527762574,1.8829705057068757,"['Insect Bite', 'Lymphedema', 'Heart Failure']"
retention of urine suprapubic pain painful urination involuntary urination frequent urination symptoms of bladder,Cystitis,Bladder Disorder,0.3763263962785312,1.3650063449463747,"['Bladder Disorder', 'Temporary Or Benign Blood In Urine', 'Cystitis']"
pain in eye foreign body sensation in eye eye redness lacrimation itchiness of eye,Cornea Infection,Corneal Abrasion,0.20843375640891576,2.3823996305858506,"['Corneal Abrasion', 'Dry Eye Of Unknown Cause', 'Cornea Infection']"
retention of urine suprapubic pain sharp abdominal pain painful urination frequent urination lower abdominal pain back pain,Temporary Or Benign Blood In Urine,Cystitis,0.30998336736033294,1.8786531825321047,"['Cystitis', 'Kidney Stone', 'Temporary Or Benign Blood In Urine']"
white discharge from eye itchiness of eye,Conjunctivitis Due To Virus,Chronic Glaucoma,0.21547560027806692,2.299235338268054,"['Chronic Glaucoma', 'Conjunctivitis', 'Corneal Abrasion']"
sharp abdominal pain vomiting lower abdominal pain pain of the anus burning abdominal pain constipation,Chronic Constipation,Ileus,0.4511351184972067,1.4648224918896744,"['Ileus', 'Chronic Constipation', 'Diverticulitis']"
cough diminished hearing ear pain plugged feeling in ear redness in ear,Ear Drum Damage,Acute Otitis Media,0.3968276206984428,1.8794032138239842,"['Acute Otitis Media', ""Otitis Externa (Swimmer'S Ear)"", 'Ear Drum Damage']"
sore throat fever coryza,Laryngitis,Flu,0.11549222580234707,3.195661405756427,"['Flu', 'Conjunctivitis', 'Acute Sinusitis']"
depressive or psychotic symptoms abusing alcohol hostile behavior hysterical behavior,Conduct Disorder,Psychotic Disorder,0.45882975844309215,1.5707757679009848,"['Psychotic Disorder', 'Conduct Disorder', 'Drug Abuse']"
lower abdominal pain problems during pregnancy spotting or bleeding during pregnancy blood clots during menstrual periods heavy menstrual flow,Vaginal Cyst,Spontaneous Abortion,0.48671872570975316,0.9192570529432632,"['Spontaneous Abortion', 'Vaginal Cyst', 'Threatened Pregnancy']"
sharp chest pain cough nasal congestion wheezing fever coughing up sputum,Asthma,Chronic Obstructive Pulmonary Disease (Copd),0.3754791243039867,1.330944367888353,"['Chronic Obstructive Pulmonary Disease (Copd)', 'Asthma', 'Acute Bronchitis']"
sharp chest pain sharp abdominal pain vomiting vomiting blood,Gastritis,Gastroduodenal Ulcer,0.3810963427726995,2.672115306953673,"['Gastroduodenal Ulcer', 'Gastritis', 'Sickle Cell Crisis']"
anxiety and nervousness depressive or psychotic symptoms insomnia,Dysthymic Disorder,Panic Disorder,0.11351754469658282,3.1851210431742807,"['Panic Disorder', 'Acute Stress Reaction', 'Anxiety']"
painful urination blood in urine,Urinary Tract Obstruction,Urge Incontinence,0.13803721295819846,3.187509317522191,"['Urge Incontinence', 'Urinary Tract Obstruction', 'Urinary Tract Infection']"
shortness of breath sore throat,Interstitial Lung Disease,Esophagitis,0.20598108011315805,2.984728356409099,"['Esophagitis', 'Interstitial Lung Disease', 'Pneumonia']"
leg pain arm pain back pain low back pain,Spinal Stenosis,Herniated Disk,0.16546726019126073,2.8654062391446447,"['Herniated Disk', 'Sprain Or Strain', 'Fibromyalgia']"
leg pain loss of sensation,Complex Regional Pain Syndrome,Peripheral Nerve Disorder,0.12431298387276318,3.2901794970770366,"['Peripheral Nerve Disorder', 'Muscle Spasm', 'Mononeuritis']"
ear pain plugged feeling in ear fever,Chronic Otitis Media,Otitis Externa (Swimmer'S Ear),0.20459488257392433,2.5871449370185786,"[""Otitis Externa (Swimmer'S Ear)"", 'Acute Otitis Media', 'Chronic Otitis Media']"
blood in stool vomiting diarrhea burning abdominal pain chills,Infectious Gastroenteritis,Diverticulitis,0.6750458031763867,1.0901174854289657,"['Diverticulitis', 'Noninfectious Gastroenteritis', 'Infectious Gastroenteritis']"
retention of urine painful urination blood in urine fever,Urinary Tract Infection,Prostatitis,0.44716954383244195,2.1519415388086047,"['Prostatitis', 'Urinary Tract Infection', 'Urge Incontinence']"
sore throat cough facial pain ear pain,Nose Disorder,Otitis Externa (Swimmer'S Ear),0.26145772177869914,2.3652151588731547,"[""Otitis Externa (Swimmer'S Ear)"", 'Chronic Sinusitis', 'Acute Sinusitis']"
intermenstrual bleeding cramps and spasms long menstrual periods unpredictable menstruation,Idiopathic Irregular Menstrual Cycle,Idiopathic Excessive Menstruation,0.4759162124041439,1.108432895073072,"['Idiopathic Excessive Menstruation', 'Idiopathic Irregular Menstrual Cycle', 'Idiopathic Painful Menstruation']"
skin lesion irregular appearing scalp skin dryness peeling scaliness or roughness skin rash,Seborrheic Dermatitis,Eczema,0.16910524390948667,2.678535662724315,"['Eczema', 'Psoriasis', 'Actinic Keratosis']"
plugged feeling in ear,Ear Wax Impaction,Conductive Hearing Loss,0.09655306219002677,3.4044467530073907,"['Conductive Hearing Loss', 'Chronic Otitis Media', 'Labyrinthitis']"
toothache ear pain jaw swelling gum pain bleeding gums pain in gums,Gum Disease,Tooth Disorder,0.6421359055139433,0.9474933145452091,"['Tooth Disorder', 'Gum Disease', 'Dental Caries']"
hip pain neck pain paresthesia,Spondylolisthesis,Spondylosis,0.23761397299410972,2.5494296056456105,"['Spondylosis', 'Degenerative Disc Disease', 'Herniated Disk']"
sharp abdominal pain intermenstrual bleeding problems during pregnancy blood clots during menstrual periods,Spontaneous Abortion,Threatened Pregnancy,0.462344908715105,1.5561414930108803,"['Threatened Pregnancy', 'Spontaneous Abortion', 'Vaginal Cyst']"
skin swelling abnormal appearing skin itching of skin,Rosacea,Viral Exanthem,0.100477187564789,3.593196459971298,"['Viral Exanthem', 'Insect Bite', 'Envenomation From Spider Or Animal Bite']"
cough nasal congestion facial pain painful sinuses,Nose Disorder,Acute Sinusitis,0.35078947766213353,2.042565675714432,"['Acute Sinusitis', 'Nose Disorder', 'Deviated Nasal Septum']"
nasal congestion skin swelling abnormal appearing skin itching of skin skin rash,Viral Exanthem,Impetigo,0.325943643217263,2.4177474870093327,"['Impetigo', 'Viral Exanthem', 'Food Allergy']"
sharp abdominal pain vaginal discharge cramps and spasms unpredictable menstruation,Idiopathic Excessive Menstruation,Idiopathic Painful Menstruation,0.5128165404577253,1.995224099856598,"['Idiopathic Painful Menstruation', 'Idiopathic Excessive Menstruation', 'Vulvodynia']"
depression insomnia restlessness excessive anger,Adjustment Reaction,Drug Abuse (Opioids),0.48847808142922317,1.3267714378576119,"['Drug Abuse (Opioids)', 'Adjustment Reaction', 'Dysthymic Disorder']"
headache neck pain low back pain loss of sensation,Muscle Spasm,Neuralgia,0.27044258275094823,2.4300251642757473,"['Neuralgia', 'Muscle Spasm', 'Brachial Neuritis']"
blood in stool pain of the anus changes in stool appearance,Chronic Constipation,Hemorrhoids,0.43852188537388487,1.638976451391137,"['Hemorrhoids', 'Chronic Constipation', 'Gastroduodenal Ulcer']"
sharp abdominal pain lower abdominal pain pain during pregnancy pelvic pain problems during pregnancy spotting or bleeding during pregnancy cramps and spasms heavy menstrual flow,Vaginal Cyst,Spontaneous Abortion,0.4650753823038399,1.006683107273978,"['Spontaneous Abortion', 'Vaginal Cyst', 'Problem During Pregnancy']"
anxiety and nervousness abusing alcohol hostile behavior,Post-Traumatic Stress Disorder (Ptsd),Drug Abuse,0.19578153476798651,2.6570933027488968,"['Drug Abuse', 'Psychotic Disorder', 'Post-Traumatic Stress Disorder (Ptsd)']"
diminished vision double vision symptoms of eye,Cataract,Corneal Disorder,0.22419847363929768,2.3445466725951913,"['Corneal Disorder', 'Cataract', 'Macular Degeneration']"
abnormal appearing skin skin lesion acne or pimples irregular appearing scalp skin moles skin dryness peeling scaliness or roughness,Dermatitis Due To Sun Exposure,Skin Pigmentation Disorder,0.21898245618914336,2.3133122623944633,"['Skin Pigmentation Disorder', 'Skin Disorder', 'Dermatitis Due To Sun Exposure']"
diminished hearing ear pain,Injury To The Face,Acute Otitis Media,0.18715715562657798,3.0534222205161194,"['Acute Otitis Media', 'Eustachian Tube Dysfunction (Ear Disorder)', 'Injury To The Face']"
abnormal appearing skin skin lesion acne or pimples irregular appearing scalp itching of skin skin irritation warts skin rash,Eczema,Seborrheic Keratosis,0.5511760498872845,1.0703770376011783,"['Seborrheic Keratosis', 'Eczema', 'Skin Polyp']"
blood in stool vomiting diarrhea lower abdominal pain upper abdominal pain,Diverticulosis,Diverticulitis,0.6122484506770288,1.078744149882285,"['Diverticulitis', 'Diverticulosis', 'Appendicitis']"
diminished vision symptoms of eye pain in eye foreign body sensation in eye spots or clouds in vision eye redness itchiness of eye,Corneal Disorder,Cornea Infection,0.24907818680268562,2.0101711307686205,"['Cornea Infection', 'Dry Eye Of Unknown Cause', 'Glaucoma']"
depression insomnia excessive anger delusions or hallucinations fears and phobias hysterical behavior,Schizophrenia,Psychotic Disorder,0.48589248304951854,1.0022329730803041,"['Psychotic Disorder', 'Schizophrenia', 'Adjustment Reaction']"
skin swelling skin lesion acne or pimples skin growth itching of skin skin dryness peeling scaliness or roughness,Skin Pigmentation Disorder,Skin Polyp,0.17356799984006666,2.3640229134842103,"['Skin Polyp', 'Fungal Infection Of The Hair', 'Rosacea']"
shortness of breath nasal congestion vomiting coryza,Croup,Acute Bronchospasm,0.3239183201119502,2.53652539677426,"['Acute Bronchospasm', 'Croup', 'Pneumonia']"
shortness of breath chest tightness palpitations fatigue,Hypertensive Heart Disease,Ischemic Heart Disease,0.31323106911851645,2.610459970636774,"['Ischemic Heart Disease', 'Hypertensive Heart Disease', 'Heart Failure']"
fluid in ear fever,Otitis Media,Ear Wax Impaction,0.26639182305001124,2.4062388866689055,"['Ear Wax Impaction', ""Otitis Externa (Swimmer'S Ear)"", 'Acute Otitis Media']"
anxiety and nervousness hostile behavior delusions or hallucinations temper problems fears and phobias,Personality Disorder,Psychotic Disorder,0.2532421989803695,1.9406324231255794,"['Psychotic Disorder', 'Personality Disorder', 'Marijuana Abuse']"
shortness of breath sore throat cough nasal congestion fever coryza congestion in chest,Chronic Obstructive Pulmonary Disease (Copd),Acute Bronchitis,0.5067374894233259,1.241980636511894,"['Acute Bronchitis', 'Chronic Obstructive Pulmonary Disease (Copd)', 'Pneumonia']"
pain in eye eye redness swollen eye eyelid swelling,Blepharitis,Chalazion,0.47333418943136235,1.400032780662599,"['Chalazion', 'Stye', 'Blepharitis']"
drug abuse restlessness temper problems,Attention Deficit Hyperactivity Disorder (Adhd),Drug Abuse (Opioids),0.8145037705259279,0.882205270809042,"['Drug Abuse (Opioids)', 'Attention Deficit Hyperactivity Disorder (Adhd)', 'Developmental Disability']"
symptoms of the scrotum and testes pain in testicles mass in scrotum lower abdominal pain groin pain,Varicocele Of The Testicles,Inguinal Hernia,0.6294208826234108,1.0512906580697878,"['Inguinal Hernia', 'Varicocele Of The Testicles', 'Epididymitis']"
abnormal appearing skin acne or pimples itching of skin skin dryness peeling scaliness or roughness,Molluscum Contagiosum,Fungal Infection Of The Skin,0.12478139063690295,2.738169438385489,"['Fungal Infection Of The Skin', 'Rosacea', 'Molluscum Contagiosum']"
sharp abdominal pain lower abdominal pain burning abdominal pain,Irritable Bowel Syndrome,Pelvic Inflammatory Disease,0.10499556351581599,3.383194998363916,"['Pelvic Inflammatory Disease', 'Ileus', 'Appendicitis']"
fever coryza,Nose Disorder,Otitis Media,0.12139572796619237,3.337509159287671,"['Otitis Media', 'Acute Otitis Media', 'Flu']"
anxiety and nervousness hostile behavior drug abuse delusions or hallucinations temper problems fears and phobias,Marijuana Abuse,Personality Disorder,0.4615524536829947,1.251055386534144,"['Personality Disorder', 'Marijuana Abuse', 'Depression']"
shortness of breath chest tightness nasal congestion coryza,Chronic Obstructive Pulmonary Disease (Copd),Acute Bronchospasm,0.2845205703547407,2.5497728837212836,"['Acute Bronchospasm', 'Chronic Obstructive Pulmonary Disease (Copd)', 'Asthma']"
acne or pimples skin moles skin rash,Acne,Contact Dermatitis,0.20023207806957533,2.6480869715592785,"['Contact Dermatitis', 'Skin Pigmentation Disorder', 'Acne']"
skin swelling abnormal appearing skin skin lesion skin growth skin moles warts,Skin Pigmentation Disorder,Skin Polyp,0.22858094433268378,2.392611012491414,"['Skin Polyp', 'Viral Warts', 'Seborrheic Keratosis']"
lower abdominal pain back pain pelvic pain,Threatened Pregnancy,Cystitis,0.4397943115105199,2.1952153855738414,"['Cystitis', 'Vulvodynia', 'Problem During Pregnancy']"
nasal congestion skin swelling abnormal appearing skin,Impetigo,Viral Exanthem,0.351071172122803,2.590300049826312,"['Viral Exanthem', 'Impetigo', 'Food Allergy']"
blood in stool sharp abdominal pain vomiting headache burning abdominal pain decreased appetite,Noninfectious Gastroenteritis,Infectious Gastroenteritis,0.4782823620899378,1.101343379615789,"['Infectious Gastroenteritis', 'Noninfectious Gastroenteritis', 'Gastroduodenal Ulcer']"
white discharge from eye fever swollen eye,Conjunctivitis,Conjunctivitis Due To Virus,0.5253509737068243,1.0113360026840459,"['Conjunctivitis Due To Virus', 'Conjunctivitis', 'Blepharitis']"
leg pain wrist pain knee pain ankle pain,Tendinitis,Sprain Or Strain,0.5615018063201654,1.5513755537663174,"['Sprain Or Strain', 'Tendinitis', 'Joint Effusion']"
sore throat diminished hearing,Tonsillitis,Otitis Media,0.15989487455176182,3.4019787605980825,"['Otitis Media', 'Eustachian Tube Dysfunction (Ear Disorder)', 'Acute Otitis Media']"
hip pain back pain,Chronic Back Pain,Osteoarthritis,0.126874658208203,3.414881863323683,"['Osteoarthritis', 'Fracture Of The Rib', 'Spondylitis']"
anxiety and nervousness depression insomnia hostile behavior,Personality Disorder,Adjustment Reaction,0.19356253297212841,2.6135739595545067,"['Adjustment Reaction', 'Psychotic Disorder', 'Neurosis']"
double vision symptoms of eye abnormal movement of eyelid foreign body sensation in eye lacrimation,Macular Degeneration,Diabetic Retinopathy,0.3432318500131606,1.2756614762314187,"['Diabetic Retinopathy', 'Macular Degeneration', 'Dry Eye Of Unknown Cause']"
abnormal appearing skin skin lesion acne or pimples skin growth irregular appearing scalp skin moles warts,Skin Polyp,Seborrheic Keratosis,0.3367168043064572,1.7803496537377002,"['Seborrheic Keratosis', 'Skin Pigmentation Disorder', 'Skin Polyp']"
sharp chest pain vomiting,Esophagitis,Sickle Cell Crisis,0.16749672632483603,3.4580074294984966,"['Sickle Cell Crisis', 'Pain After An Operation', 'Hypokalemia']"
blood in stool sharp abdominal pain vomiting nausea burning abdominal pain upper abdominal pain,Gastroduodenal Ulcer,Diverticulitis,0.37655151778605617,2.23262095956217,"['Diverticulitis', 'Gastroduodenal Ulcer', 'Esophagitis']"
arm stiffness or tightness elbow pain elbow swelling,Fracture Of The Arm,Bursitis,0.48598380130379953,1.5679288851784685,"['Bursitis', 'Injury To The Arm', 'Fracture Of The Arm']"
skin swelling skin lesion itching of skin skin dryness peeling scaliness or roughness,Fungal Infection Of The Hair,Eczema,0.12838536463799965,2.9770845100832455,"['Eczema', 'Rosacea', 'Skin Polyp']"
abnormal appearing skin skin lesion acne or pimples skin growth skin moles skin irritation,Atrophic Skin Condition,Skin Disorder,0.3171341596613942,1.94539336721031,"['Skin Disorder', 'Atrophic Skin Condition', 'Seborrheic Keratosis']"
depressive or psychotic symptoms insomnia hostile behavior temper problems hysterical behavior,Psychotic Disorder,Schizophrenia,0.5711790196510321,1.1554411595731044,"['Schizophrenia', 'Psychotic Disorder', 'Conduct Disorder']"
sharp chest pain vomiting nausea back pain burning abdominal pain side pain lower body pain upper abdominal pain,Cholecystitis,Gallstone,0.3473380929906374,1.2260053480960287,"['Gallstone', 'Acute Pancreatitis', 'Cholecystitis']"
white discharge from eye diminished vision symptoms of eye,Chronic Glaucoma,Corneal Abrasion,0.27388331987748915,2.15762563783978,"['Corneal Abrasion', 'Chronic Glaucoma', 'Corneal Disorder']"
anxiety and nervousness shortness of breath abnormal involuntary movements,Panic Disorder,Acute Stress Reaction,0.3891045596498112,2.2147188984225226,"['Acute Stress Reaction', 'Anxiety', 'Panic Disorder']"
leg pain loss of sensation back cramps or spasms,Sciatica,Chronic Back Pain,0.3720380873986904,2.3086350962614484,"['Chronic Back Pain', 'Sciatica', 'Muscle Spasm']"
skin swelling lip swelling skin lesion acne or pimples skin growth,Viral Warts,Atrophic Skin Condition,0.44824015425940333,1.639096671106839,"['Atrophic Skin Condition', 'Viral Warts', 'Callus']"
shortness of breath chest tightness cough nasal congestion wheezing fever coughing up sputum,Chronic Obstructive Pulmonary Disease (Copd),Asthma,0.6000442351216572,0.9529186872546921,"['Asthma', 'Chronic Obstructive Pulmonary Disease (Copd)', 'Acute Bronchitis']"
toothache jaw swelling gum pain bleeding gums,Gum Disease,Tooth Disorder,0.5490101708421252,1.4430947668249738,"['Tooth Disorder', 'Gum Disease', 'Tooth Abscess']"
leg pain hip pain back pain shoulder pain ache all over,Chronic Pain Disorder,Neuralgia,0.3266628889516949,1.8655369950888403,"['Neuralgia', 'Chronic Pain Disorder', 'Spondylosis']"
abnormal appearing skin skin on leg or foot looks infected skin on arm or hand looks infected,Paronychia,Ingrown Toe Nail,0.4067182492917237,2.072844945879008,"['Ingrown Toe Nail', 'Paronychia', 'Onychomycosis']"
skin swelling irregular appearing scalp skin moles itching of skin,Seborrheic Keratosis,Skin Polyp,0.23374898484635848,2.2275660571103737,"['Skin Polyp', 'Skin Pigmentation Disorder', 'Psoriasis']"
back pain low back pain pelvic pain ache all over,Arthritis Of The Hip,Chronic Pain Disorder,0.6872723687058893,1.1776121787072968,"['Chronic Pain Disorder', 'Arthritis Of The Hip', 'Fibromyalgia']"
suprapubic pain painful urination lower abdominal pain,Vaginal Yeast Infection,Pelvic Inflammatory Disease,0.20325642318474957,2.5432364526827826,"['Pelvic Inflammatory Disease', 'Temporary Or Benign Blood In Urine', 'Urinary Tract Infection']"
low back pain side pain lower body pain,Spondylitis,Chronic Back Pain,0.15088553270610244,2.892872347157227,"['Chronic Back Pain', 'Spondylitis', 'Degenerative Disc Disease']"
loss of sensation paresthesia shoulder pain lower body pain,Spondylosis,Spinal Stenosis,0.4588571620942181,1.3495270755789366,"['Spinal Stenosis', 'Degenerative Disc Disease', 'Spondylosis']"
cough ringing in ear fever,Ear Wax Impaction,Otitis Externa (Swimmer'S Ear),0.31859440900799696,2.97299549799392,"[""Otitis Externa (Swimmer'S Ear)"", 'Ear Wax Impaction', 'Ear Drum Damage']"
anxiety and nervousness depressive or psychotic symptoms insomnia hostile behavior drug abuse delusions or hallucinations,Depression,Personality Disorder,0.27539354947473405,1.818401950734132,"['Personality Disorder', 'Neurosis', 'Post-Traumatic Stress Disorder (Ptsd)']"
blood in stool heartburn melena rectal bleeding constipation,Hemorrhoids,Rectal Disorder,0.5502811332607249,1.3333005959397397,"['Rectal Disorder', 'Hemorrhoids', 'Diverticulosis']"
sore throat headache chills,Common Cold,Flu,0.3336612122133487,2.9375512440648537,"['Flu', 'Common Cold', 'Strep Throat']"
depression insomnia abusing alcohol hostile behavior delusions or hallucinations,Post-Traumatic Stress Disorder (Ptsd),Psychotic Disorder,0.35536093514955114,1.6046155997647042,"['Psychotic Disorder', 'Post-Traumatic Stress Disorder (Ptsd)', 'Depression']"
back pain problems with movement,Spondylolisthesis,Spinal Stenosis,0.2739829088196848,3.0143308813379184,"['Spinal Stenosis', 'Complex Regional Pain Syndrome', 'Arthritis Of The Hip']"
sore throat nasal congestion vomiting fever chills,Common Cold,Pneumonia,0.4272855469546247,1.7622290164493608,"['Pneumonia', 'Common Cold', 'Strep Throat']"
diminished vision double vision symptoms of eye spots or clouds in vision,Corneal Disorder,Macular Degeneration,0.21485919681379476,2.1729764225201764,"['Macular Degeneration', 'Corneal Disorder', 'Cataract']"
mouth ulcer fever skin rash,Herpangina,Impetigo,0.6049374546762946,1.6708849102567624,"['Impetigo', 'Herpangina', 'Oral Thrush (Yeast Infection)']"
lack of growth temper problems antisocial behavior,Autism,Attention Deficit Hyperactivity Disorder (Adhd),0.45803405345471065,2.0681480065724163,"['Attention Deficit Hyperactivity Disorder (Adhd)', 'Autism', 'Developmental Disability']"
abnormal appearing skin irregular appearing scalp itching of skin,Fungal Infection Of The Hair,Seborrheic Keratosis,0.11126203284361523,3.4250302974666464,"['Seborrheic Keratosis', 'Skin Disorder', 'Skin Pigmentation Disorder']"
abnormal appearing skin skin growth skin dryness peeling scaliness or roughness,Acne,Rosacea,0.11362333032666178,3.1304095273434203,"['Rosacea', 'Skin Disorder', 'Onychomycosis']"
abnormal appearing skin skin lesion skin growth irregular appearing scalp itching of skin skin dryness peeling scaliness or roughness warts,Skin Polyp,Skin Pigmentation Disorder,0.4577881609471326,1.8938705534119555,"['Skin Pigmentation Disorder', 'Skin Polyp', 'Skin Cancer']"
sharp abdominal pain nausea decreased appetite side pain upper abdominal pain,Appendicitis,Choledocholithiasis,0.42665650157547913,1.6005180628821067,"['Choledocholithiasis', 'Appendicitis', 'Liver Disease']"
diminished vision foreign body sensation in eye spots or clouds in vision itchiness of eye,Corneal Disorder,Glaucoma,0.16295483759866622,2.3754378817716395,"['Glaucoma', 'Diabetic Retinopathy', 'Cornea Infection']"
sharp abdominal pain painful urination lower abdominal pain vaginal discharge vaginal redness,Vaginitis,Vaginal Yeast Infection,0.5197405122016827,1.5315033658438177,"['Vaginal Yeast Infection', 'Vaginitis', 'Vulvodynia']"
diminished vision symptoms of eye pain in eye foreign body sensation in eye swollen eye,Chalazion,Cornea Infection,0.3397925359618428,2.3927287542770888,"['Cornea Infection', 'Chalazion', 'Myopia']"
hand or finger pain back pain low back pain,Brachial Neuritis,Sprain Or Strain,0.31179082294116756,2.2388307694855585,"['Sprain Or Strain', 'Brachial Neuritis', 'Complex Regional Pain Syndrome']"
white discharge from eye foreign body sensation in eye spots or clouds in vision eye redness lacrimation itchiness of eye,Corneal Disorder,Dry Eye Of Unknown Cause,0.46934316679400107,1.4583638724968595,"['Dry Eye Of Unknown Cause', 'Corneal Disorder', 'Glaucoma']"
shortness of breath sharp chest pain chest tightness palpitations difficulty breathing fatigue,Ischemic Heart Disease,Hypertensive Heart Disease,0.5515037901589671,1.7183084650895226,"['Hypertensive Heart Disease', 'Ischemic Heart Disease', 'Heart Failure']"
skin swelling abnormal appearing skin acne or pimples irregular appearing scalp skin moles skin dryness peeling scaliness or roughness,Acne,Skin Polyp,0.20761642339204228,2.3662875818004645,"['Skin Polyp', 'Skin Pigmentation Disorder', 'Acne']"
diminished vision symptoms of eye spots or clouds in vision blindness,Macular Degeneration,Cataract,0.2875954179658243,2.323647304582917,"['Cataract', 'Macular Degeneration', 'Myopia']"
white discharge from eye diminished vision symptoms of eye itchiness of eye eye burns or stings,Blepharitis,Chronic Glaucoma,0.5055208286081158,1.319930873565359,"['Chronic Glaucoma', 'Blepharitis', 'Corneal Abrasion']"
hip pain low back pain shoulder pain,Spinal Stenosis,Neuralgia,0.26907817954498375,2.473374068447271,"['Neuralgia', 'Chronic Pain Disorder', 'Degenerative Disc Disease']"
dizziness nausea,Hiatal Hernia,Drug Reaction,0.08648861510349035,4.209491810672898,"['Drug Reaction', 'Hypovolemia', 'Hypoglycemia']"
shortness of breath cough vomiting difficulty breathing coryza,Acute Bronchiolitis,Acute Bronchospasm,0.4083655999771041,1.8112144595012896,"['Acute Bronchospasm', 'Acute Bronchiolitis', 'Pneumonia']"
hip pain back pain problems with movement,Spondylolisthesis,Spinal Stenosis,0.3034084302730425,2.3991424355157918,"['Spinal Stenosis', 'Arthritis Of The Hip', 'Spondylolisthesis']"
skin lesion irregular appearing scalp skin dryness peeling scaliness or roughness skin irritation,Skin Cancer,Eczema,0.2569344197076005,2.2337943276622996,"['Eczema', 'Skin Disorder', 'Skin Cancer']"
low back pain loss of sensation lower body pain back cramps or spasms,Sciatica,Chronic Back Pain,0.6148529615721514,1.3561578223656725,"['Chronic Back Pain', 'Sciatica', 'Degenerative Disc Disease']"
palpitations difficulty breathing,Pulmonary Hypertension,Hypertensive Heart Disease,0.16293615159863478,3.9041741181194336,"['Hypertensive Heart Disease', 'Aortic Valve Disease', 'Pulmonary Hypertension']"
sharp abdominal pain vomiting nausea diarrhea chills fluid retention,Noninfectious Gastroenteritis,Infectious Gastroenteritis,0.4469546049896317,1.4180488369216298,"['Infectious Gastroenteritis', 'Noninfectious Gastroenteritis', 'Diabetic Ketoacidosis']"
retention of urine suprapubic pain frequent urination blood in urine symptoms of bladder,Temporary Or Benign Blood In Urine,Bladder Disorder,0.2578009746523876,2.0758703282762303,"['Bladder Disorder', 'Temporary Or Benign Blood In Urine', 'Cystitis']"
skin swelling abnormal appearing skin skin lesion itching of skin skin dryness peeling scaliness or roughness skin irritation,Eczema,Skin Disorder,0.2309609874753746,2.361342673095997,"['Skin Disorder', 'Eczema', 'Skin Polyp']"
diminished vision double vision pain in eye foreign body sensation in eye spots or clouds in vision lacrimation,Macular Degeneration,Corneal Disorder,0.2883887085813689,1.86839434045491,"['Corneal Disorder', 'Macular Degeneration', 'Dry Eye Of Unknown Cause']"
cough headache coryza,Acute Bronchitis,Seasonal Allergies (Hay Fever),0.21029352298551535,3.2517970505359046,"['Seasonal Allergies (Hay Fever)', 'Flu', 'Acute Bronchitis']"
diminished vision eye redness lacrimation,Conjunctivitis Due To Allergy,Conjunctivitis Due To Virus,0.28264879117151454,2.748260390622345,"['Conjunctivitis Due To Virus', 'Glaucoma', 'Dry Eye Of Unknown Cause']"
sharp chest pain sharp abdominal pain side pain lower body pain regurgitation 1,Cholecystitis,Gallstone,0.5172172601972155,1.1534594938595208,"['Gallstone', 'Cholecystitis', 'Acute Pancreatitis']"
facial pain peripheral edema jaw swelling pain in gums,Tooth Disorder,Tooth Abscess,0.25235145741544845,2.0582049183658415,"['Tooth Abscess', 'Tooth Disorder', 'Dental Caries']"
cough nasal congestion itchiness of eye allergic reaction sneezing,Conjunctivitis Due To Allergy,Seasonal Allergies (Hay Fever),0.4897754483683364,1.180517553178547,"['Seasonal Allergies (Hay Fever)', 'Conjunctivitis Due To Allergy', 'Allergy']"
sharp abdominal pain vomiting diarrhea side pain upper abdominal pain,Appendicitis,Acute Pancreatitis,0.5927152829282064,1.653815456053711,"['Acute Pancreatitis', 'Diverticulitis', 'Appendicitis']"
cough wheezing fever difficulty breathing coughing up sputum,Acute Bronchitis,Asthma,0.6505166599269583,0.9176449140600379,"['Asthma', 'Acute Bronchitis', 'Acute Bronchiolitis']"
cough ear pain ringing in ear,Otitis Externa (Swimmer'S Ear),Ear Drum Damage,0.2756449487120428,3.0096148083241,"['Ear Drum Damage', ""Otitis Externa (Swimmer'S Ear)"", 'Ear Wax Impaction']"
sharp chest pain chills,Acute Respiratory Distress Syndrome (Ards),Choledocholithiasis,0.4607225366981291,2.7138271691861098,"['Choledocholithiasis', 'Acute Respiratory Distress Syndrome (Ards)', 'Pneumonia']"
involuntary urination pelvic pain,Uterine Fibroids,Cystitis,0.5759769691613957,1.9988778057473209,"['Cystitis', 'Uterine Fibroids', 'Erectile Dysfunction']"
skin lesion acne or pimples skin growth irregular appearing scalp itching of skin skin irritation,Seborrheic Keratosis,Skin Disorder,0.2898805921489294,1.7517956016026115,"['Skin Disorder', 'Seborrheic Keratosis', 'Fungal Infection Of The Hair']"
fever coughing up sputum congestion in chest,Chronic Obstructive Pulmonary Disease (Copd),Acute Bronchitis,0.5478828170012044,1.0264667579079978,"['Acute Bronchitis', 'Chronic Obstructive Pulmonary Disease (Copd)', 'Acute Sinusitis']"
anxiety and nervousness depression insomnia abusing alcohol,Depression,Bipolar Disorder,0.23405540432568855,2.4207039059140842,"['Bipolar Disorder', 'Psychotic Disorder', 'Eating Disorder']"
arm pain wrist swelling arm swelling elbow swelling,Fracture Of The Arm,Injury To The Arm,0.6648829589846381,1.0779429660717095,"['Injury To The Arm', 'Fracture Of The Arm', 'Bursitis']"
knee pain knee swelling problems with movement leg swelling ankle swelling,Injury To The Leg,Fracture Of The Leg,0.5087318380148734,1.1132325591127818,"['Fracture Of The Leg', 'Injury To The Leg', 'Joint Effusion']"
skin swelling abnormal appearing skin acne or pimples skin growth skin dryness peeling scaliness or roughness warts,Skin Pigmentation Disorder,Skin Polyp,0.4053939375859637,1.9519494751819602,"['Skin Polyp', 'Skin Pigmentation Disorder', 'Rosacea']"
pelvic pain cramps and spasms long menstrual periods unpredictable menstruation,Idiopathic Painful Menstruation,Idiopathic Irregular Menstrual Cycle,0.544222983903559,1.1660480509792406,"['Idiopathic Irregular Menstrual Cycle', 'Idiopathic Painful Menstruation', 'Idiopathic Excessive Menstruation']"
insomnia hostile behavior temper problems,Personality Disorder,Post-Traumatic Stress Disorder (Ptsd),0.22361505803298062,2.923647812471307,"['Post-Traumatic Stress Disorder (Ptsd)', 'Schizophrenia', 'Personality Disorder']"
sharp chest pain nausea symptoms of the kidneys,Acute Kidney Injury,Cholecystitis,0.38883183584405484,2.833994354016513,"['Cholecystitis', 'Acute Kidney Injury', 'Heart Attack']"
hand or finger swelling knee pain foot or toe pain ankle pain,Tendinitis,Gout,0.5536350135787322,1.0586280464187328,"['Gout', 'Tendinitis', 'Sprain Or Strain']"
skin swelling skin lesion acne or pimples skin growth skin moles itching of skin warts skin rash,Skin Pigmentation Disorder,Seborrheic Keratosis,0.48802973457925897,1.1245252510506643,"['Seborrheic Keratosis', 'Skin Pigmentation Disorder', 'Skin Polyp']"
skin swelling hand or finger swelling skin lesion,Insect Bite,Pyogenic Skin Infection,0.4036424828052977,2.034019174275564,"['Pyogenic Skin Infection', 'Insect Bite', 'Envenomation From Spider Or Animal Bite']"
depression depressive or psychotic symptoms insomnia hostile behavior hysterical behavior,Schizophrenia,Psychotic Disorder,0.4482648901711551,1.510128994325764,"['Psychotic Disorder', 'Schizophrenia', 'Conduct Disorder']"
back pain pelvic pain problems during pregnancy cramps and spasms,Threatened Pregnancy,Problem During Pregnancy,0.5483980188253826,1.3825888683434022,"['Problem During Pregnancy', 'Threatened Pregnancy', 'Vaginal Cyst']"
depressive or psychotic symptoms insomnia abusing alcohol hostile behavior temper problems,Psychotic Disorder,Post-Traumatic Stress Disorder (Ptsd),0.37968559316276684,1.7465909791969534,"['Post-Traumatic Stress Disorder (Ptsd)', 'Psychotic Disorder', 'Depression']"
depressive or psychotic symptoms disturbance of memory,Delirium,Depression,0.26768806949515134,3.529549495258477,"['Depression', 'Dysthymic Disorder', 'Transient Ischemic Attack']"
nasal congestion diminished hearing plugged feeling in ear fluid in ear,Otitis Media,Acute Otitis Media,0.283132003730769,2.002087935241253,"['Acute Otitis Media', 'Ear Wax Impaction', 'Sensorineural Hearing Loss']"
diminished vision pain in eye foreign body sensation in eye,Glaucoma,Chalazion,0.12135858200214127,2.896358431974381,"['Chalazion', 'Dry Eye Of Unknown Cause', 'Iridocyclitis']"
leg pain hip pain back pain loss of sensation shoulder pain lower body pain,Spinal Stenosis,Degenerative Disc Disease,0.3753582003827558,1.593431941329143,"['Degenerative Disc Disease', 'Spondylosis', 'Spinal Stenosis']"
shortness of breath sharp chest pain cough nasal congestion coughing up sputum coryza,Asthma,Chronic Obstructive Pulmonary Disease (Copd),0.4002150328823547,1.4467176800528012,"['Chronic Obstructive Pulmonary Disease (Copd)', 'Acute Bronchitis', 'Asthma']"
loss of sensation paresthesia,Complex Regional Pain Syndrome,Multiple Sclerosis,0.13017560407922635,3.406063208748314,"['Multiple Sclerosis', 'Transient Ischemic Attack', 'Peripheral Nerve Disorder']"
skin swelling abnormal appearing skin skin growth irregular appearing scalp skin moles,Seborrheic Keratosis,Skin Pigmentation Disorder,0.12190991974347107,2.644353649600909,"['Skin Pigmentation Disorder', 'Psoriasis', 'Hemangioma']"
abnormal appearing skin skin moles,Actinic Keratosis,Contact Dermatitis,0.11891221954343109,3.3823350889541683,"['Contact Dermatitis', 'Sebaceous Cyst', 'Skin Disorder']"
dizziness regurgitation heartburn regurgitation 1,Iron Deficiency Anemia,Hiatal Hernia,0.32688324532133894,3.0285894679955403,"['Hiatal Hernia', 'Iron Deficiency Anemia', 'Gallstone']"
anxiety and nervousness depressive or psychotic symptoms excessive anger delusions or hallucinations,Post-Traumatic Stress Disorder (Ptsd),Neurosis,0.11935190613468688,3.0127376339864718,"['Neurosis', 'Personality Disorder', 'Bipolar Disorder']"
anxiety and nervousness insomnia excessive anger delusions or hallucinations,Bipolar Disorder,Adjustment Reaction,0.19975032001120593,2.7396539420234056,"['Adjustment Reaction', 'Schizophrenia', 'Bipolar Disorder']"
blood in stool sharp abdominal pain vomiting diarrhea decreased appetite fever fluid retention,Noninfectious Gastroenteritis,Infectious Gastroenteritis,0.497025439921367,0.901561508144409,"['Infectious Gastroenteritis', 'Noninfectious Gastroenteritis', 'Diabetic Ketoacidosis']"
leg pain hip pain back pain neck pain low back pain paresthesia lower body pain,Spinal Stenosis,Spondylosis,0.35440516012456175,1.7632277738127482,"['Spondylosis', 'Spinal Stenosis', 'Degenerative Disc Disease']"
anxiety and nervousness insomnia abnormal involuntary movements,Panic Disorder,Acute Stress Reaction,0.3562342171003033,2.4482494251034774,"['Acute Stress Reaction', 'Anxiety', 'Panic Disorder']"
abnormal appearing skin acne or pimples irregular appearing scalp itching of skin,Fungal Infection Of The Hair,Fungal Infection Of The Skin,0.15493771245287496,2.738188126464305,"['Fungal Infection Of The Skin', 'Skin Pigmentation Disorder', 'Seborrheic Keratosis']"
blood in stool sharp abdominal pain burning abdominal pain,Rectal Disorder,Diverticulitis,0.23513255183496565,2.8049281799186176,"['Diverticulitis', 'Infectious Gastroenteritis', 'Gastroduodenal Ulcer']"
hand or finger pain back pain neck pain,Complex Regional Pain Syndrome,Sprain Or Strain,0.33912865854034696,2.178941755751253,"['Sprain Or Strain', 'Brachial Neuritis', 'Complex Regional Pain Syndrome']"
abnormal appearing skin skin lesion skin growth irregular appearing scalp itching of skin skin irritation,Fungal Infection Of The Hair,Skin Disorder,0.30210421610411337,2.083859591874663,"['Skin Disorder', 'Seborrheic Keratosis', 'Fungal Infection Of The Hair']"
headache loss of sensation focal weakness disturbance of memory,Transient Ischemic Attack,Multiple Sclerosis,0.489746461705544,1.3632320505906714,"['Multiple Sclerosis', 'Transient Ischemic Attack', 'Parkinson Disease']"
blood in stool sharp abdominal pain headache diarrhea chills,Infectious Gastroenteritis,Noninfectious Gastroenteritis,0.5279383942927164,1.4521016515495468,"['Noninfectious Gastroenteritis', 'Infectious Gastroenteritis', 'Diverticulitis']"
skin swelling abnormal appearing skin skin lesion skin moles itching of skin,Psoriasis,Skin Polyp,0.15131534658663334,2.7453145541022272,"['Skin Polyp', 'Seborrheic Keratosis', 'Skin Disorder']"
dizziness diarrhea vomiting blood,Hyperemesis Gravidarum,Gastrointestinal Hemorrhage,0.39354089373604595,2.364757638249291,"['Gastrointestinal Hemorrhage', 'Hyperemesis Gravidarum', 'Gastritis']"
skin swelling abnormal appearing skin skin lesion skin growth irregular appearing scalp itching of skin skin dryness peeling scaliness or roughness skin irritation skin rash,Actinic Keratosis,Fungal Infection Of The Hair,0.39087481563583204,1.9752108597791793,"['Fungal Infection Of The Hair', 'Actinic Keratosis', 'Skin Disorder']"
shortness of breath cough wheezing fever,Chronic Obstructive Pulmonary Disease (Copd),Acute Bronchiolitis,0.14424281563149335,2.833077362626216,"['Acute Bronchiolitis', 'Asthma', 'Interstitial Lung Disease']"
cough itchiness of eye allergic reaction sneezing,Seasonal Allergies (Hay Fever),Conjunctivitis Due To Allergy,0.5441133703611967,1.4763105910170498,"['Conjunctivitis Due To Allergy', 'Seasonal Allergies (Hay Fever)', 'Allergy']"
cough plugged feeling in ear redness in ear,Acute Otitis Media,Chronic Otitis Media,0.2754965803301093,2.5133810262975436,"['Chronic Otitis Media', 'Ear Drum Damage', ""Otitis Externa (Swimmer'S Ear)""]"
anxiety and nervousness hostile behavior excessive anger temper problems,Depression,Marijuana Abuse,0.19670508828268998,2.7772108031079563,"['Marijuana Abuse', 'Post-Traumatic Stress Disorder (Ptsd)', 'Psychotic Disorder']"
vomiting nausea lower abdominal pain vaginal discharge,Pelvic Inflammatory Disease,Ovarian Cyst,0.4769530222743793,2.298992308303772,"['Ovarian Cyst', 'Pelvic Inflammatory Disease', 'Vulvodynia']"
irregular appearing scalp skin moles skin dryness peeling scaliness or roughness,Skin Polyp,Hemangioma,0.14988487966969843,2.5962940219700696,"['Hemangioma', 'Skin Cancer', 'Skin Pigmentation Disorder']"
headache arm pain neck pain low back pain,Neuralgia,Spinal Stenosis,0.1783689948367389,2.170127334378236,"['Spinal Stenosis', 'Fibromyalgia', 'Neuralgia']"
skin swelling abnormal appearing skin skin lesion irregular appearing scalp itching of skin warts skin rash,Eczema,Skin Pigmentation Disorder,0.3362608560745759,1.7390817655463415,"['Skin Pigmentation Disorder', 'Seborrheic Keratosis', 'Eczema']"
blood in stool nausea diarrhea burning abdominal pain fever chills,Infectious Gastroenteritis,Diverticulitis,0.49801610398634916,1.2488176143790746,"['Diverticulitis', 'Infectious Gastroenteritis', 'Noninfectious Gastroenteritis']"
skin swelling abnormal appearing skin skin lesion skin dryness peeling scaliness or roughness itchy scalp skin rash,Fungal Infection Of The Skin,Psoriasis,0.4131956158919664,1.6463915191674066,"['Psoriasis', 'Fungal Infection Of The Hair', 'Fungal Infection Of The Skin']"
abnormal appearing skin skin lesion acne or pimples,Atrophic Skin Condition,Molluscum Contagiosum,0.10032762205906101,3.173910378416832,"['Molluscum Contagiosum', 'Atrophic Skin Condition', 'Rosacea']"
cough,Pulmonary Congestion,Eczema,0.0976729747598082,4.212539854634272,"['Eczema', 'Teething Syndrome', 'Food Allergy']"
depression depressive or psychotic symptoms lack of growth hostile behavior temper problems,Obsessive Compulsive Disorder (Ocd),Attention Deficit Hyperactivity Disorder (Adhd),0.4423508927256087,1.9275119385174841,"['Attention Deficit Hyperactivity Disorder (Adhd)', 'Conduct Disorder', 'Obsessive Compulsive Disorder (Ocd)']"
depression depressive or psychotic symptoms insomnia excessive anger temper problems low self esteem,Schizophrenia,Personality Disorder,0.45770024056639885,1.4985095100090913,"['Personality Disorder', 'Schizophrenia', 'Oppositional Disorder']"
sharp abdominal pain lower abdominal pain back pain low back pain side pain,Pyelonephritis,Pain After An Operation,0.33053577437752113,2.3497832347714054,"['Pain After An Operation', 'Pyelonephritis', 'Kidney Stone']"
sharp chest pain vomiting back pain burning abdominal pain side pain lower body pain upper abdominal pain regurgitation 1,Cholecystitis,Gallstone,0.5663299211604351,0.854532325050848,"['Gallstone', 'Cholecystitis', 'Acute Pancreatitis']"
lower abdominal pain pelvic pain long menstrual periods heavy menstrual flow,Idiopathic Painful Menstruation,Idiopathic Irregular Menstrual Cycle,0.5388241428998861,1.5115493845633696,"['Idiopathic Irregular Menstrual Cycle', 'Idiopathic Painful Menstruation', 'Idiopathic Absence Of Menstruation']"
back pain neck pain low back pain paresthesia,Herniated Disk,Complex Regional Pain Syndrome,0.17101914273721097,2.5559765353858754,"['Complex Regional Pain Syndrome', 'Spondylosis', 'Brachial Neuritis']"
cough sharp abdominal pain chills,Sepsis,White Blood Cell Disease,0.31611652199491386,2.950899777099,"['White Blood Cell Disease', 'Sepsis', 'Diverticulitis']"
nasal congestion ear pain fluid in ear,Ear Wax Impaction,Chronic Otitis Media,0.2373784286622408,2.7341428387918327,"['Chronic Otitis Media', 'Acute Otitis Media', 'Ear Wax Impaction']"
drug abuse delusions or hallucinations temper problems fears and phobias,Marijuana Abuse,Personality Disorder,0.518041732299419,1.2877913414962072,"['Personality Disorder', 'Marijuana Abuse', 'Developmental Disability']"
sharp chest pain leg pain sharp abdominal pain vomiting back pain low back pain,Sickle Cell Crisis,Pain After An Operation,0.5120096256180581,1.2048456496838016,"['Pain After An Operation', 'Sickle Cell Crisis', 'Kidney Stone']"
skin swelling abnormal appearing skin skin lesion skin moles itching of skin skin rash,Contact Dermatitis,Seborrheic Keratosis,0.19622451463584606,2.7008075207136373,"['Seborrheic Keratosis', 'Psoriasis', 'Contact Dermatitis']"
mouth ulcer jaw swelling gum pain,Tooth Disorder,Gum Disease,0.4344122289216005,1.9930233540980158,"['Gum Disease', 'Tooth Disorder', 'Dental Caries']"
cough diminished hearing ear pain fluid in ear pulling at ears,Ear Drum Damage,Otitis Media,0.4262230036985564,1.5835694391694624,"['Otitis Media', 'Ear Wax Impaction', 'Ear Drum Damage']"
cough fever abnormal breathing sounds,Interstitial Lung Disease,Croup,0.39676812837272013,2.425627527695916,"['Croup', 'Interstitial Lung Disease', 'Obstructive Sleep Apnea (Osa)']"
anxiety and nervousness depression depressive or psychotic symptoms insomnia excessive anger delusions or hallucinations,Psychotic Disorder,Bipolar Disorder,0.14718349127117375,2.589618597478526,"['Bipolar Disorder', 'Psychotic Disorder', 'Schizophrenia']"
abnormal appearing skin skin lesion irregular appearing scalp skin moles skin rash,Seborrheic Keratosis,Skin Pigmentation Disorder,0.19855685114230257,2.6728302014562013,"['Skin Pigmentation Disorder', 'Seborrheic Keratosis', 'Psoriasis']"
sharp abdominal pain lower abdominal pain intermenstrual bleeding pain during pregnancy pelvic pain problems during pregnancy,Vaginal Cyst,Spontaneous Abortion,0.538867169891665,1.3768388956537194,"['Spontaneous Abortion', 'Vaginal Cyst', 'Threatened Pregnancy']"
depression depressive or psychotic symptoms hostile behavior low self esteem,Obsessive Compulsive Disorder (Ocd),Alcohol Abuse,0.2240488037755117,2.495747101345767,"['Alcohol Abuse', 'Personality Disorder', 'Schizophrenia']"
depressive or psychotic symptoms hostile behavior temper problems,Attention Deficit Hyperactivity Disorder (Adhd),Post-Traumatic Stress Disorder (Ptsd),0.1428303015888499,3.2933733826060685,"['Post-Traumatic Stress Disorder (Ptsd)', 'Attention Deficit Hyperactivity Disorder (Adhd)', 'Personality Disorder']"
facial pain frontal headache sinus congestion painful sinuses,Acute Sinusitis,Chronic Sinusitis,0.5314051700046175,0.928528566079799,"['Chronic Sinusitis', 'Acute Sinusitis', 'Nose Disorder']"
acne or pimples skin growth irregular appearing scalp itching of skin,Seborrheic Dermatitis,Skin Pigmentation Disorder,0.24206924702630878,2.226681708177712,"['Skin Pigmentation Disorder', 'Fungal Infection Of The Hair', 'Seborrheic Keratosis']"
diminished vision pain in eye spots or clouds in vision itchiness of eye eye burns or stings,Chronic Glaucoma,Blepharitis,0.3560210614037157,1.5744723340944886,"['Blepharitis', 'Chronic Glaucoma', 'Cornea Infection']"
skin growth skin moles skin dryness peeling scaliness or roughness skin rash,Psoriasis,Actinic Keratosis,0.21723082402863764,2.5459404403725383,"['Actinic Keratosis', 'Psoriasis', 'Acne']"
skin growth irregular appearing scalp skin moles itching of skin skin dryness peeling scaliness or roughness warts,Skin Polyp,Skin Pigmentation Disorder,0.6146609276722558,1.177503774264827,"['Skin Pigmentation Disorder', 'Skin Polyp', 'Skin Cancer']"
diminished vision abnormal movement of eyelid spots or clouds in vision lacrimation,Dry Eye Of Unknown Cause,Diabetic Retinopathy,0.28454140134175426,2.2341992774039934,"['Diabetic Retinopathy', 'Cataract', 'Macular Degeneration']"
sharp abdominal pain burning abdominal pain chills,Noninfectious Gastroenteritis,Diverticulitis,0.5207369173436225,2.440577929809359,"['Diverticulitis', 'Infectious Gastroenteritis', 'Noninfectious Gastroenteritis']"
retention of urine frequent urination blood in urine symptoms of bladder,Urge Incontinence,Pelvic Organ Prolapse,0.20653745554518285,2.4057380753207007,"['Pelvic Organ Prolapse', 'Benign Prostatic Hyperplasia (Bph)', 'Bladder Disorder']"
irregular appearing scalp skin moles skin rash,Actinic Keratosis,Acne,0.22143978671589679,2.4432726848251134,"['Acne', 'Skin Pigmentation Disorder', 'Psoriasis']"
anxiety and nervousness insomnia hostile behavior excessive anger fears and phobias low self esteem,Personality Disorder,Schizophrenia,0.5819140952189248,1.0826999779425843,"['Schizophrenia', 'Personality Disorder', 'Marijuana Abuse']"
sharp chest pain fever coughing up sputum coryza,Asthma,Chronic Obstructive Pulmonary Disease (Copd),0.38956107355924496,1.7187100529492936,"['Chronic Obstructive Pulmonary Disease (Copd)', 'Asthma', 'Acute Bronchitis']"
depression insomnia excessive anger delusions or hallucinations,Social Phobia,Adjustment Reaction,0.2258713619340604,2.7387735121810217,"['Adjustment Reaction', 'Bipolar Disorder', 'Schizophrenia']"
skin lesion irregular appearing scalp skin dryness peeling scaliness or roughness warts,Skin Cancer,Skin Pigmentation Disorder,0.28771863817904236,1.9298503660113226,"['Skin Pigmentation Disorder', 'Skin Cancer', 'Eczema']"
back pain low back pain problems with movement paresthesia,Complex Regional Pain Syndrome,Spinal Stenosis,0.41835132576016065,1.9740560262829407,"['Spinal Stenosis', 'Complex Regional Pain Syndrome', 'Spondylolisthesis']"
sharp chest pain vomiting nausea back pain lower body pain upper abdominal pain,Gallstone,Cholecystitis,0.34688307420963876,1.30182213686845,"['Cholecystitis', 'Gallstone', 'Acute Pancreatitis']"
suprapubic pain sharp abdominal pain vomiting frequent urination blood in urine side pain,Kidney Stone,Pyelonephritis,0.519102147636041,1.2640724735925284,"['Pyelonephritis', 'Kidney Stone', 'Urinary Tract Infection']"
anxiety and nervousness depressive or psychotic symptoms insomnia abusing alcohol excessive anger fears and phobias,Social Phobia,Bipolar Disorder,0.36338211046660907,1.5120262604868189,"['Bipolar Disorder', 'Psychotic Disorder', 'Social Phobia']"
dizziness fainting problems with movement,Benign Paroxysmal Positional Vertical (Bppv),Hypoglycemia,0.32187548603103405,2.8776466501363354,"['Hypoglycemia', 'Benign Paroxysmal Positional Vertical (Bppv)', 'Hypovolemia']"
skin swelling abnormal appearing skin skin lesion irregular appearing scalp itching of skin skin dryness peeling scaliness or roughness warts,Skin Polyp,Skin Pigmentation Disorder,0.3020492637605361,1.983032266306268,"['Skin Pigmentation Disorder', 'Skin Polyp', 'Eczema']"
cough nasal congestion ear pain fluid in ear pulling at ears,Ear Wax Impaction,Chronic Otitis Media,0.2945278632205079,1.8759057909449588,"['Chronic Otitis Media', 'Ear Wax Impaction', 'Otitis Media']"
abnormal appearing skin irregular appearing scalp itching of skin skin irritation warts skin rash,Eczema,Seborrheic Keratosis,0.6303041996154005,1.0009482891186494,"['Seborrheic Keratosis', 'Eczema', 'Skin Polyp']"
headache fever coryza,Common Cold,Flu,0.2830072002376241,2.986434731526896,"['Flu', 'Acute Bronchitis', 'Common Cold']"
abnormal appearing skin skin lesion skin moles warts,Skin Polyp,Viral Warts,0.18720654174982337,2.53794517943198,"['Viral Warts', 'Seborrheic Keratosis', 'Skin Polyp']"
diminished vision symptoms of eye pain in eye lacrimation swollen eye eyelid swelling,Blepharitis,Chalazion,0.6367304725559828,1.2950317160015252,"['Chalazion', 'Blepharitis', 'Corneal Abrasion']"
skin swelling acne or pimples skin growth skin irritation,Skin Disorder,Atrophic Skin Condition,0.25445132311478164,2.11335756274514,"['Atrophic Skin Condition', 'Skin Polyp', 'Skin Disorder']"
depression hostile behavior drug abuse excessive anger delusions or hallucinations,Neurosis,Post-Traumatic Stress Disorder (Ptsd),0.25472175909195677,2.062385509061982,"['Post-Traumatic Stress Disorder (Ptsd)', 'Personality Disorder', 'Neurosis']"
sharp chest pain sore throat cough nasal congestion wheezing difficulty breathing,Acute Bronchitis,Pneumonia,0.3507612513969132,1.4701674031418768,"['Pneumonia', 'Acute Bronchitis', 'Acute Bronchospasm']"
wrist pain arm pain foot or toe pain ankle pain shoulder pain,Mononeuritis,Sprain Or Strain,0.45439569428122323,1.220351650257725,"['Sprain Or Strain', 'Tendinitis', 'Mononeuritis']"
vomiting nausea diarrhea,Diabetic Ketoacidosis,Gastritis,0.0905055200267051,3.4418227635537426,"['Gastritis', 'Hyperemesis Gravidarum', 'Diverticulosis']"
skin swelling fever itching of skin,Impetigo,Viral Exanthem,0.44924980186159436,2.6433405051892,"['Viral Exanthem', 'Impetigo', 'Envenomation From Spider Or Animal Bite']"
blood in stool sharp abdominal pain nausea lower abdominal pain,Chronic Constipation,Diverticulitis,0.2683553680671655,2.4159669452680888,"['Diverticulitis', 'Diverticulosis', 'Chronic Constipation']"
sharp chest pain dizziness chest tightness irregular heartbeat fainting decreased heart rate increased heart rate,Sinus Bradycardia,Paroxysmal Ventricular Tachycardia,0.5281917018839245,0.8616845412913259,"['Paroxysmal Ventricular Tachycardia', 'Sinus Bradycardia', 'Heart Attack']"
cough nasal congestion wheezing,Acute Bronchiolitis,Chronic Obstructive Pulmonary Disease (Copd),0.12522122163159038,3.1614683714982186,"['Chronic Obstructive Pulmonary Disease (Copd)', 'Asthma', 'Interstitial Lung Disease']"
lower abdominal pain cramps and spasms long menstrual periods heavy menstrual flow painful menstruation,Idiopathic Painful Menstruation,Idiopathic Irregular Menstrual Cycle,0.5224020037562759,1.1298117124533853,"['Idiopathic Irregular Menstrual Cycle', 'Idiopathic Painful Menstruation', 'Idiopathic Excessive Menstruation']"
difficulty breathing painful sinuses nosebleed,Deviated Nasal Septum,Nose Disorder,0.7398619574417274,0.8929382578567149,"['Nose Disorder', 'Deviated Nasal Septum', 'Chronic Otitis Media']"
drug abuse excessive anger temper problems fears and phobias low self esteem,Marijuana Abuse,Personality Disorder,0.4916105732382989,0.836080668231766,"['Personality Disorder', 'Marijuana Abuse', 'Schizophrenia']"
vomiting painful urination back pain side pain,Urinary Tract Infection,Kidney Stone,0.5519090460793472,1.878573068574294,"['Kidney Stone', 'Urinary Tract Infection', 'Pyelonephritis']"
leg pain back pain loss of sensation paresthesia arm weakness leg weakness,Peripheral Nerve Disorder,Herniated Disk,0.5272086028675627,0.8597732362280348,"['Herniated Disk', 'Peripheral Nerve Disorder', 'Spondylolisthesis']"
chest tightness cough wheezing fever coughing up sputum,Chronic Obstructive Pulmonary Disease (Copd),Asthma,0.5775275647451215,1.104026531515978,"['Asthma', 'Chronic Obstructive Pulmonary Disease (Copd)', 'Acute Bronchitis']"
abnormal appearing skin peripheral edema allergic reaction,Allergy,Drug Reaction,0.5063309821006293,1.6475093318153577,"['Drug Reaction', 'Allergy', 'Lymphedema']"
skin swelling abnormal appearing skin irregular appearing scalp itchy scalp,Fungal Infection Of The Skin,Psoriasis,0.33431221750659135,2.2499253259400414,"['Psoriasis', 'Fungal Infection Of The Hair', 'Fungal Infection Of The Skin']"
shortness of breath sharp chest pain cough coughing up sputum coryza,Acute Bronchitis,Asthma,0.4032733540529276,1.6823861371402322,"['Asthma', 'Chronic Obstructive Pulmonary Disease (Copd)', 'Acute Bronchitis']"
shortness of breath cough sharp abdominal pain vomiting,Esophagitis,Sepsis,0.32812799054902847,2.379082953934361,"['Sepsis', 'Esophagitis', 'Pleural Effusion']"
depressive or psychotic symptoms hostile behavior excessive anger delusions or hallucinations fears and phobias,Schizophrenia,Personality Disorder,0.3035868281703565,2.1106335539414136,"['Personality Disorder', 'Marijuana Abuse', 'Psychotic Disorder']"
shortness of breath cough vomiting fever pulling at ears,Croup,Acute Bronchiolitis,0.4104493935734506,2.0622987889964284,"['Acute Bronchiolitis', 'Croup', 'Otitis Media']"
sharp chest pain sharp abdominal pain stomach bloating,Indigestion,Cholecystitis,0.5161886661052318,1.9055266183548676,"['Cholecystitis', 'Indigestion', 'Intestinal Obstruction']"
abnormal appearing skin acne or pimples skin irritation warts,Eczema,Seborrheic Keratosis,0.38022520193579595,1.5161888955007448,"['Seborrheic Keratosis', 'Skin Polyp', 'Eczema']"
vomiting vomiting blood burning abdominal pain,Gastritis,Hyperemesis Gravidarum,0.49063373291507406,2.0732358292895947,"['Hyperemesis Gravidarum', 'Gastroduodenal Ulcer', 'Gastritis']"
diminished vision symptoms of eye foreign body sensation in eye,Corneal Abrasion,Dry Eye Of Unknown Cause,0.10667762214365326,2.8242989485287286,"['Dry Eye Of Unknown Cause', 'Chalazion', 'Corneal Abrasion']"
suprapubic pain involuntary urination frequent urination blood in urine back pain symptoms of bladder,Temporary Or Benign Blood In Urine,Cystitis,0.7208528008108074,0.959238883092422,"['Cystitis', 'Temporary Or Benign Blood In Urine', 'Pelvic Organ Prolapse']"
skin swelling,Fungal Infection Of The Hair,Viral Exanthem,0.13942538018250977,3.734124737285276,"['Viral Exanthem', 'Stye', 'Skin Polyp']"
retention of urine constipation,Urge Incontinence,Chronic Constipation,0.25430688591057216,3.3913682009666797,"['Chronic Constipation', 'Urge Incontinence', 'Intestinal Obstruction']"
shortness of breath chest tightness nasal congestion wheezing,Acute Bronchospasm,Asthma,0.3198757977959925,2.1156604215091006,"['Asthma', 'Acute Bronchospasm', 'Chronic Obstructive Pulmonary Disease (Copd)']"
suprapubic pain lower abdominal pain blood in urine back pain,Temporary Or Benign Blood In Urine,Urinary Tract Infection,0.29254778324044556,2.1117409724204137,"['Urinary Tract Infection', 'Pyelonephritis', 'Cystitis']"
nasal congestion allergic reaction painful sinuses,Deviated Nasal Septum,Chronic Otitis Media,0.3727035043280147,2.43233298090067,"['Chronic Otitis Media', 'Deviated Nasal Septum', 'Asthma']"
skin swelling abnormal appearing skin acne or pimples irregular appearing scalp warts,Skin Pigmentation Disorder,Skin Polyp,0.2499083659244218,2.420203723230796,"['Skin Polyp', 'Skin Pigmentation Disorder', 'Eczema']"
depression excessive anger delusions or hallucinations fears and phobias,Personality Disorder,Adjustment Reaction,0.23414811165179752,2.389462972436422,"['Adjustment Reaction', 'Social Phobia', 'Personality Disorder']"
blood in stool sharp abdominal pain vomiting,Diverticulosis,Gastroduodenal Ulcer,0.23410746349696682,2.6236669116526876,"['Gastroduodenal Ulcer', 'Diverticulitis', 'Infectious Gastroenteritis']"
abnormal appearing skin skin growth skin irritation skin rash,Actinic Keratosis,Seborrheic Keratosis,0.31484133789283825,2.106650073304502,"['Seborrheic Keratosis', 'Fungal Infection Of The Hair', 'Actinic Keratosis']"
abnormal appearing skin skin lesion skin growth itching of skin,Rosacea,Seborrheic Keratosis,0.18067899288893458,2.9881116399345853,"['Seborrheic Keratosis', 'Skin Disorder', 'Fungal Infection Of The Hair']"
anxiety and nervousness depressive or psychotic symptoms hostile behavior drug abuse excessive anger temper problems fears and phobias low self esteem,Marijuana Abuse,Personality Disorder,0.5433101204806564,0.8194024847863844,"['Personality Disorder', 'Marijuana Abuse', 'Schizophrenia']"
lack of growth hostile behavior restlessness,Attention Deficit Hyperactivity Disorder (Adhd),Developmental Disability,0.4221620414941246,1.6923993752214046,"['Developmental Disability', 'Attention Deficit Hyperactivity Disorder (Adhd)', 'Conduct Disorder']"
anxiety and nervousness depressive or psychotic symptoms drug abuse delusions or hallucinations temper problems,Post-Traumatic Stress Disorder (Ptsd),Personality Disorder,0.19904894419851965,2.210484210881311,"['Personality Disorder', 'Depression', 'Marijuana Abuse']"
suprapubic pain sharp abdominal pain painful urination lower abdominal pain vaginal discharge,Vaginal Yeast Infection,Pelvic Inflammatory Disease,0.32272122014356064,2.0425217079973756,"['Pelvic Inflammatory Disease', 'Vaginitis', 'Vaginal Yeast Infection']"
cough nasal congestion vomiting fever chills,Common Cold,Pneumonia,0.35528156910756775,2.152094361659489,"['Pneumonia', 'Common Cold', 'Strep Throat']"
depression abusing alcohol excessive anger,Conduct Disorder,Social Phobia,0.2255595550976225,2.819234633656036,"['Social Phobia', 'Bipolar Disorder', 'Conduct Disorder']"
foreign body sensation in eye spots or clouds in vision eye redness itchiness of eye,Glaucoma,Dry Eye Of Unknown Cause,0.2915836814525638,1.9152661863557885,"['Dry Eye Of Unknown Cause', 'Cornea Infection', 'Glaucoma']"
sharp chest pain wheezing difficulty breathing,Acute Bronchospasm,Acute Bronchitis,0.2054780349858152,2.9172829663125537,"['Acute Bronchitis', 'Pneumonia', 'Acute Bronchospasm']"
insomnia hostile behavior excessive anger delusions or hallucinations,Personality Disorder,Adjustment Reaction,0.2143738620978041,2.3361979418820997,"['Adjustment Reaction', 'Post-Traumatic Stress Disorder (Ptsd)', 'Personality Disorder']"
nausea diarrhea stomach bloating,Appendicitis,Indigestion,0.5087471922936546,2.7892993198081157,"['Indigestion', 'Appendicitis', 'Intestinal Obstruction']"
nausea burning abdominal pain chills,Noninfectious Gastroenteritis,Diverticulitis,0.37458175311196984,2.5541046927741897,"['Diverticulitis', 'Noninfectious Gastroenteritis', 'Infectious Gastroenteritis']"
drug abuse excessive anger delusions or hallucinations,Marijuana Abuse,Depression,0.17201012145453715,2.5025473109525893,"['Depression', 'Personality Disorder', 'Marijuana Abuse']"
abnormal involuntary movements headache slurring words,Hemiplegia,Stroke,0.4186540823214302,2.5673794315667884,"['Stroke', 'Hemiplegia', 'Delirium']"
involuntary urination frequent urination blood in urine excessive urination at night,Erectile Dysfunction,Urge Incontinence,0.32938015811991506,2.036807113203154,"['Urge Incontinence', 'Benign Prostatic Hyperplasia (Bph)', 'Erectile Dysfunction']"
sharp chest pain cough weakness,Heart Failure,Pulmonary Congestion,0.18131588664676584,3.306125893296022,"['Pulmonary Congestion', 'Pneumonia', 'Pulmonary Embolism']"
depression insomnia restlessness excessive anger delusions or hallucinations,Drug Abuse (Opioids),Adjustment Reaction,0.5384531504584342,1.1402026329449697,"['Adjustment Reaction', 'Drug Abuse (Opioids)', 'Neurosis']"
dizziness difficulty speaking focal weakness,Parkinson Disease,Transient Ischemic Attack,0.40380751368440937,2.552337930254751,"['Transient Ischemic Attack', 'Parkinson Disease', 'Stroke']"
leg pain hip pain back pain loss of sensation paresthesia lower body pain,Spondylosis,Spinal Stenosis,0.328489493462561,1.6714334768239019,"['Spinal Stenosis', 'Degenerative Disc Disease', 'Spondylosis']"
skin swelling abnormal appearing skin acne or pimples allergic reaction itching of skin skin irritation skin rash,Contact Dermatitis,Eczema,0.5520821989303016,1.1924339037651985,"['Eczema', 'Contact Dermatitis', 'Seborrheic Keratosis']"
abnormal appearing skin skin growth skin moles itching of skin,Skin Pigmentation Disorder,Seborrheic Keratosis,0.2105500296618506,2.50070468056094,"['Seborrheic Keratosis', 'Skin Disorder', 'Skin Polyp']"
leg pain back pain neck pain loss of sensation,Muscle Spasm,Chronic Back Pain,0.152849032005841,2.5814322999502073,"['Chronic Back Pain', 'Muscle Spasm', 'Spondylosis']"
sharp abdominal pain cramps and spasms heavy menstrual flow frequent menstruation,Idiopathic Excessive Menstruation,Idiopathic Irregular Menstrual Cycle,0.6270058103560756,1.2535136108089622,"['Idiopathic Irregular Menstrual Cycle', 'Idiopathic Excessive Menstruation', 'Uterine Fibroids']"
sharp chest pain sore throat nasal congestion coughing up sputum coryza,Acute Bronchitis,Chronic Obstructive Pulmonary Disease (Copd),0.45461239533091113,1.263781458383174,"['Chronic Obstructive Pulmonary Disease (Copd)', 'Acute Bronchitis', 'Acute Sinusitis']"
blood in stool pain of the anus heartburn constipation itching of the anus,Rectal Disorder,Hemorrhoids,0.5285311927515584,0.9139212379488986,"['Hemorrhoids', 'Rectal Disorder', 'Chronic Constipation']"
nausea lower body pain upper abdominal pain,Acute Pancreatitis,Gallstone,0.3297567072811678,2.2724536307335086,"['Gallstone', 'Cholecystitis', 'Acute Pancreatitis']"
anxiety and nervousness depressive or psychotic symptoms insomnia abusing alcohol drug abuse excessive anger temper problems,Post-Traumatic Stress Disorder (Ptsd),Drug Abuse (Opioids),0.3734080386100749,1.590037178932713,"['Drug Abuse (Opioids)', 'Depression', 'Post-Traumatic Stress Disorder (Ptsd)']"
sharp abdominal pain nausea diarrhea,Irritable Bowel Syndrome,Liver Disease,0.07997801510717246,3.4463614850403297,"['Liver Disease', 'Gastritis', 'Diverticulosis']"
double vision spots or clouds in vision lacrimation itchiness of eye,Macular Degeneration,Corneal Disorder,0.24982183500577243,2.2319235494897276,"['Corneal Disorder', 'Macular Degeneration', 'Cataract']"
vomiting headache diarrhea chills,Infectious Gastroenteritis,Flu,0.34203631667116285,2.1895566442664682,"['Flu', 'Noninfectious Gastroenteritis', 'Infectious Gastroenteritis']"
anxiety and nervousness depression depressive or psychotic symptoms delusions or hallucinations,Personality Disorder,Postpartum Depression,0.10308512081268552,3.3617203465856456,"['Postpartum Depression', 'Drug Abuse', 'Bipolar Disorder']"
abnormal appearing skin acne or pimples skin growth,Rosacea,Atrophic Skin Condition,0.1253851114373194,3.0600327005399097,"['Atrophic Skin Condition', 'Rosacea', 'Callus']"
sharp abdominal pain,Appendicitis,Pleural Effusion,0.05677067319817459,4.3384003071788175,"['Pleural Effusion', 'Pyelonephritis', 'Esophagitis']"
abnormal involuntary movements difficulty speaking weakness,Hemiplegia,Parkinson Disease,0.29994848167495103,3.0360837443226707,"['Parkinson Disease', 'Hemiplegia', 'Delirium']"
anxiety and nervousness depression excessive anger fears and phobias,Psychotic Disorder,Social Phobia,0.16190863616085246,2.6477596622854818,"['Social Phobia', 'Adjustment Reaction', 'Schizophrenia']"
anxiety and nervousness depressive or psychotic symptoms insomnia abusing alcohol excessive anger delusions or hallucinations temper problems,Psychotic Disorder,Bipolar Disorder,0.32191949608607734,1.8526589392634296,"['Bipolar Disorder', 'Psychotic Disorder', 'Post-Traumatic Stress Disorder (Ptsd)']"
sore throat cough headache facial pain sinus congestion,Chronic Sinusitis,Nose Disorder,0.4684746336999403,1.1834288687020136,"['Nose Disorder', 'Chronic Sinusitis', 'Acute Sinusitis']"
dizziness fainting nausea,Benign Paroxysmal Positional Vertical (Bppv),Hypovolemia,0.349351444447227,2.684740768929034,"['Hypovolemia', 'Hypoglycemia', 'Gastrointestinal Hemorrhage']"
diminished vision double vision abnormal movement of eyelid foreign body sensation in eye spots or clouds in vision,Macular Degeneration,Diabetic Retinopathy,0.4078173852722991,1.2917804469835872,"['Diabetic Retinopathy', 'Macular Degeneration', 'Dry Eye Of Unknown Cause']"
sore throat diminished hearing plugged feeling in ear fluid in ear fever,Otitis Externa (Swimmer'S Ear),Acute Otitis Media,0.37788972433614615,1.5944547745283635,"['Acute Otitis Media', ""Otitis Externa (Swimmer'S Ear)"", 'Otitis Media']"
mouth ulcer jaw swelling gum pain pain in gums,Tooth Disorder,Gum Disease,0.4637204306342326,1.3405195241623853,"['Gum Disease', 'Tooth Disorder', 'Dental Caries']"
diminished vision symptoms of eye eye redness lacrimation eye burns or stings,Blepharitis,Conjunctivitis Due To Allergy,0.30897515790172,1.7802562027491642,"['Conjunctivitis Due To Allergy', 'Blepharitis', 'Iridocyclitis']"
skin swelling abnormal appearing skin skin lesion skin moles warts,Skin Pigmentation Disorder,Viral Warts,0.23542751747924656,2.4901234271164,"['Viral Warts', 'Skin Polyp', 'Skin Cancer']"
chest tightness cough nasal congestion wheezing fever,Acute Bronchospasm,Asthma,0.3748099436115183,1.8935689634782713,"['Asthma', 'Acute Bronchospasm', 'Chronic Obstructive Pulmonary Disease (Copd)']"
skin swelling lip swelling acne or pimples skin moles,Viral Warts,Atrophic Skin Condition,0.48662842865657074,1.6084188586329768,"['Atrophic Skin Condition', 'Viral Warts', 'Hemangioma']"
shortness of breath sharp chest pain nasal congestion wheezing difficulty breathing coughing up sputum,Acute Bronchitis,Asthma,0.5724243024637294,0.9279311276454685,"['Asthma', 'Acute Bronchitis', 'Pneumonia']"
leg pain hip pain back pain paresthesia,Spondylolisthesis,Ankylosing Spondylitis,0.2522427098253059,2.8060633345828494,"['Ankylosing Spondylitis', 'Spondylosis', 'Spondylolisthesis']"
suprapubic pain vomiting painful urination back pain low back pain,Pyelonephritis,Kidney Stone,0.7090653823816088,0.9330839151867236,"['Kidney Stone', 'Pyelonephritis', 'Pelvic Inflammatory Disease']"
retention of urine suprapubic pain involuntary urination frequent urination blood in urine symptoms of bladder,Pelvic Organ Prolapse,Cystitis,0.3150206892568471,1.6863071309200124,"['Cystitis', 'Bladder Disorder', 'Temporary Or Benign Blood In Urine']"
skin swelling abnormal appearing skin acne or pimples skin growth irregular appearing scalp skin moles,Seborrheic Keratosis,Skin Pigmentation Disorder,0.1869789493801902,2.3546227112235556,"['Skin Pigmentation Disorder', 'Skin Polyp', 'Seborrheic Keratosis']"
skin swelling lip swelling skin lesion skin moles warts,Skin Cancer,Viral Warts,0.4558294581457189,1.2527529449998462,"['Viral Warts', 'Skin Cancer', 'Hemangioma']"
skin swelling skin lesion itching of skin warts,Molluscum Contagiosum,Skin Polyp,0.224239442565788,2.6111225761284427,"['Skin Polyp', 'Eczema', 'Seborrheic Keratosis']"
cough redness in ear,Acute Otitis Media,Teething Syndrome,0.15420200191374347,4.33945970814372,"['Teething Syndrome', 'Chronic Otitis Media', 'Acute Otitis Media']"
toothache facial pain mouth ulcer ear pain jaw swelling,Tooth Disorder,Gum Disease,0.5979009691948121,1.1671714738132706,"['Gum Disease', 'Tooth Disorder', 'Dental Caries']"
skin swelling abnormal appearing skin irregular appearing scalp skin moles skin irritation warts,Seborrheic Keratosis,Skin Polyp,0.40244391954827946,1.488463280760538,"['Skin Polyp', 'Skin Cancer', 'Seborrheic Keratosis']"
anxiety and nervousness depressive or psychotic symptoms insomnia hostile behavior delusions or hallucinations,Schizophrenia,Psychotic Disorder,0.1768199022153459,2.296506184395577,"['Psychotic Disorder', 'Neurosis', 'Schizophrenia']"
shortness of breath difficulty breathing,Sepsis,Obstructive Sleep Apnea (Osa),0.17889501791803544,3.5087790499703857,"['Obstructive Sleep Apnea (Osa)', 'Sepsis', 'Acute Bronchiolitis']"
acne or pimples skin dryness peeling scaliness or roughness skin rash,Molluscum Contagiosum,Seborrheic Dermatitis,0.18829419546630077,2.7395927205736186,"['Seborrheic Dermatitis', 'Contact Dermatitis', 'Fungal Infection Of The Hair']"
blood in stool sharp abdominal pain vomiting burning abdominal pain chills fluid retention,Noninfectious Gastroenteritis,Infectious Gastroenteritis,0.4671714614663985,1.1340571623528124,"['Infectious Gastroenteritis', 'Noninfectious Gastroenteritis', 'Diverticulitis']"
hip pain back pain neck pain,Degenerative Disc Disease,Chronic Back Pain,0.16945134613270088,2.866648339479199,"['Chronic Back Pain', 'Spondylitis', 'Spondylolisthesis']"
retention of urine sharp abdominal pain lower abdominal pain blood in urine,Bladder Disorder,Prostatitis,0.27930923447058614,2.603540069637647,"['Prostatitis', 'Kidney Stone', 'Cystitis']"
sharp abdominal pain lower abdominal pain cramps and spasms long menstrual periods heavy menstrual flow painful menstruation,Idiopathic Painful Menstruation,Idiopathic Irregular Menstrual Cycle,0.5291663932445226,1.1451098871513863,"['Idiopathic Irregular Menstrual Cycle', 'Idiopathic Painful Menstruation', 'Idiopathic Excessive Menstruation']"
skin lesion skin growth itching of skin warts skin rash,Skin Pigmentation Disorder,Seborrheic Keratosis,0.5896529428253613,1.338974888929714,"['Seborrheic Keratosis', 'Skin Pigmentation Disorder', 'Molluscum Contagiosum']"
insomnia excessive anger temper problems,Bipolar Disorder,Dysthymic Disorder,0.2596792294830302,2.967616407053654,"['Dysthymic Disorder', 'Schizophrenia', 'Personality Disorder']"
sore throat cough lacrimation,Seasonal Allergies (Hay Fever),Conjunctivitis,0.21482314718752882,3.7443910060022203,"['Conjunctivitis', 'Seasonal Allergies (Hay Fever)', 'Flu']"
leg pain arm pain back pain loss of sensation paresthesia shoulder pain,Degenerative Disc Disease,Herniated Disk,0.3308648823856112,1.6913098614548814,"['Herniated Disk', 'Degenerative Disc Disease', 'Spinal Stenosis']"
acne or pimples skin growth irregular appearing scalp skin moles itching of skin skin dryness peeling scaliness or roughness,Skin Disorder,Skin Pigmentation Disorder,0.3932572553309278,1.724758708594634,"['Skin Pigmentation Disorder', 'Skin Polyp', 'Skin Disorder']"
anxiety and nervousness depression insomnia hostile behavior delusions or hallucinations temper problems,Depression,Post-Traumatic Stress Disorder (Ptsd),0.26559780885387374,2.0418263494765947,"['Post-Traumatic Stress Disorder (Ptsd)', 'Psychotic Disorder', 'Depression']"
sharp abdominal pain lower abdominal pain burning abdominal pain side pain,Diverticulitis,Vulvodynia,0.1431573144083698,3.2760517000028457,"['Vulvodynia', 'Diverticulitis', 'Appendicitis']"
depressive or psychotic symptoms temper problems hysterical behavior,Psychotic Disorder,Schizophrenia,0.37090067751579453,2.0968742198475177,"['Schizophrenia', 'Psychotic Disorder', 'Conduct Disorder']"
symptoms of eye pain in eye foreign body sensation in eye spots or clouds in vision lacrimation itchiness of eye,Macular Degeneration,Cornea Infection,0.1782009683474575,2.237578449354288,"['Cornea Infection', 'Glaucoma', 'Chronic Glaucoma']"
shortness of breath cough vomiting weakness chills,Sepsis,Pneumonia,0.4931486980608097,1.2931142981455122,"['Pneumonia', 'Sepsis', 'Acute Bronchiolitis']"
acne or pimples irregular appearing scalp skin dryness peeling scaliness or roughness,Acne,Fungal Infection Of The Skin,0.16473451775247241,2.705246591435932,"['Fungal Infection Of The Skin', 'Eczema', 'Dermatitis Due To Sun Exposure']"
sharp chest pain sore throat nasal congestion vomiting wheezing fever,Pneumonia,Acute Bronchospasm,0.5304549294339506,1.1144387918963405,"['Acute Bronchospasm', 'Pneumonia', 'Croup']"
nasal congestion coryza,Acute Sinusitis,Chronic Obstructive Pulmonary Disease (Copd),0.09700655695836281,4.017329837042284,"['Chronic Obstructive Pulmonary Disease (Copd)', 'Nose Disorder', 'Acute Bronchitis']"
vomiting decreased appetite,Diabetic Ketoacidosis,Acute Bronchiolitis,0.13419165067438435,3.299671317748138,"['Acute Bronchiolitis', 'Viral Exanthem', 'Appendicitis']"
retention of urine suprapubic pain sharp abdominal pain painful urination lower abdominal pain symptoms of bladder,Cystitis,Temporary Or Benign Blood In Urine,0.3683016933066187,1.3738709209794122,"['Temporary Or Benign Blood In Urine', 'Cystitis', 'Bladder Disorder']"
vomiting painful urination frequent urination blood in urine back pain low back pain side pain,Pyelonephritis,Kidney Stone,0.600517370601529,0.933193790792047,"['Kidney Stone', 'Pyelonephritis', 'Urinary Tract Infection']"
painful urination involuntary urination frequent urination,Urge Incontinence,Temporary Or Benign Blood In Urine,0.23409593668402703,2.548169396642944,"['Temporary Or Benign Blood In Urine', 'Bladder Disorder', 'Cystitis']"
blood in stool sharp abdominal pain diarrhea melena rectal bleeding,Gastrointestinal Hemorrhage,Diverticulosis,0.38532450298839543,1.4713020102226373,"['Diverticulosis', 'Gastrointestinal Hemorrhage', 'Rectal Disorder']"
diminished vision foreign body sensation in eye mass on eyelid,Chronic Glaucoma,Chalazion,0.44048771279114013,1.7620313675119346,"['Chalazion', 'Chronic Glaucoma', 'Diabetic Retinopathy']"
double vision pain in eye foreign body sensation in eye eye redness lacrimation,Corneal Disorder,Dry Eye Of Unknown Cause,0.37927940129046916,1.8170856277824876,"['Dry Eye Of Unknown Cause', 'Corneal Disorder', 'Iridocyclitis']"
cough skin swelling abnormal appearing skin itching of skin,Viral Exanthem,Eczema,0.2006389797891662,2.818582982008612,"['Eczema', 'Allergy', 'Viral Exanthem']"
white discharge from eye diminished vision symptoms of eye pain in eye spots or clouds in vision lacrimation itchiness of eye,Dry Eye Of Unknown Cause,Chronic Glaucoma,0.3177774711818542,1.8484174397026696,"['Chronic Glaucoma', 'Corneal Disorder', 'Blepharitis']"
skin swelling skin lesion skin growth itching of skin warts,Skin Pigmentation Disorder,Seborrheic Keratosis,0.29277120017703706,2.1604921771967844,"['Seborrheic Keratosis', 'Skin Polyp', 'Skin Pigmentation Disorder']"
skin lesion skin moles,Rosacea,Contact Dermatitis,0.18051650137619216,3.1843431794747117,"['Contact Dermatitis', 'Sebaceous Cyst', 'Actinic Keratosis']"
arm pain back pain low back pain paresthesia ache all over,Spondylosis,Complex Regional Pain Syndrome,0.4630785375831196,1.5570821159027934,"['Complex Regional Pain Syndrome', 'Spondylosis', 'Ankylosing Spondylitis']"
sharp abdominal pain painful urination involuntary urination blood in urine back pain symptoms of bladder,Temporary Or Benign Blood In Urine,Cystitis,0.5812779936229243,0.9814923796078983,"['Cystitis', 'Temporary Or Benign Blood In Urine', 'Bladder Disorder']"
sore throat cough facial pain ear pain,Chronic Sinusitis,Otitis Externa (Swimmer'S Ear),0.26145772177869914,2.3652151588731547,"[""Otitis Externa (Swimmer'S Ear)"", 'Chronic Sinusitis', 'Acute Sinusitis']"
abnormal appearing skin skin growth irregular appearing scalp skin moles,Sebaceous Cyst,Skin Pigmentation Disorder,0.1290322734289474,2.624557633790834,"['Skin Pigmentation Disorder', 'Hemangioma', 'Seborrheic Keratosis']"
sharp chest pain sharp abdominal pain headache,Gastritis,Pain After An Operation,0.26277090707203005,3.0195131537270106,"['Pain After An Operation', 'Gastritis', 'Hypokalemia']"
double vision pain in eye foreign body sensation in eye spots or clouds in vision,Macular Degeneration,Corneal Disorder,0.26157615348584434,1.9655649122241161,"['Corneal Disorder', 'Macular Degeneration', 'Dry Eye Of Unknown Cause']"
skin swelling abnormal appearing skin fever itching of skin,Impetigo,Viral Exanthem,0.5018636125068757,2.3429935448388846,"['Viral Exanthem', 'Impetigo', 'Envenomation From Spider Or Animal Bite']"
arm pain arm stiffness or tightness elbow pain shoulder pain shoulder stiffness or tightness elbow swelling,Fracture Of The Arm,Bursitis,0.48892901304129743,1.130420436948812,"['Bursitis', 'Fracture Of The Arm', 'Injury To The Shoulder']"
suprapubic pain vomiting nausea painful urination lower abdominal pain,Pyelonephritis,Pelvic Inflammatory Disease,0.3960311398556925,1.2695859197232888,"['Pelvic Inflammatory Disease', 'Urinary Tract Infection', 'Pyelonephritis']"
knee pain foot or toe pain ankle pain knee swelling leg swelling foot or toe swelling ankle swelling,Injury To The Leg,Gout,0.6546859097122917,0.768165609137532,"['Gout', 'Injury To The Leg', 'Fracture Of The Leg']"
white discharge from eye diminished vision spots or clouds in vision,Corneal Disorder,Chronic Glaucoma,0.293367895126401,2.0740064322621565,"['Chronic Glaucoma', 'Blepharitis', 'Corneal Disorder']"
knee pain leg swelling foot or toe swelling,Injury To The Leg,Gout,0.4271510480392768,1.6529725686206014,"['Gout', 'Injury To The Leg', 'Pyogenic Skin Infection']"
hip pain low back pain loss of sensation leg weakness,Herniated Disk,Spondylolisthesis,0.40244741459603606,1.6350167425518065,"['Spondylolisthesis', 'Herniated Disk', 'Sciatica']"
vomiting nausea diarrhea burning abdominal pain,Diverticulitis,Acute Pancreatitis,0.1458193734659844,2.7056217490902297,"['Acute Pancreatitis', 'Gastritis', 'Hyperemesis Gravidarum']"
sharp abdominal pain vaginal discharge pelvic pain spotting or bleeding during pregnancy cramps and spasms blood clots during menstrual periods,Threatened Pregnancy,Vaginal Cyst,0.47724792702719754,0.9769643475915157,"['Vaginal Cyst', 'Threatened Pregnancy', 'Idiopathic Painful Menstruation']"
hip pain low back pain problems with movement leg weakness,Sciatica,Spondylolisthesis,0.4816308925823506,1.5341294631628588,"['Spondylolisthesis', 'Sciatica', 'Arthritis Of The Hip']"
sore throat ear pain fever,Strep Throat,Acute Sinusitis,0.12142763350322316,3.2959586932880542,"['Acute Sinusitis', 'Common Cold', 'Laryngitis']"
depression depressive or psychotic symptoms delusions or hallucinations temper problems fears and phobias hysterical behavior,Psychotic Disorder,Schizophrenia,0.47972599800300336,1.0719628499942186,"['Schizophrenia', 'Psychotic Disorder', 'Personality Disorder']"
ear pain fluid in ear,Ear Wax Impaction,Acute Otitis Media,0.14626513932476412,3.1503525321298045,"['Acute Otitis Media', 'Chronic Otitis Media', 'Sensorineural Hearing Loss']"
abnormal appearing skin acne or pimples irregular appearing scalp skin moles itching of skin skin dryness peeling scaliness or roughness warts,Skin Polyp,Skin Pigmentation Disorder,0.5724141033096909,1.2484156811844664,"['Skin Pigmentation Disorder', 'Skin Polyp', 'Skin Disorder']"
symptoms of eye pain in eye lacrimation eye burns or stings swollen eye,Blepharitis,Conjunctivitis Due To Allergy,0.32434866316524974,1.7088113655255306,"['Conjunctivitis Due To Allergy', 'Blepharitis', 'Cornea Infection']"
nausea lower abdominal pain side pain,Urinary Tract Infection,Pain After An Operation,0.24235744003880078,2.7829286248836986,"['Pain After An Operation', 'Vulvodynia', 'Problem During Pregnancy']"
leg pain low back pain,Muscle Spasm,Pain After An Operation,0.13918869649090532,3.3185185056318023,"['Pain After An Operation', 'Chronic Pain Disorder', 'Fibromyalgia']"
shortness of breath cough fever coryza,Chronic Obstructive Pulmonary Disease (Copd),Acute Bronchiolitis,0.13833967683704113,3.338570914721276,"['Acute Bronchiolitis', 'Pneumonia', 'Asthma']"
cough nasal congestion pain in eye itchiness of eye swollen eye,Conjunctivitis Due To Allergy,Conjunctivitis,0.32792223557298306,1.8184665206586117,"['Conjunctivitis', 'Conjunctivitis Due To Allergy', 'Conjunctivitis Due To Virus']"
sharp abdominal pain lower abdominal pain pain during pregnancy pelvic pain vaginal pain cramps and spasms,Vaginal Cyst,Vulvodynia,0.7720183681499578,0.790231078712964,"['Vulvodynia', 'Vaginal Cyst', 'Problem During Pregnancy']"
skin swelling skin lesion acne or pimples irregular appearing scalp skin irritation,Eczema,Skin Disorder,0.23562687084705128,2.1350870713665686,"['Skin Disorder', 'Eczema', 'Skin Polyp']"
back pain ache all over lower body pain,Ankylosing Spondylitis,Spondylosis,0.34243152569342067,1.9573098956562465,"['Spondylosis', 'Ankylosing Spondylitis', 'Arthritis Of The Hip']"
suprapubic pain sharp abdominal pain painful urination involuntary urination lower abdominal pain blood in urine back pain,Temporary Or Benign Blood In Urine,Cystitis,0.5060418696524516,1.3875191414595367,"['Cystitis', 'Temporary Or Benign Blood In Urine', 'Bladder Disorder']"
retention of urine painful urination side pain,Cystitis,Urinary Tract Obstruction,0.16866207816164322,2.9779169814043764,"['Urinary Tract Obstruction', 'Prostatitis', 'Kidney Stone']"
cough white discharge from eye pain in eye lacrimation fever,Conjunctivitis,Conjunctivitis Due To Virus,0.6007843040294891,1.2486067233637141,"['Conjunctivitis Due To Virus', 'Conjunctivitis', 'Corneal Disorder']"
back pain burning abdominal pain side pain lower body pain,Cholecystitis,Gallstone,0.30793581126632347,2.095953080874152,"['Gallstone', 'Acute Pancreatitis', 'Cholecystitis']"
sore throat plugged feeling in ear fluid in ear redness in ear,Acute Otitis Media,Otitis Externa (Swimmer'S Ear),0.47602571848573577,1.8330526026440337,"[""Otitis Externa (Swimmer'S Ear)"", 'Acute Otitis Media', 'Conductive Hearing Loss']"
back pain side pain,Cholecystitis,Vulvodynia,0.23565590711152176,3.2557469578915104,"['Vulvodynia', 'Spondylitis', 'Sprain Or Strain']"
cough nasal congestion fluid in ear,Acute Otitis Media,Chronic Otitis Media,0.28936516050633515,3.158245707059548,"['Chronic Otitis Media', 'Ear Wax Impaction', 'Acute Otitis Media']"
shortness of breath irregular heartbeat,Mitral Valve Disease,Aortic Valve Disease,0.15594541557783914,3.5829301443928268,"['Aortic Valve Disease', 'Mitral Valve Disease', 'Anxiety']"
diarrhea fever,Diaper Rash,Flu,0.12630537266824263,3.4886918556705773,"['Flu', 'Hypovolemia', 'Gastritis']"
cough fever coughing up sputum coryza,Acute Sinusitis,Asthma,0.3041186556421975,1.8932777692380256,"['Asthma', 'Acute Sinusitis', 'Chronic Obstructive Pulmonary Disease (Copd)']"
arm pain back pain low back pain loss of sensation paresthesia,Complex Regional Pain Syndrome,Herniated Disk,0.2010780255071669,2.231783724458851,"['Herniated Disk', 'Complex Regional Pain Syndrome', 'Degenerative Disc Disease']"
vomiting back pain low back pain side pain,Pain After An Operation,Kidney Stone,0.3653340942876736,2.4868775633419915,"['Kidney Stone', 'Pain After An Operation', 'Pyelonephritis']"
burning abdominal pain fever,Noninfectious Gastroenteritis,Appendicitis,0.2688946236589442,2.6430162573461233,"['Appendicitis', 'Diverticulitis', 'Gastritis']"
arm pain neck pain loss of sensation,Brachial Neuritis,Herniated Disk,0.14553010113120504,2.5475738025639503,"['Herniated Disk', 'Muscle Spasm', 'Spondylosis']"
vomiting diarrhea decreased appetite fluid retention,Infectious Gastroenteritis,Diabetic Ketoacidosis,0.3380258481715896,1.8031801077883438,"['Diabetic Ketoacidosis', 'Infectious Gastroenteritis', 'Noninfectious Gastroenteritis']"
abnormal appearing skin skin lesion itching of skin skin rash,Psoriasis,Seborrheic Keratosis,0.10839501500756156,3.238938471142423,"['Seborrheic Keratosis', 'Impetigo', 'Molluscum Contagiosum']"
skin swelling acne or pimples skin dryness peeling scaliness or roughness skin irritation,Skin Disorder,Skin Polyp,0.2345968274536616,2.196465771053133,"['Skin Polyp', 'Skin Disorder', 'Fungal Infection Of The Hair']"
skin swelling abnormal appearing skin itching of skin skin irritation skin rash,Fungal Infection Of The Hair,Seborrheic Keratosis,0.17181221548332024,2.6389143135166897,"['Seborrheic Keratosis', 'Fungal Infection Of The Hair', 'Actinic Keratosis']"
leg pain arm pain neck pain loss of sensation paresthesia shoulder pain,Spondylosis,Herniated Disk,0.31266990489749347,1.6016391081774464,"['Herniated Disk', 'Degenerative Disc Disease', 'Spondylosis']"
dizziness focal weakness paresthesia,Transient Ischemic Attack,Multiple Sclerosis,0.33943686334243883,2.684080195615021,"['Multiple Sclerosis', 'Transient Ischemic Attack', 'Parkinson Disease']"
abnormal involuntary movements problems with movement weakness focal weakness,Parkinson Disease,Multiple Sclerosis,0.6386598701698784,1.576576591535861,"['Multiple Sclerosis', 'Parkinson Disease', 'Bell Palsy']"
abnormal appearing skin acne or pimples irregular appearing scalp skin dryness peeling scaliness or roughness,Skin Disorder,Fungal Infection Of The Skin,0.15344394681355206,2.689178651362089,"['Fungal Infection Of The Skin', 'Eczema', 'Skin Pigmentation Disorder']"
sharp abdominal pain nausea heartburn side pain upper abdominal pain,Liver Disease,Gallstone,0.6117985190072154,1.6146480985653318,"['Gallstone', 'Liver Disease', 'Esophagitis']"
shortness of breath sharp chest pain arm pain increased heart rate,Heart Attack,Angina,0.3597936900801371,2.157155068519363,"['Angina', 'Heart Attack', 'Paroxysmal Ventricular Tachycardia']"
sharp abdominal pain vomiting nausea lower abdominal pain constipation,Chronic Constipation,Diverticulitis,0.5175120569966905,1.7001188330782442,"['Diverticulitis', 'Ileus', 'Chronic Constipation']"
suprapubic pain sharp abdominal pain vaginal itching pain during pregnancy,Benign Vaginal Discharge (Leukorrhea),Vaginitis,0.42827679809876656,1.736092532829506,"['Vaginitis', 'Benign Vaginal Discharge (Leukorrhea)', 'Vaginal Yeast Infection']"
abnormal appearing skin skin lesion skin growth skin dryness peeling scaliness or roughness,Psoriasis,Rosacea,0.13250782552901547,2.976896953134914,"['Rosacea', 'Skin Disorder', 'Skin Cancer']"
nasal congestion fever coryza painful sinuses,Nose Disorder,Acute Sinusitis,0.49228530518882274,1.9571288658103383,"['Acute Sinusitis', 'Nose Disorder', 'Chronic Otitis Media']"
sharp chest pain nausea decreased appetite,Diabetic Ketoacidosis,Choledocholithiasis,0.3393956263823395,2.8110843885411807,"['Choledocholithiasis', 'Diabetic Ketoacidosis', 'Indigestion']"
leg pain hip pain back pain shoulder pain,Spondylosis,Neuralgia,0.1855612770613808,2.7507326950110924,"['Neuralgia', 'Chronic Pain Disorder', 'Herniated Disk']"
abnormal appearing skin,Fungal Infection Of The Skin,Drug Reaction,0.04942835787326476,4.317260830566866,"['Drug Reaction', 'Viral Exanthem', 'Lymphedema']"
skin swelling abnormal appearing skin acne or pimples irregular appearing scalp skin moles itching of skin,Skin Pigmentation Disorder,Skin Polyp,0.2472470993701938,2.098869145018906,"['Skin Polyp', 'Skin Pigmentation Disorder', 'Seborrheic Keratosis']"
cough nasal congestion vomiting fever,Common Cold,Croup,0.20010238039934625,2.8321970711689017,"['Croup', 'Acute Bronchospasm', 'Pneumonia']"
shortness of breath vomiting fever,Croup,Acute Bronchospasm,0.15569524903863835,3.6271425949059517,"['Acute Bronchospasm', 'Sepsis', 'Croup']"
eye deviation diminished vision symptoms of eye pain in eye eye moves abnormally,Eye Alignment Disorder,Myopia,0.5961166180538241,1.1455904016611866,"['Myopia', 'Eye Alignment Disorder', 'Conjunctivitis Due To Allergy']"
headache weakness loss of sensation disturbance of memory,Transient Ischemic Attack,Multiple Sclerosis,0.431539193047216,2.037965309378934,"['Multiple Sclerosis', 'Transient Ischemic Attack', 'Peripheral Nerve Disorder']"
lower abdominal pain problems during pregnancy,Threatened Pregnancy,Problem During Pregnancy,0.27054598660308954,2.5049258691270158,"['Problem During Pregnancy', 'Threatened Pregnancy', 'Spontaneous Abortion']"
anxiety and nervousness depression depressive or psychotic symptoms insomnia delusions or hallucinations fears and phobias,Bipolar Disorder,Psychotic Disorder,0.24090256584008476,2.1401258666287584,"['Psychotic Disorder', 'Bipolar Disorder', 'Schizophrenia']"
arm pain loss of sensation shoulder pain lower body pain,Spondylosis,Spinal Stenosis,0.3503151789444599,1.5467805507425663,"['Spinal Stenosis', 'Degenerative Disc Disease', 'Spondylosis']"
hip pain arm pain neck pain low back pain loss of sensation paresthesia shoulder pain lower body pain,Spondylosis,Degenerative Disc Disease,0.37230715569559425,1.2478602108280394,"['Degenerative Disc Disease', 'Spinal Stenosis', 'Spondylosis']"
sharp chest pain chest tightness cough difficulty breathing coryza,Asthma,Acute Bronchospasm,0.5184851609146428,1.9214711248106084,"['Acute Bronchospasm', 'Asthma', 'Heart Failure']"
skin swelling abnormal appearing skin skin lesion skin growth skin moles,Hemangioma,Psoriasis,0.10720048487924161,2.983530495774876,"['Psoriasis', 'Rosacea', 'Skin Polyp']"
sharp abdominal pain nausea fever chills,White Blood Cell Disease,Infectious Gastroenteritis,0.2610009086726682,2.7936115697579695,"['Infectious Gastroenteritis', 'Noninfectious Gastroenteritis', 'White Blood Cell Disease']"
leg pain abnormal appearing skin skin lesion leg swelling foot or toe swelling,Lymphedema,Pyogenic Skin Infection,0.5877155496108961,1.2304389067083807,"['Pyogenic Skin Infection', 'Lymphedema', 'Injury To The Leg']"
arm pain low back pain shoulder pain,Sprain Or Strain,Herniated Disk,0.16307181922786831,2.6408277567161824,"['Herniated Disk', 'Sprain Or Strain', 'Neuralgia']"
vomiting nausea burning abdominal pain side pain,Diverticulitis,Acute Pancreatitis,0.12294901524405918,3.3293908669291206,"['Acute Pancreatitis', 'Gallstone', 'Cholecystitis']"
sharp chest pain back pain upper abdominal pain,Hiatal Hernia,Acute Pancreatitis,0.286416453985483,2.155637135024185,"['Acute Pancreatitis', 'Cholecystitis', 'Gallstone']"
dizziness headache nausea,Concussion,Drug Reaction,0.2930395658239781,3.0879253415615002,"['Drug Reaction', 'Hyperemesis Gravidarum', 'Concussion']"
sharp abdominal pain lower abdominal pain pelvic pain problems during pregnancy spotting or bleeding during pregnancy cramps and spasms blood clots during menstrual periods uterine contractions,Spontaneous Abortion,Threatened Pregnancy,0.7446361581144896,0.6430877274621972,"['Threatened Pregnancy', 'Spontaneous Abortion', 'Vaginal Cyst']"
hip pain arm pain back pain neck pain low back pain loss of sensation paresthesia lower body pain,Degenerative Disc Disease,Spondylosis,0.3287437258652658,1.3565094108191729,"['Spondylosis', 'Degenerative Disc Disease', 'Spinal Stenosis']"
cough ear pain fever,Otitis Externa (Swimmer'S Ear),Chronic Otitis Media,0.10919452847021596,3.689898003481729,"['Chronic Otitis Media', 'Common Cold', 'Teething Syndrome']"
nausea painful urination vaginal discharge pelvic pain,Pelvic Inflammatory Disease,Vulvodynia,0.5325820593322302,1.6071853556880016,"['Vulvodynia', 'Pelvic Inflammatory Disease', 'Vaginitis']"
sharp abdominal pain intermenstrual bleeding heavy menstrual flow,Idiopathic Irregular Menstrual Cycle,Spontaneous Abortion,0.2584807234023528,2.6142575953156313,"['Spontaneous Abortion', 'Idiopathic Irregular Menstrual Cycle', 'Vaginal Cyst']"
leg pain hip pain arm pain low back pain loss of sensation lower body pain,Spondylosis,Spinal Stenosis,0.33957845745242804,1.730332337855092,"['Spinal Stenosis', 'Spondylosis', 'Degenerative Disc Disease']"
abnormal appearing skin skin lesion itching of skin skin dryness peeling scaliness or roughness,Rosacea,Eczema,0.1288131321259214,3.0237479600555006,"['Eczema', 'Skin Disorder', 'Rosacea']"
diminished vision double vision foreign body sensation in eye spots or clouds in vision itchiness of eye,Dry Eye Of Unknown Cause,Corneal Disorder,0.28510304273019826,1.8490340274153014,"['Corneal Disorder', 'Macular Degeneration', 'Diabetic Retinopathy']"
leg pain low back pain problems with movement loss of sensation leg cramps or spasms,Sciatica,Spondylolisthesis,0.6119415878561376,0.8969272467252454,"['Spondylolisthesis', 'Sciatica', 'Complex Regional Pain Syndrome']"
skin lesion acne or pimples skin growth itching of skin skin dryness peeling scaliness or roughness,Rosacea,Seborrheic Dermatitis,0.1782718947032271,2.339554512829653,"['Seborrheic Dermatitis', 'Fungal Infection Of The Hair', 'Skin Disorder']"
depressive or psychotic symptoms insomnia delusions or hallucinations hysterical behavior,Psychotic Disorder,Schizophrenia,0.4953375234906445,1.1183429792254171,"['Schizophrenia', 'Psychotic Disorder', 'Neurosis']"
lower abdominal pain vaginal discharge pelvic pain burning abdominal pain,Ovarian Cyst,Vulvodynia,0.41049851600769754,1.7309826049310715,"['Vulvodynia', 'Pelvic Inflammatory Disease', 'Ovarian Cyst']"
hip pain neck pain paresthesia,Degenerative Disc Disease,Spondylosis,0.23761397299410972,2.5494296056456105,"['Spondylosis', 'Degenerative Disc Disease', 'Herniated Disk']"
sore throat cough neck mass neck swelling,Sialoadenitis,Lymphadenitis,0.6916065914025803,1.3369536431337914,"['Lymphadenitis', 'Sialoadenitis', 'Lipoma']"
leg pain arm pain back pain neck pain low back pain paresthesia lower body pain,Degenerative Disc Disease,Spondylosis,0.3909655880548756,1.5668865099563631,"['Spondylosis', 'Spinal Stenosis', 'Degenerative Disc Disease']"
leg pain hip pain arm pain neck pain paresthesia shoulder pain,Spinal Stenosis,Herniated Disk,0.2926737152844925,1.57384929179188,"['Herniated Disk', 'Spondylosis', 'Spinal Stenosis']"
double vision pain in eye abnormal movement of eyelid foreign body sensation in eye spots or clouds in vision lacrimation,Diabetic Retinopathy,Dry Eye Of Unknown Cause,0.33217432805150093,1.2749957918191008,"['Dry Eye Of Unknown Cause', 'Diabetic Retinopathy', 'Macular Degeneration']"
hostile behavior delusions or hallucinations temper problems,Developmental Disability,Post-Traumatic Stress Disorder (Ptsd),0.2829092026910788,2.542627401347658,"['Post-Traumatic Stress Disorder (Ptsd)', 'Depression', 'Developmental Disability']"
depression insomnia excessive anger delusions or hallucinations obsessions and compulsions,Neurosis,Bipolar Disorder,0.5353892139041363,1.2558905012554136,"['Bipolar Disorder', 'Neurosis', 'Adjustment Reaction']"
depressive or psychotic symptoms problems with movement slurring words,Stroke,Delirium,0.4428887102996348,2.333076746145446,"['Delirium', 'Stroke', 'Hemiplegia']"
sore throat mouth pain,Oral Mucosal Lesion,Oral Thrush (Yeast Infection),0.2601708484147511,3.836903428617447,"['Oral Thrush (Yeast Infection)', 'Oral Mucosal Lesion', 'Herpangina']"
suprapubic pain painful urination frequent urination lower abdominal pain blood in urine,Bladder Disorder,Urinary Tract Infection,0.2453704996441242,2.0527259169313288,"['Urinary Tract Infection', 'Bladder Disorder', 'Pyelonephritis']"
painful urination frequent urination blood in urine back pain side pain,Urinary Tract Obstruction,Pyelonephritis,0.2158025460322085,2.0838294515603315,"['Pyelonephritis', 'Cystitis', 'Urinary Tract Infection']"
sharp abdominal pain lower abdominal pain intermenstrual bleeding heavy menstrual flow,Uterine Fibroids,Spontaneous Abortion,0.30175089766166996,2.421434840443761,"['Spontaneous Abortion', 'Idiopathic Irregular Menstrual Cycle', 'Vaginal Cyst']"
neck pain loss of sensation,Herniated Disk,Neuralgia,0.1033582601463226,3.1253275131984783,"['Neuralgia', 'Muscle Spasm', 'Spondylosis']"
back pain low back pain loss of sensation paresthesia leg weakness,Spondylolisthesis,Herniated Disk,0.5511134523316116,1.3875727596297787,"['Herniated Disk', 'Spondylolisthesis', 'Peripheral Nerve Disorder']"
skin swelling abnormal appearing skin allergic reaction itching of skin skin rash,Contact Dermatitis,Eczema,0.19423312108010696,2.6082548977814,"['Eczema', 'Allergy', 'Drug Reaction']"
allergic reaction swollen eye skin rash,Allergy,Contact Dermatitis,0.5425774314592544,1.296976020132794,"['Contact Dermatitis', 'Allergy', 'Conjunctivitis Due To Allergy']"
abnormal appearing skin allergic reaction swollen eye skin rash,Contact Dermatitis,Allergy,0.46919501680159964,1.5985998184435557,"['Allergy', 'Contact Dermatitis', 'Drug Reaction']"
foreign body sensation in eye eye redness lacrimation eye burns or stings,Cornea Infection,Iridocyclitis,0.5550815145992406,1.4511640601426836,"['Iridocyclitis', 'Cornea Infection', 'Conjunctivitis Due To Allergy']"
abnormal appearing skin irregular appearing scalp skin irritation skin rash,Eczema,Seborrheic Keratosis,0.3190457210210487,2.1772812215508095,"['Seborrheic Keratosis', 'Fungal Infection Of The Hair', 'Eczema']"
shortness of breath chest tightness palpitations leg swelling difficulty breathing,Heart Failure,Hypertensive Heart Disease,0.5943228707284246,1.3057696734476165,"['Hypertensive Heart Disease', 'Heart Failure', 'Pulmonary Embolism']"
sharp abdominal pain nausea stomach bloating,Indigestion,Intestinal Obstruction,0.2764773114552184,3.1171968114641233,"['Intestinal Obstruction', 'Cholecystitis', 'Indigestion']"
white discharge from eye diminished vision symptoms of eye pain in eye foreign body sensation in eye lacrimation,Chronic Glaucoma,Corneal Abrasion,0.33149583943488653,1.8903358370580063,"['Corneal Abrasion', 'Corneal Disorder', 'Dry Eye Of Unknown Cause']"
dizziness headache loss of sensation disturbance of memory,Transient Ischemic Attack,Multiple Sclerosis,0.34390775448657707,2.490526061259284,"['Multiple Sclerosis', 'Transient Ischemic Attack', 'Peripheral Nerve Disorder']"
white discharge from eye diminished vision symptoms of eye pain in eye foreign body sensation in eye,Chronic Glaucoma,Corneal Abrasion,0.28607007125141565,1.8808146516060318,"['Corneal Abrasion', 'Dry Eye Of Unknown Cause', 'Corneal Disorder']"
sharp abdominal pain vomiting side pain,Pain After An Operation,Sickle Cell Crisis,0.1818776549810143,3.3763367479813158,"['Sickle Cell Crisis', 'Hyponatremia', 'Cholecystitis']"
vomiting nausea pain of the anus constipation,Chronic Constipation,Ileus,0.3842671030707908,2.3590910124437396,"['Ileus', 'Chronic Constipation', 'Intestinal Obstruction']"
sharp chest pain cough burning abdominal pain,Gastroesophageal Reflux Disease (Gerd),Esophagitis,0.3764931527630926,3.3504474301206093,"['Esophagitis', 'Gastroesophageal Reflux Disease (Gerd)', 'Sickle Cell Crisis']"
white discharge from eye pain in eye foreign body sensation in eye,Corneal Abrasion,Corneal Disorder,0.2674625093056073,2.0686003151476218,"['Corneal Disorder', 'Dry Eye Of Unknown Cause', 'Corneal Abrasion']"
insomnia delusions or hallucinations temper problems,Bipolar Disorder,Schizophrenia,0.1355390879263103,2.987413434766644,"['Schizophrenia', 'Bipolar Disorder', 'Personality Disorder']"
diminished vision symptoms of eye pain in eye spots or clouds in vision lacrimation itchiness of eye swollen eye,Blepharitis,Cornea Infection,0.35404833326628987,2.0603499993836305,"['Cornea Infection', 'Blepharitis', 'Glaucoma']"
sharp chest pain sharp abdominal pain vomiting back pain burning abdominal pain side pain,Gallstone,Sickle Cell Crisis,0.47499923792248017,1.9318978036434866,"['Sickle Cell Crisis', 'Cholecystitis', 'Gallstone']"
cough headache facial pain ear pain fever sinus congestion,Nose Disorder,Chronic Sinusitis,0.5446615855340959,0.997159075348437,"['Chronic Sinusitis', 'Nose Disorder', 'Acute Sinusitis']"
leg pain loss of sensation shoulder pain lower body pain,Spinal Stenosis,Degenerative Disc Disease,0.4031941366635678,1.682591007940767,"['Degenerative Disc Disease', 'Spinal Stenosis', 'Spondylosis']"
cough ringing in ear pulling at ears,Ear Wax Impaction,Ear Drum Damage,0.456657341133104,2.1857348784800665,"['Ear Drum Damage', 'Ear Wax Impaction', 'Otitis Media']"
toothache peripheral edema ear pain jaw swelling gum pain bleeding gums,Gum Disease,Tooth Disorder,0.6611259311663403,0.9123093034115484,"['Tooth Disorder', 'Gum Disease', 'Dental Caries']"
sharp abdominal pain vomiting fever,Appendicitis,Sepsis,0.10778807611206613,4.005344985485467,"['Sepsis', 'Infectious Gastroenteritis', 'Gastritis']"
sore throat nasal congestion fever sinus congestion painful sinuses,Nose Disorder,Acute Sinusitis,0.47244721319966365,1.5472202054971214,"['Acute Sinusitis', 'Nose Disorder', 'Chronic Sinusitis']"
blood in stool headache nausea fever chills,Noninfectious Gastroenteritis,Infectious Gastroenteritis,0.5162834694203785,1.4212543569327964,"['Infectious Gastroenteritis', 'Noninfectious Gastroenteritis', 'Flu']"
cough nasal congestion pain in eye lacrimation,Conjunctivitis,Conjunctivitis Due To Allergy,0.33821670306051,2.5541338314684,"['Conjunctivitis Due To Allergy', 'Conjunctivitis Due To Virus', 'Conjunctivitis']"
anxiety and nervousness depressive or psychotic symptoms low self esteem,Alcohol Abuse,Personality Disorder,0.24350544914768485,2.808496170016607,"['Personality Disorder', 'Marijuana Abuse', 'Schizophrenia']"
sharp abdominal pain lower abdominal pain pelvic pain painful menstruation,Uterine Fibroids,Ovarian Cyst,0.24278949813219164,2.726275157186696,"['Ovarian Cyst', 'Idiopathic Irregular Menstrual Cycle', 'Idiopathic Painful Menstruation']"
blood in stool sharp abdominal pain vomiting nausea burning abdominal pain changes in stool appearance,Chronic Constipation,Gastroduodenal Ulcer,0.6531657475356915,1.080855940293708,"['Gastroduodenal Ulcer', 'Chronic Constipation', 'Gastrointestinal Hemorrhage']"
depressive or psychotic symptoms insomnia abusing alcohol fears and phobias,Psychotic Disorder,Bipolar Disorder,0.42464166088003824,2.0094316166935213,"['Bipolar Disorder', 'Psychotic Disorder', 'Social Phobia']"
abnormal appearing skin irregular appearing scalp skin dryness peeling scaliness or roughness too little hair,Seborrheic Dermatitis,Fungal Infection Of The Skin,0.47723318483280164,1.8073530603661867,"['Fungal Infection Of The Skin', 'Seborrheic Dermatitis', 'Onychomycosis']"
cough vomiting fever,White Blood Cell Disease,Acute Bronchospasm,0.20297762350630805,3.565182460619745,"['Acute Bronchospasm', 'Sepsis', 'Flu']"
headache nausea burning abdominal pain chills fluid retention,Infectious Gastroenteritis,Noninfectious Gastroenteritis,0.5252923787875032,0.9961417260894163,"['Noninfectious Gastroenteritis', 'Infectious Gastroenteritis', 'Diverticulitis']"
depression depressive or psychotic symptoms insomnia excessive anger temper problems fears and phobias,Schizophrenia,Psychotic Disorder,0.2611316969493263,1.8369988709912777,"['Psychotic Disorder', 'Schizophrenia', 'Bipolar Disorder']"
lip swelling abnormal appearing skin skin lesion skin moles,Atrophic Skin Condition,Skin Cancer,0.24127887507936124,2.2404096969571645,"['Skin Cancer', 'Viral Warts', 'Hemangioma']"
toothache,Gum Disease,Dental Caries,0.13129135307094256,4.396878009215706,"['Dental Caries', 'Oral Mucosal Lesion', 'Tooth Disorder']"
anxiety and nervousness depression palpitations,Panic Disorder,Anxiety,0.186255044907842,4.003192933916452,"['Anxiety', 'Panic Disorder', 'Acute Stress Reaction']"
cough vomiting wheezing coryza,Acute Bronchiolitis,Acute Bronchospasm,0.43543196830723785,2.176564491606186,"['Acute Bronchospasm', 'Croup', 'Common Cold']"
dizziness diminished hearing redness in ear,Conductive Hearing Loss,Eustachian Tube Dysfunction (Ear Disorder),0.19385983806610557,3.554289411861686,"['Eustachian Tube Dysfunction (Ear Disorder)', 'Labyrinthitis', 'Acute Otitis Media']"
toothache facial pain peripheral edema neck swelling gum pain,Dental Caries,Tooth Abscess,0.5403138827354207,1.2938705490558822,"['Tooth Abscess', 'Dental Caries', 'Tooth Disorder']"
acne or pimples skin growth skin moles skin dryness peeling scaliness or roughness skin irritation,Skin Polyp,Skin Disorder,0.38705096554143215,1.9155371688635112,"['Skin Disorder', 'Skin Polyp', 'Contact Dermatitis']"
hand or finger pain wrist pain arm pain ankle pain,Tendinitis,Sprain Or Strain,0.4022365248892912,1.5745536989631135,"['Sprain Or Strain', 'Mononeuritis', 'Tendinitis']"
diminished vision symptoms of eye eye redness lacrimation itchiness of eye eye burns or stings swollen eye,Conjunctivitis Due To Allergy,Blepharitis,0.34863151048233837,1.4493822217939045,"['Blepharitis', 'Conjunctivitis Due To Allergy', 'Cornea Infection']"
diminished vision symptoms of eye foreign body sensation in eye eye redness,Myopia,Dry Eye Of Unknown Cause,0.15231095498999636,2.462713952655414,"['Dry Eye Of Unknown Cause', 'Chalazion', 'Corneal Abrasion']"
diminished vision double vision symptoms of eye abnormal movement of eyelid foreign body sensation in eye spots or clouds in vision,Dry Eye Of Unknown Cause,Diabetic Retinopathy,0.4047227166404136,1.2434065611559337,"['Diabetic Retinopathy', 'Dry Eye Of Unknown Cause', 'Macular Degeneration']"
sharp abdominal pain lower abdominal pain burning abdominal pain constipation,Chronic Constipation,Diverticulitis,0.4341285418814962,2.086996003286486,"['Diverticulitis', 'Ileus', 'Chronic Constipation']"
back pain neck pain shoulder pain,Degenerative Disc Disease,Sprain Or Strain,0.1536292837384826,2.742529574880095,"['Sprain Or Strain', 'Spondylosis', 'Degenerative Disc Disease']"
sharp abdominal pain vomiting nausea vaginal discharge intermenstrual bleeding,Pelvic Inflammatory Disease,Ovarian Cyst,0.47934197608906615,1.3709790248071685,"['Ovarian Cyst', 'Pelvic Inflammatory Disease', 'Threatened Pregnancy']"
depression insomnia hostile behavior temper problems fears and phobias hysterical behavior,Psychotic Disorder,Schizophrenia,0.5205422426946662,0.8417123590357987,"['Schizophrenia', 'Psychotic Disorder', 'Personality Disorder']"
abusing alcohol hostile behavior drug abuse delusions or hallucinations,Drug Abuse,Post-Traumatic Stress Disorder (Ptsd),0.325238255653558,1.763089905433041,"['Post-Traumatic Stress Disorder (Ptsd)', 'Depression', 'Marijuana Abuse']"
skin growth foot or toe pain skin on leg or foot looks infected,Ingrown Toe Nail,Onychomycosis,0.6096675234270532,1.651790156006963,"['Onychomycosis', 'Ingrown Toe Nail', 'Paronychia']"
skin swelling abnormal appearing skin skin lesion acne or pimples skin dryness peeling scaliness or roughness,Eczema,Rosacea,0.15328929834429963,2.7405619198660442,"['Rosacea', 'Skin Polyp', 'Skin Disorder']"
hostile behavior temper problems,Personality Disorder,Post-Traumatic Stress Disorder (Ptsd),0.14875314976846113,3.561248442903752,"['Post-Traumatic Stress Disorder (Ptsd)', 'Conduct Disorder', 'Developmental Disability']"
shortness of breath cough vomiting wheezing difficulty breathing,Pneumonia,Acute Bronchospasm,0.41700896920423236,1.7266292776192032,"['Acute Bronchospasm', 'Acute Bronchiolitis', 'Pneumonia']"
sore throat cough mouth ulcer mouth pain,Oral Thrush (Yeast Infection),Oral Mucosal Lesion,0.5371673007372336,2.056347027714358,"['Oral Mucosal Lesion', 'Oral Thrush (Yeast Infection)', 'Herpangina']"
anxiety and nervousness depression insomnia abusing alcohol hostile behavior drug abuse delusions or hallucinations,Depression,Post-Traumatic Stress Disorder (Ptsd),0.4885473091305448,1.3760772090262154,"['Post-Traumatic Stress Disorder (Ptsd)', 'Depression', 'Drug Abuse']"
anxiety and nervousness depression abusing alcohol hostile behavior temper problems fears and phobias,Marijuana Abuse,Psychotic Disorder,0.47615724348629046,1.445317425736836,"['Psychotic Disorder', 'Marijuana Abuse', 'Bipolar Disorder']"
fainting sharp abdominal pain vomiting nausea,Hypokalemia,Hyponatremia,0.27382646963339646,2.608999803595608,"['Hyponatremia', 'Hypovolemia', 'Gastrointestinal Hemorrhage']"
toothache bleeding gums pain in gums,Tooth Disorder,Gum Disease,0.43791507597233337,1.7605823069259399,"['Gum Disease', 'Tooth Disorder', 'Dental Caries']"
skin swelling abnormal appearing skin allergic reaction itching of skin skin dryness peeling scaliness or roughness,Contact Dermatitis,Eczema,0.36390769662534067,2.4859872533074343,"['Eczema', 'Contact Dermatitis', 'Itching Of Unknown Cause']"
anxiety and nervousness depression depressive or psychotic symptoms insomnia delusions or hallucinations fears and phobias,Social Phobia,Psychotic Disorder,0.24090256584008476,2.1401258666287584,"['Psychotic Disorder', 'Bipolar Disorder', 'Schizophrenia']"
suprapubic pain vomiting painful urination back pain side pain,Urinary Tract Infection,Kidney Stone,0.44748399197587196,1.4583792681264458,"['Kidney Stone', 'Urinary Tract Infection', 'Pyelonephritis']"
white discharge from eye diminished vision symptoms of eye pain in eye foreign body sensation in eye eye redness lacrimation itchiness of eye,Corneal Disorder,Corneal Abrasion,0.3955649252821023,1.6671325075553136,"['Corneal Abrasion', 'Dry Eye Of Unknown Cause', 'Corneal Disorder']"
blood in stool vomiting diarrhea burning abdominal pain decreased appetite fever chills fluid retention,Noninfectious Gastroenteritis,Infectious Gastroenteritis,0.5280385756962378,0.7443146058912706,"['Infectious Gastroenteritis', 'Noninfectious Gastroenteritis', 'Diverticulitis']"
vomiting nausea back pain side pain lower body pain upper abdominal pain,Gallstone,Cholecystitis,0.3626349213958598,1.3348534651765895,"['Cholecystitis', 'Gallstone', 'Acute Pancreatitis']"
anxiety and nervousness depression depressive or psychotic symptoms fears and phobias low self esteem,Marijuana Abuse,Schizophrenia,0.3132192023290799,1.753587443820289,"['Schizophrenia', 'Personality Disorder', 'Marijuana Abuse']"
suprapubic pain vaginal itching lower abdominal pain,Vaginitis,Vaginal Yeast Infection,0.4792160005366934,1.999353361516711,"['Vaginal Yeast Infection', 'Vaginitis', 'Idiopathic Absence Of Menstruation']"
cough skin swelling abnormal appearing skin itching of skin skin rash,Viral Exanthem,Eczema,0.22419817607904222,2.613847277424602,"['Eczema', 'Impetigo', 'Allergy']"
hip pain knee pain knee swelling,Bursitis,Osteoarthritis,0.5515781425781674,1.915937816127587,"['Osteoarthritis', 'Fracture Of The Leg', 'Bursitis']"
sharp abdominal pain diarrhea,Appendicitis,Rectal Disorder,0.10507882385890739,3.8873975822537075,"['Rectal Disorder', 'Gastritis', 'Diverticulitis']"
abnormal appearing skin fever,Impetigo,Viral Exanthem,0.22309793720491858,4.340890568616645,"['Viral Exanthem', 'Impetigo', 'Breast Infection (Mastitis)']"
sharp abdominal pain,Cholecystitis,Pleural Effusion,0.05677067319817459,4.3384003071788175,"['Pleural Effusion', 'Pyelonephritis', 'Esophagitis']"
sharp abdominal pain vaginal discharge cramps and spasms blood clots during menstrual periods long menstrual periods heavy menstrual flow,Idiopathic Excessive Menstruation,Idiopathic Painful Menstruation,0.48982474446559976,1.0544919131744972,"['Idiopathic Painful Menstruation', 'Idiopathic Excessive Menstruation', 'Vaginal Cyst']"
skin lesion skin growth skin moles lymphedema skin dryness peeling scaliness or roughness,Hemangioma,Rosacea,0.4810131294809545,1.4999442365883247,"['Rosacea', 'Hemangioma', 'Psoriasis']"
cough nasal congestion coughing up sputum coryza,Asthma,Chronic Obstructive Pulmonary Disease (Copd),0.25308738419268356,2.001759785579197,"['Chronic Obstructive Pulmonary Disease (Copd)', 'Acute Bronchitis', 'Asthma']"
hip pain back pain joint pain,Arthritis Of The Hip,Degenerative Disc Disease,0.5208265024389489,1.5592779322125074,"['Degenerative Disc Disease', 'Osteoarthritis', 'Arthritis Of The Hip']"
skin swelling abnormal appearing skin acne or pimples,Callus,Rosacea,0.0950755235742604,3.3927065025723735,"['Rosacea', 'Callus', 'Atrophic Skin Condition']"
shortness of breath chest tightness irregular heartbeat fainting weight gain,Paroxysmal Ventricular Tachycardia,Heart Block,0.7085336165583852,0.9932368086937251,"['Heart Block', 'Paroxysmal Ventricular Tachycardia', 'Heart Attack']"
suprapubic pain sharp abdominal pain painful urination frequent urination lower abdominal pain blood in urine,Temporary Or Benign Blood In Urine,Pyelonephritis,0.30521289763651094,1.9753187206100515,"['Pyelonephritis', 'Bladder Disorder', 'Cystitis']"
sharp abdominal pain painful urination involuntary urination frequent urination lower abdominal pain symptoms of bladder,Bladder Disorder,Temporary Or Benign Blood In Urine,0.38436828395882056,1.258729727770341,"['Temporary Or Benign Blood In Urine', 'Cystitis', 'Bladder Disorder']"
hip pain arm pain low back pain loss of sensation ache all over,Spondylosis,Neuralgia,0.5016853706173832,1.394988170869799,"['Neuralgia', 'Spondylosis', 'Complex Regional Pain Syndrome']"
back pain low back pain ache all over lower body pain,Arthritis Of The Hip,Spondylosis,0.3671161749649727,1.6965090435968535,"['Spondylosis', 'Ankylosing Spondylitis', 'Arthritis Of The Hip']"
neck pain paresthesia lower body pain,Spondylosis,Spinal Stenosis,0.2879294938717646,2.202012455087946,"['Spinal Stenosis', 'Spondylosis', 'Degenerative Disc Disease']"
depression lack of growth,Attention Deficit Hyperactivity Disorder (Adhd),Conduct Disorder,0.27372181410030294,3.0852897969924755,"['Conduct Disorder', 'Attention Deficit Hyperactivity Disorder (Adhd)', 'Obsessive Compulsive Disorder (Ocd)']"
low back pain problems with movement lower body pain,Arthritis Of The Hip,Spinal Stenosis,0.38824206932576383,1.924582353416438,"['Spinal Stenosis', 'Arthritis Of The Hip', 'Sciatica']"
suprapubic pain painful urination side pain,Urinary Tract Infection,Urinary Tract Obstruction,0.25762222141714813,2.827334320622797,"['Urinary Tract Obstruction', 'Urinary Tract Infection', 'Cystitis']"
anxiety and nervousness depression depressive or psychotic symptoms insomnia abusing alcohol excessive anger,Psychotic Disorder,Bipolar Disorder,0.30708768651804474,2.066182529548322,"['Bipolar Disorder', 'Psychotic Disorder', 'Social Phobia']"
sharp abdominal pain vomiting painful urination frequent urination lower abdominal pain blood in urine side pain,Kidney Stone,Pyelonephritis,0.46129007434757274,1.2436910378994925,"['Pyelonephritis', 'Kidney Stone', 'Urinary Tract Infection']"
cough fluid in ear fever pulling at ears,Chronic Otitis Media,Ear Wax Impaction,0.37553732083432956,1.9150355987924053,"['Ear Wax Impaction', 'Otitis Media', 'Chronic Otitis Media']"
headache arm pain back pain neck pain loss of sensation shoulder pain,Spinal Stenosis,Neuralgia,0.3611675065512989,1.6617105758111848,"['Neuralgia', 'Spinal Stenosis', 'Brachial Neuritis']"
skin swelling skin moles itching of skin skin dryness peeling scaliness or roughness,Skin Polyp,Contact Dermatitis,0.17927630645390574,2.3703383599512198,"['Contact Dermatitis', 'Skin Polyp', 'Psoriasis']"
leg pain wrist pain arm pain foot or toe pain ankle pain shoulder pain,Tendinitis,Sprain Or Strain,0.4133135935542954,1.210692742360892,"['Sprain Or Strain', 'Tendinitis', 'Mononeuritis']"
cramps and spasms heavy menstrual flow unpredictable menstruation painful menstruation frequent menstruation,Idiopathic Excessive Menstruation,Idiopathic Irregular Menstrual Cycle,0.5028869041055288,0.9635821986718383,"['Idiopathic Irregular Menstrual Cycle', 'Idiopathic Excessive Menstruation', 'Idiopathic Painful Menstruation']"
abnormal appearing skin skin growth irregular appearing scalp symptoms of the face skin rash,Seborrheic Dermatitis,Actinic Keratosis,0.6776149378421215,1.036669826960495,"['Actinic Keratosis', 'Seborrheic Dermatitis', 'Seborrheic Keratosis']"
chest tightness nasal congestion fever,Chronic Obstructive Pulmonary Disease (Copd),Pulmonary Congestion,0.23694662256254692,2.8740173099046085,"['Pulmonary Congestion', 'Asthma', 'Acute Bronchospasm']"
vomiting frequent urination back pain,Urinary Tract Infection,Kidney Stone,0.317247252388298,2.978943033515501,"['Kidney Stone', 'Urinary Tract Infection', 'Pyelonephritis']"
depressive or psychotic symptoms abnormal involuntary movements difficulty speaking focal weakness disturbance of memory,Stroke,Delirium,0.5446910421117247,1.6857684640447614,"['Delirium', 'Stroke', 'Parkinson Disease']"
blood in stool lower abdominal pain burning abdominal pain constipation,Chronic Constipation,Diverticulitis,0.6419924745745862,1.251660459810803,"['Diverticulitis', 'Chronic Constipation', 'Ileus']"
double vision pain in eye foreign body sensation in eye lacrimation,Diabetic Retinopathy,Macular Degeneration,0.2922855681583019,2.1833722938623468,"['Macular Degeneration', 'Corneal Disorder', 'Dry Eye Of Unknown Cause']"
leg pain sharp abdominal pain low back pain knee pain,Sickle Cell Crisis,Chronic Pain Disorder,0.5102028123688592,1.6236914270626797,"['Chronic Pain Disorder', 'Sickle Cell Crisis', 'Pain After An Operation']"
depression depressive or psychotic symptoms hostile behavior delusions or hallucinations,Schizophrenia,Post-Traumatic Stress Disorder (Ptsd),0.1883109646638757,2.9892634847115076,"['Post-Traumatic Stress Disorder (Ptsd)', 'Neurosis', 'Depression']"
hip pain loss of sensation leg weakness,Sciatica,Spondylolisthesis,0.3704484162146158,1.967064221706555,"['Spondylolisthesis', 'Herniated Disk', 'Sciatica']"
abnormal appearing skin itching of skin skin rash,Fungal Infection Of The Skin,Drug Reaction,0.10635514555701048,3.3477509688778193,"['Drug Reaction', 'Food Allergy', 'Balanitis']"
sore throat cough vomiting ear pain fever,Common Cold,Strep Throat,0.3095419878280956,2.0076736093016176,"['Strep Throat', 'Common Cold', 'Otitis Media']"
symptoms of eye eye redness lacrimation itchiness of eye,Corneal Disorder,Conjunctivitis Due To Allergy,0.19834787550795588,2.6242888204941295,"['Conjunctivitis Due To Allergy', 'Corneal Abrasion', 'Glaucoma']"
blood in stool sharp abdominal pain vomiting headache nausea diarrhea decreased appetite chills fluid retention,Noninfectious Gastroenteritis,Infectious Gastroenteritis,0.504467337331326,0.7330640974612682,"['Infectious Gastroenteritis', 'Noninfectious Gastroenteritis', 'Diabetic Ketoacidosis']"
vomiting diarrhea fever chills,Flu,White Blood Cell Disease,0.26114989943640116,2.4916096537199777,"['White Blood Cell Disease', 'Diverticulitis', 'Infectious Gastroenteritis']"
depression delusions or hallucinations,Schizophrenia,Adjustment Reaction,0.0945726871195371,4.375343375542862,"['Adjustment Reaction', 'Delirium', 'Depression']"
headache back pain low back pain,Pain After An Operation,Neuralgia,0.12286886042203439,3.1773629180574243,"['Neuralgia', 'Fibromyalgia', 'Pain After An Operation']"
blood in stool sharp abdominal pain vomiting rectal bleeding,Chronic Constipation,Diverticulosis,0.2604193785322213,2.2723326236610397,"['Diverticulosis', 'Noninfectious Gastroenteritis', 'Gastrointestinal Hemorrhage']"
abnormal appearing skin acne or pimples skin growth irregular appearing scalp skin moles itching of skin skin irritation warts,Skin Polyp,Seborrheic Keratosis,0.6118831694212583,0.9554941276518327,"['Seborrheic Keratosis', 'Skin Polyp', 'Skin Disorder']"
dizziness hoarse voice ear pain ringing in ear fluid in ear,Conductive Hearing Loss,Sensorineural Hearing Loss,0.5406027780976802,1.1420251336875067,"['Sensorineural Hearing Loss', 'Conductive Hearing Loss', 'Ear Drum Damage']"
depression depressive or psychotic symptoms abusing alcohol delusions or hallucinations temper problems,Post-Traumatic Stress Disorder (Ptsd),Bipolar Disorder,0.23345617461394078,2.408811320118594,"['Bipolar Disorder', 'Marijuana Abuse', 'Post-Traumatic Stress Disorder (Ptsd)']"
sore throat vomiting wheezing fever chills,Common Cold,Pneumonia,0.46179766302736996,1.5489742090630254,"['Pneumonia', 'Common Cold', 'Acute Bronchospasm']"
depression insomnia hostile behavior drug abuse delusions or hallucinations temper problems,Personality Disorder,Post-Traumatic Stress Disorder (Ptsd),0.4276312069717415,1.5053103920547464,"['Post-Traumatic Stress Disorder (Ptsd)', 'Personality Disorder', 'Depression']"
shortness of breath chest tightness fever difficulty breathing coryza,Acute Bronchospasm,Asthma,0.3763939859484867,2.0641605701324632,"['Asthma', 'Acute Bronchospasm', 'Acute Respiratory Distress Syndrome (Ards)']"
depression depressive or psychotic symptoms excessive anger delusions or hallucinations temper problems,Schizophrenia,Post-Traumatic Stress Disorder (Ptsd),0.18706850510192335,2.684120971325278,"['Post-Traumatic Stress Disorder (Ptsd)', 'Personality Disorder', 'Bipolar Disorder']"
involuntary urination frequent urination blood in urine symptoms of bladder,Urge Incontinence,Bladder Disorder,0.21248849561203548,2.0719063031347984,"['Bladder Disorder', 'Cystitis', 'Temporary Or Benign Blood In Urine']"
abnormal appearing skin skin lesion acne or pimples skin growth irregular appearing scalp skin irritation warts,Skin Polyp,Seborrheic Keratosis,0.5303705759773993,1.3226334525128056,"['Seborrheic Keratosis', 'Skin Polyp', 'Skin Disorder']"
wrist pain hand or finger swelling arm pain elbow pain,Injury To The Arm,Carpal Tunnel Syndrome,0.4504280704083871,1.2795176542047386,"['Carpal Tunnel Syndrome', 'Injury To The Arm', 'Tendinitis']"
vomiting nausea side pain fever upper abdominal pain,Appendicitis,Diverticulitis,0.47584418365136616,1.6636708380947225,"['Diverticulitis', 'Appendicitis', 'Gallstone']"
painful urination frequent urination,Temporary Or Benign Blood In Urine,Bladder Disorder,0.0980924849572687,3.4152468512083862,"['Bladder Disorder', 'Pyelonephritis', 'Urinary Tract Infection']"
skin swelling skin lesion acne or pimples skin growth skin moles warts,Viral Warts,Skin Polyp,0.2964919936042558,1.987367292764955,"['Skin Polyp', 'Viral Warts', 'Skin Pigmentation Disorder']"
cough diminished hearing coryza,Acute Otitis Media,Otitis Media,0.27952365207319907,3.6667227806991383,"['Otitis Media', 'Acute Otitis Media', 'Ear Wax Impaction']"
depression shortness of breath insomnia irregular heartbeat,Anxiety,Panic Disorder,0.4095093178487208,1.9646843338736908,"['Panic Disorder', 'Anxiety', 'Acute Stress Reaction']"
rectal bleeding itching of the anus,Rectal Disorder,Hemorrhoids,0.4447373690047416,1.6947555864169221,"['Hemorrhoids', 'Rectal Disorder', 'Iron Deficiency Anemia']"
anxiety and nervousness delusions or hallucinations temper problems fears and phobias,Personality Disorder,Schizophrenia,0.2259866719265112,2.2029852118710096,"['Schizophrenia', 'Personality Disorder', 'Marijuana Abuse']"
sore throat cough headache,Interstitial Lung Disease,Flu,0.24787661505867076,2.7597577545627985,"['Flu', 'Chronic Sinusitis', 'Interstitial Lung Disease']"
sharp abdominal pain back pain burning abdominal pain upper abdominal pain,Gallstone,Acute Pancreatitis,0.20172709734984823,2.5694348523574577,"['Acute Pancreatitis', 'Gallstone', 'Cholecystitis']"
white discharge from eye diminished vision foreign body sensation in eye spots or clouds in vision eye redness lacrimation,Corneal Disorder,Dry Eye Of Unknown Cause,0.5061259039603643,1.3578746685557868,"['Dry Eye Of Unknown Cause', 'Corneal Disorder', 'Chronic Glaucoma']"
sharp chest pain fainting increased heart rate,Paroxysmal Ventricular Tachycardia,Heart Attack,0.3197418293016825,2.393016070654867,"['Heart Attack', 'Sinus Bradycardia', 'Paroxysmal Ventricular Tachycardia']"
sharp chest pain sharp abdominal pain side pain regurgitation 1,Cholecystitis,Gallstone,0.40252277938795394,2.0921947932658047,"['Gallstone', 'Cholecystitis', 'Hiatal Hernia']"
sore throat cough diminished hearing plugged feeling in ear redness in ear,Otitis Externa (Swimmer'S Ear),Acute Otitis Media,0.5918754807410421,1.3707050063390627,"['Acute Otitis Media', ""Otitis Externa (Swimmer'S Ear)"", 'Eustachian Tube Dysfunction (Ear Disorder)']"
cough nasal congestion wheezing difficulty breathing,Acute Bronchospasm,Asthma,0.23693538427124466,2.396502172909098,"['Asthma', 'Acute Bronchitis', 'Pneumonia']"
depressive or psychotic symptoms temper problems low self esteem,Obsessive Compulsive Disorder (Ocd),Personality Disorder,0.44055687668117877,2.1791156944077565,"['Personality Disorder', 'Schizophrenia', 'Oppositional Disorder']"
cough nasal congestion coughing up sputum congestion in chest,Chronic Obstructive Pulmonary Disease (Copd),Acute Bronchitis,0.515495200335237,1.141096479714321,"['Acute Bronchitis', 'Chronic Obstructive Pulmonary Disease (Copd)', 'Asthma']"
headache focal weakness seizures,Intracerebral Hemorrhage,Stroke,0.35428071359572155,2.4390649808987668,"['Stroke', 'Intracerebral Hemorrhage', 'Transient Ischemic Attack']"
abnormal appearing skin acne or pimples itching of skin skin irritation skin rash,Contact Dermatitis,Seborrheic Keratosis,0.37723090118569574,1.9521962176503938,"['Seborrheic Keratosis', 'Fungal Infection Of The Hair', 'Eczema']"
sharp abdominal pain vaginal itching vaginal discharge pelvic pain,Vaginitis,Idiopathic Painful Menstruation,0.3301567422701658,1.8966226611029706,"['Idiopathic Painful Menstruation', 'Vaginitis', 'Yeast Infection']"
knee pain problems with movement knee stiffness or tightness ankle swelling,Injury To The Leg,Joint Effusion,0.5486718767234432,1.3448155049018204,"['Joint Effusion', 'Injury To The Leg', 'Fracture Of The Leg']"
shortness of breath sharp chest pain dizziness chest tightness irregular heartbeat fainting decreased heart rate,Sinus Bradycardia,Paroxysmal Ventricular Tachycardia,0.5720245073613945,0.9526475653655473,"['Paroxysmal Ventricular Tachycardia', 'Sinus Bradycardia', 'Heart Block']"
white discharge from eye pain in eye lacrimation,Chronic Glaucoma,Conjunctivitis,0.19161411995989497,2.4340866045358833,"['Conjunctivitis', 'Conjunctivitis Due To Virus', 'Corneal Disorder']"
suprapubic pain frequent urination lower abdominal pain blood in urine back pain,Pyelonephritis,Urinary Tract Infection,0.32069163008073676,1.8909510926161046,"['Urinary Tract Infection', 'Pyelonephritis', 'Cystitis']"
blood in stool sharp abdominal pain headache decreased appetite chills,Noninfectious Gastroenteritis,Infectious Gastroenteritis,0.48016939492627503,1.2768863875329879,"['Infectious Gastroenteritis', 'Noninfectious Gastroenteritis', 'Strep Throat']"
sharp chest pain chest tightness nasal congestion wheezing coryza,Acute Bronchospasm,Chronic Obstructive Pulmonary Disease (Copd),0.41943374896158775,1.6572155641815836,"['Chronic Obstructive Pulmonary Disease (Copd)', 'Acute Bronchospasm', 'Asthma']"
skin swelling toothache facial pain peripheral edema jaw swelling neck swelling mouth pain pain in gums,Dental Caries,Tooth Abscess,0.6109150066663314,0.7450030004774169,"['Tooth Abscess', 'Dental Caries', 'Gum Disease']"
anxiety and nervousness depression insomnia excessive anger fears and phobias,Social Phobia,Psychotic Disorder,0.20513044883890338,2.218876538365017,"['Psychotic Disorder', 'Adjustment Reaction', 'Bipolar Disorder']"
sore throat vomiting fever ache all over,Strep Throat,Flu,0.513147030527614,1.828962626118952,"['Flu', 'Strep Throat', 'Acute Bronchospasm']"
sharp abdominal pain,Diverticulosis,Pleural Effusion,0.05677067319817459,4.3384003071788175,"['Pleural Effusion', 'Pyelonephritis', 'Esophagitis']"
sharp abdominal pain painful urination involuntary urination symptoms of bladder,Cystitis,Temporary Or Benign Blood In Urine,0.3905029579353592,1.5580254579641082,"['Temporary Or Benign Blood In Urine', 'Bladder Disorder', 'Cystitis']"
skin swelling skin lesion irregular appearing scalp skin rash,Skin Pigmentation Disorder,Psoriasis,0.1728911677828241,2.901039898415412,"['Psoriasis', 'Skin Pigmentation Disorder', 'Eczema']"
retention of urine suprapubic pain lower abdominal pain blood in urine,Bladder Disorder,Urinary Tract Infection,0.32353999967039937,2.16525089594608,"['Urinary Tract Infection', 'Kidney Stone', 'Cystitis']"
depression insomnia delusions or hallucinations,Depression,Adjustment Reaction,0.1496556977470266,3.3201284505933035,"['Adjustment Reaction', 'Bipolar Disorder', 'Psychotic Disorder']"
anxiety and nervousness depression depressive or psychotic symptoms insomnia excessive anger delusions or hallucinations temper problems,Depression,Bipolar Disorder,0.1759453125875371,2.317735775101234,"['Bipolar Disorder', 'Schizophrenia', 'Psychotic Disorder']"
leg pain back pain low back pain loss of sensation shoulder pain,Spondylosis,Degenerative Disc Disease,0.23216997010243925,2.2557248280629683,"['Degenerative Disc Disease', 'Spondylosis', 'Neuralgia']"
shortness of breath cough wheezing fever,Acute Bronchitis,Acute Bronchiolitis,0.14424281563149335,2.833077362626216,"['Acute Bronchiolitis', 'Asthma', 'Interstitial Lung Disease']"
skin swelling skin moles itching of skin skin dryness peeling scaliness or roughness,Actinic Keratosis,Contact Dermatitis,0.17927630645390574,2.3703383599512198,"['Contact Dermatitis', 'Skin Polyp', 'Psoriasis']"
leg pain hip pain headache back pain low back pain ache all over,Chronic Pain Disorder,Neuralgia,0.36468616905354057,1.394431983266391,"['Neuralgia', 'Fibromyalgia', 'Chronic Pain Disorder']"
abnormal involuntary movements headache problems with movement,Multiple Sclerosis,Stroke,0.3605310974015481,2.1053307704727584,"['Stroke', 'Multiple Sclerosis', 'Hemiplegia']"
blood in stool sharp abdominal pain burning abdominal pain rectal bleeding,Noninfectious Gastroenteritis,Chronic Constipation,0.3405739106044168,2.0148090906332694,"['Chronic Constipation', 'Noninfectious Gastroenteritis', 'Rectal Disorder']"
leg pain back pain neck pain knee pain,Sprain Or Strain,Spondylosis,0.40055956990573305,1.8509978231599513,"['Spondylosis', 'Sprain Or Strain', 'Pain After An Operation']"
leg pain back pain neck pain loss of sensation,Complex Regional Pain Syndrome,Chronic Back Pain,0.152849032005841,2.5814322999502073,"['Chronic Back Pain', 'Muscle Spasm', 'Spondylosis']"
abnormal appearing skin itching of skin skin irritation,Seborrheic Keratosis,Skin Disorder,0.33458577326445965,2.6725186547810105,"['Skin Disorder', 'Seborrheic Keratosis', 'Eczema']"
skin lesion acne or pimples skin growth itching of skin skin dryness peeling scaliness or roughness skin irritation,Fungal Infection Of The Hair,Skin Disorder,0.34856723362622477,1.8966168451193433,"['Skin Disorder', 'Fungal Infection Of The Hair', 'Skin Polyp']"
leg pain hip pain arm pain back pain neck pain low back pain paresthesia,Spinal Stenosis,Herniated Disk,0.2877418806285419,1.979051103419249,"['Herniated Disk', 'Spondylosis', 'Degenerative Disc Disease']"
ear pain,Acute Otitis Media,Ear Drum Damage,0.07731300394722011,3.7332866996972838,"['Ear Drum Damage', 'Eustachian Tube Dysfunction (Ear Disorder)', 'Labyrinthitis']"
sharp abdominal pain nausea painful urination lower abdominal pain vaginal discharge,Pelvic Inflammatory Disease,Vulvodynia,0.47971841210761706,1.513670636836218,"['Vulvodynia', 'Pelvic Inflammatory Disease', 'Pyelonephritis']"
skin swelling abnormal appearing skin acne or pimples skin dryness peeling scaliness or roughness skin rash,Fungal Infection Of The Skin,Eczema,0.11983993592662272,2.8218969770881115,"['Eczema', 'Contact Dermatitis', 'Acne']"
diminished vision symptoms of eye pain in eye spots or clouds in vision eye redness lacrimation itchiness of eye eye burns or stings swollen eye,Cornea Infection,Blepharitis,0.4908428144821452,1.1823268909861064,"['Blepharitis', 'Cornea Infection', 'Conjunctivitis Due To Allergy']"
skin swelling acne or pimples warts,Molluscum Contagiosum,Skin Polyp,0.16922328671831893,3.4584245980388806,"['Skin Polyp', 'Viral Warts', 'Eczema']"
shortness of breath sore throat nasal congestion wheezing fever abnormal breathing sounds,Interstitial Lung Disease,Croup,0.49920953817689456,1.0459899157196424,"['Croup', 'Interstitial Lung Disease', 'Pneumonia']"
abnormal appearing skin skin lesion skin irritation,Skin Polyp,Skin Disorder,0.27461393321766164,2.6754431506751724,"['Skin Disorder', 'Fungal Infection Of The Hair', 'Seborrheic Keratosis']"
involuntary urination unpredictable menstruation,Idiopathic Excessive Menstruation,Uterine Fibroids,0.44879362190580757,2.9332776444124504,"['Uterine Fibroids', 'Idiopathic Excessive Menstruation', 'Erectile Dysfunction']"
anxiety and nervousness depression shortness of breath depressive or psychotic symptoms insomnia abnormal involuntary movements palpitations irregular heartbeat,Anxiety,Panic Disorder,0.5212776568695534,0.8106838468365067,"['Panic Disorder', 'Anxiety', 'Acute Stress Reaction']"
sharp abdominal pain painful urination frequent urination blood in urine,Urinary Tract Obstruction,Pyelonephritis,0.1640219956958203,2.5223001590825174,"['Pyelonephritis', 'Urinary Tract Obstruction', 'Prostatitis']"
abnormal appearing skin skin lesion skin rash,Contact Dermatitis,Impetigo,0.08741173007566332,3.481954920190887,"['Impetigo', 'Seborrheic Keratosis', 'Molluscum Contagiosum']"
sharp abdominal pain lower abdominal pain pain during pregnancy pelvic pain spotting or bleeding during pregnancy blood clots during menstrual periods heavy menstrual flow,Vaginal Cyst,Spontaneous Abortion,0.5158039498891194,0.8311334245838774,"['Spontaneous Abortion', 'Vaginal Cyst', 'Problem During Pregnancy']"
sharp chest pain insomnia,Acute Stress Reaction,Hypertensive Heart Disease,0.21577798620773106,3.54358586319173,"['Hypertensive Heart Disease', 'Anxiety', 'Acute Stress Reaction']"
leg pain hand or finger pain wrist pain knee pain shoulder pain,Tendinitis,Sprain Or Strain,0.49899754365755467,1.2411541711454706,"['Sprain Or Strain', 'Tendinitis', 'Mononeuritis']"
skin swelling abnormal appearing skin skin growth irregular appearing scalp itching of skin,Seborrheic Keratosis,Skin Pigmentation Disorder,0.14639669769770602,2.6695806320300943,"['Skin Pigmentation Disorder', 'Skin Polyp', 'Skin Disorder']"
vomiting headache fever ache all over chills,Flu,Strep Throat,0.600466616228243,0.9660583524277313,"['Strep Throat', 'Flu', 'Noninfectious Gastroenteritis']"
lip swelling itching of skin skin rash,Food Allergy,Insect Bite,0.3827448770764085,2.231416697821915,"['Insect Bite', 'Food Allergy', 'Allergy']"
lower abdominal pain painful menstruation,Uterine Fibroids,Ovarian Cyst,0.4192875476669689,2.543663831352297,"['Ovarian Cyst', 'Idiopathic Painful Menstruation', 'Idiopathic Irregular Menstrual Cycle']"
sharp chest pain sharp abdominal pain nausea fever,Gastritis,Hypokalemia,0.3212687463853474,3.3648370694627516,"['Hypokalemia', 'Gastritis', 'Pain After An Operation']"
sore throat cough vomiting wheezing coryza,Pneumonia,Acute Bronchospasm,0.46839572001867824,1.8499711021928429,"['Acute Bronchospasm', 'Croup', 'Common Cold']"
leg pain neck pain low back pain loss of sensation paresthesia,Herniated Disk,Degenerative Disc Disease,0.18352579443283587,2.223694071892834,"['Degenerative Disc Disease', 'Herniated Disk', 'Spondylosis']"
sharp abdominal pain intermenstrual bleeding pelvic pain problems during pregnancy spotting or bleeding during pregnancy cramps and spasms blood clots during menstrual periods uterine contractions,Spontaneous Abortion,Threatened Pregnancy,0.5650365096756947,0.7720487706478644,"['Threatened Pregnancy', 'Spontaneous Abortion', 'Vaginal Cyst']"
arm pain back pain neck pain low back pain,Brachial Neuritis,Sprain Or Strain,0.17855334096912442,2.736575935996135,"['Sprain Or Strain', 'Fibromyalgia', 'Muscle Spasm']"
shortness of breath sore throat nasal congestion vomiting wheezing coryza,Croup,Acute Bronchospasm,0.3751766233089458,1.4617024772179907,"['Acute Bronchospasm', 'Croup', 'Pneumonia']"
sore throat diminished hearing plugged feeling in ear fever coryza,Otitis Media,Acute Otitis Media,0.6001681506366217,1.2457002854262091,"['Acute Otitis Media', 'Otitis Media', ""Otitis Externa (Swimmer'S Ear)""]"
abnormal appearing skin skin lesion skin moles itching of skin skin irritation,Actinic Keratosis,Skin Disorder,0.3098925585223675,2.0619218540966955,"['Skin Disorder', 'Seborrheic Keratosis', 'Contact Dermatitis']"
cough nasal congestion vomiting wheezing,Croup,Acute Bronchospasm,0.3039243243894351,2.080020061364853,"['Acute Bronchospasm', 'Croup', 'Pneumonia']"
cough vomiting chills coryza,Common Cold,Pneumonia,0.40113178923082893,1.6643758361326904,"['Pneumonia', 'Common Cold', 'Flu']"
leg pain back pain neck pain low back pain loss of sensation ache all over,Complex Regional Pain Syndrome,Spondylosis,0.3121942328778274,1.7585896470241063,"['Spondylosis', 'Complex Regional Pain Syndrome', 'Neuralgia']"
skin swelling irregular appearing scalp warts skin rash,Eczema,Skin Pigmentation Disorder,0.46460178882970204,1.8853376472610384,"['Skin Pigmentation Disorder', 'Eczema', 'Seborrheic Keratosis']"
arm pain neck pain low back pain shoulder pain ache all over,Neuralgia,Spondylosis,0.4451566565254634,1.5812480436264276,"['Spondylosis', 'Neuralgia', 'Sprain Or Strain']"
sharp abdominal pain pelvic pain spotting or bleeding during pregnancy,Vaginal Cyst,Problem During Pregnancy,0.4103631019779248,1.676994094758908,"['Problem During Pregnancy', 'Threatened Pregnancy', 'Spontaneous Abortion']"
diminished vision pain in eye foreign body sensation in eye eye redness,Corneal Disorder,Chalazion,0.1675977532081878,2.5056909414016326,"['Chalazion', 'Dry Eye Of Unknown Cause', 'Iridocyclitis']"
skin swelling itching of skin skin dryness peeling scaliness or roughness,Skin Pigmentation Disorder,Psoriasis,0.11129292617888709,3.265063138749788,"['Psoriasis', 'Contact Dermatitis', 'Skin Polyp']"
anxiety and nervousness insomnia delusions or hallucinations,Adjustment Reaction,Schizophrenia,0.1454767558723846,3.252898073377743,"['Schizophrenia', 'Adjustment Reaction', 'Bipolar Disorder']"
abnormal appearing skin acne or pimples skin growth skin dryness peeling scaliness or roughness skin irritation,Fungal Infection Of The Hair,Skin Disorder,0.38187695507772,2.1158446587870543,"['Skin Disorder', 'Skin Polyp', 'Fungal Infection Of The Hair']"
arm pain back pain neck pain low back pain loss of sensation paresthesia,Spondylosis,Herniated Disk,0.1870983263134824,2.122190246157251,"['Herniated Disk', 'Degenerative Disc Disease', 'Complex Regional Pain Syndrome']"
skin swelling abnormal appearing skin irregular appearing scalp skin moles,Actinic Keratosis,Hemangioma,0.14888409548698905,2.908376804752586,"['Hemangioma', 'Skin Polyp', 'Psoriasis']"
retention of urine sharp abdominal pain painful urination frequent urination blood in urine back pain,Kidney Stone,Prostatitis,0.20931968756330885,2.0859027048139316,"['Prostatitis', 'Cystitis', 'Kidney Stone']"
sharp abdominal pain vomiting nausea diarrhea melena,Gastrointestinal Hemorrhage,Diverticulosis,0.37726637647518785,2.5934218161355886,"['Diverticulosis', 'Gastrointestinal Hemorrhage', 'Gastritis']"
diminished vision symptoms of eye lacrimation eyelid swelling,Blepharitis,Chalazion,0.4638653281462789,2.051570462229068,"['Chalazion', 'Blepharitis', 'Corneal Abrasion']"
shortness of breath side pain rib pain,Pleural Effusion,Fracture Of The Rib,0.5826143389645542,2.0130689747398196,"['Fracture Of The Rib', 'Pleural Effusion', 'Concussion']"
sharp chest pain dizziness fainting decreased heart rate,Sinus Bradycardia,Paroxysmal Ventricular Tachycardia,0.5541137734562706,1.4425295743956084,"['Paroxysmal Ventricular Tachycardia', 'Sinus Bradycardia', 'Hyperkalemia']"
blood in stool sharp abdominal pain nausea upper abdominal pain,Gastroduodenal Ulcer,Diverticulosis,0.24081312025537924,2.3938894186142994,"['Diverticulosis', 'Liver Disease', 'Diverticulitis']"
nausea burning abdominal pain decreased appetite fever chills fluid retention,Noninfectious Gastroenteritis,Infectious Gastroenteritis,0.570231050758259,0.813522238982859,"['Infectious Gastroenteritis', 'Noninfectious Gastroenteritis', 'Sepsis']"
ringing in ear plugged feeling in ear fluid in ear pulling at ears,Ear Drum Damage,Ear Wax Impaction,0.44709475321200004,1.3556667800902247,"['Ear Wax Impaction', 'Ear Drum Damage', ""Otitis Externa (Swimmer'S Ear)""]"
skin rash,Itching Of Unknown Cause,Strep Throat,0.09481132265473648,3.583225830834613,"['Strep Throat', 'Diaper Rash', 'Viral Exanthem']"
vomiting painful urination frequent urination lower abdominal pain low back pain,Pyelonephritis,Kidney Stone,0.5544374856183465,1.1070256000063086,"['Kidney Stone', 'Pyelonephritis', 'Urinary Tract Infection']"
skin lesion acne or pimples skin growth itching of skin skin dryness peeling scaliness or roughness,Skin Polyp,Seborrheic Dermatitis,0.1782718947032271,2.339554512829653,"['Seborrheic Dermatitis', 'Fungal Infection Of The Hair', 'Skin Disorder']"
leg pain neck pain low back pain,Muscle Spasm,Pain After An Operation,0.20747789399179117,2.7645147145469573,"['Pain After An Operation', 'Fibromyalgia', 'Muscle Spasm']"
symptoms of eye pain in eye foreign body sensation in eye spots or clouds in vision eye redness lacrimation,Glaucoma,Dry Eye Of Unknown Cause,0.2710036353973411,1.9955779108578882,"['Dry Eye Of Unknown Cause', 'Cornea Infection', 'Glaucoma']"
double vision symptoms of eye pain in eye abnormal movement of eyelid spots or clouds in vision lacrimation itchiness of eye blindness,Cataract,Macular Degeneration,0.4851178763218588,0.9869268265366098,"['Macular Degeneration', 'Cataract', 'Diabetic Retinopathy']"
nasal congestion ear pain fluid in ear fever,Chronic Otitis Media,Ear Wax Impaction,0.2737082318024626,2.2123914921204157,"['Ear Wax Impaction', 'Chronic Otitis Media', 'Acute Otitis Media']"
facial pain peripheral edema jaw swelling neck swelling gum pain pain in gums,Dental Caries,Tooth Abscess,0.6096994410331155,1.0137463209526736,"['Tooth Abscess', 'Dental Caries', 'Tooth Disorder']"
sharp abdominal pain painful urination involuntary urination frequent urination blood in urine symptoms of bladder,Cystitis,Temporary Or Benign Blood In Urine,0.34932190998720136,1.4734713986226984,"['Temporary Or Benign Blood In Urine', 'Bladder Disorder', 'Cystitis']"
sharp abdominal pain diarrhea burning abdominal pain chills,Infectious Gastroenteritis,Diverticulitis,0.4971517340220883,2.1768112695000132,"['Diverticulitis', 'Noninfectious Gastroenteritis', 'Infectious Gastroenteritis']"
lower abdominal pain back pain pain during pregnancy pelvic pain,Problem During Pregnancy,Vulvodynia,0.49384378336664386,1.5668751850197342,"['Vulvodynia', 'Problem During Pregnancy', 'Vaginitis']"
anxiety and nervousness depressive or psychotic symptoms drug abuse smoking problems,Alcohol Abuse,Drug Abuse,0.3716446961336069,1.9166607656339707,"['Drug Abuse', 'Neurosis', 'Alcohol Abuse']"
sharp abdominal pain painful urination lower abdominal pain blood in urine,Temporary Or Benign Blood In Urine,Prostatitis,0.192810744720672,2.436783493381392,"['Prostatitis', 'Bladder Disorder', 'Pyelonephritis']"
blood in stool sharp abdominal pain vomiting nausea burning abdominal pain,Chronic Constipation,Gastroduodenal Ulcer,0.24750979931835015,2.3752688716802615,"['Gastroduodenal Ulcer', 'Infectious Gastroenteritis', 'Diverticulitis']"
depression drug abuse delusions or hallucinations temper problems,Drug Abuse (Opioids),Depression,0.19449192703021467,2.33914145867523,"['Depression', 'Post-Traumatic Stress Disorder (Ptsd)', 'Personality Disorder']"
nausea diarrhea lower abdominal pain burning abdominal pain,Appendicitis,Ileus,0.29511688974814854,2.0884204609184254,"['Ileus', 'Appendicitis', 'Diverticulitis']"
sharp chest pain dizziness palpitations increased heart rate,Angina,Sinus Bradycardia,0.4602249694544846,1.8033665500067062,"['Sinus Bradycardia', 'Angina', 'Paroxysmal Ventricular Tachycardia']"
abnormal appearing skin acne or pimples skin growth irregular appearing scalp warts skin rash,Seborrheic Keratosis,Skin Pigmentation Disorder,0.45226976320133433,1.3451010770856662,"['Skin Pigmentation Disorder', 'Seborrheic Keratosis', 'Acne']"
sharp chest pain sharp abdominal pain vomiting nausea diarrhea,Hypokalemia,Gastritis,0.1913967199893608,2.698280959009953,"['Gastritis', 'Hypokalemia', 'Acute Pancreatitis']"
vomiting nausea pelvic pain,Ovarian Cyst,Problem During Pregnancy,0.23379738706537964,4.034346610368418,"['Problem During Pregnancy', 'Ovarian Cyst', 'Pelvic Inflammatory Disease']"
back pain paresthesia,Complex Regional Pain Syndrome,Ankylosing Spondylitis,0.39772243834991367,3.1145653931909933,"['Ankylosing Spondylitis', 'Complex Regional Pain Syndrome', 'Degenerative Disc Disease']"
sharp chest pain sharp abdominal pain vomiting nausea upper abdominal pain,Choledocholithiasis,Esophagitis,0.27106139678728136,2.7117321134286065,"['Esophagitis', 'Acute Pancreatitis', 'Gallstone']"
abnormal appearing skin skin lesion skin growth skin moles lymphedema skin dryness peeling scaliness or roughness,Hemangioma,Rosacea,0.4873104747836815,1.5929315197349716,"['Rosacea', 'Hemangioma', 'Skin Disorder']"
blood in stool nausea burning abdominal pain fever chills fluid retention,Noninfectious Gastroenteritis,Infectious Gastroenteritis,0.5903342916324446,0.9356936834044164,"['Infectious Gastroenteritis', 'Noninfectious Gastroenteritis', 'Diverticulitis']"
mouth ulcer gum pain bleeding gums pain in gums,Tooth Disorder,Gum Disease,0.514865294581486,1.0443531124492813,"['Gum Disease', 'Tooth Disorder', 'Oral Mucosal Lesion']"
arm pain elbow pain shoulder pain,Bursitis,Brachial Neuritis,0.3766446924753041,2.0673109428358507,"['Brachial Neuritis', 'Injury To The Shoulder', 'Bursitis']"
sharp chest pain nasal congestion wheezing,Asthma,Pneumonia,0.22351290290559103,2.6043304315440596,"['Pneumonia', 'Chronic Obstructive Pulmonary Disease (Copd)', 'Acute Bronchitis']"
white discharge from eye symptoms of eye foreign body sensation in eye eye redness lacrimation,Dry Eye Of Unknown Cause,Corneal Abrasion,0.35668984793462033,1.755756386243797,"['Corneal Abrasion', 'Dry Eye Of Unknown Cause', 'Corneal Disorder']"
leg pain wrist pain arm pain knee pain ankle pain shoulder pain,Tendinitis,Sprain Or Strain,0.6325683852036568,1.0162222142891573,"['Sprain Or Strain', 'Tendinitis', 'Mononeuritis']"
anxiety and nervousness depression depressive or psychotic symptoms insomnia hostile behavior excessive anger delusions or hallucinations,Post-Traumatic Stress Disorder (Ptsd),Neurosis,0.185853430481673,2.1656677582073396,"['Neurosis', 'Psychotic Disorder', 'Post-Traumatic Stress Disorder (Ptsd)']"
abnormal appearing skin skin lesion acne or pimples skin irritation warts,Eczema,Seborrheic Keratosis,0.38580095567813877,1.579800078744708,"['Seborrheic Keratosis', 'Skin Polyp', 'Eczema']"
leg pain back pain arm weakness leg weakness,Peripheral Nerve Disorder,Herniated Disk,0.6853301113995357,0.8816641590179242,"['Herniated Disk', 'Peripheral Nerve Disorder', 'Multiple Sclerosis']"
abnormal appearing skin irregular appearing scalp skin moles skin rash,Skin Pigmentation Disorder,Acne,0.2400775024224978,2.6653714144033716,"['Acne', 'Seborrheic Keratosis', 'Skin Pigmentation Disorder']"
lower abdominal pain intermenstrual bleeding problems during pregnancy,Vaginal Cyst,Threatened Pregnancy,0.379975011228371,2.393239058926037,"['Threatened Pregnancy', 'Spontaneous Abortion', 'Vaginal Cyst']"
blood in stool nausea rectal bleeding,Noninfectious Gastroenteritis,Gastrointestinal Hemorrhage,0.3115598651341346,2.342126064926723,"['Gastrointestinal Hemorrhage', 'Diverticulosis', 'Noninfectious Gastroenteritis']"
shortness of breath insomnia abnormal involuntary movements,Acute Stress Reaction,Obstructive Sleep Apnea (Osa),0.33589120198596706,2.3031260272513316,"['Obstructive Sleep Apnea (Osa)', 'Acute Stress Reaction', 'Anxiety']"
depressive or psychotic symptoms delusions or hallucinations temper problems fears and phobias low self esteem,Marijuana Abuse,Personality Disorder,0.39883707549790104,1.3034331813000204,"['Personality Disorder', 'Marijuana Abuse', 'Schizophrenia']"
skin swelling skin lesion skin growth irregular appearing scalp skin dryness peeling scaliness or roughness warts,Skin Polyp,Skin Pigmentation Disorder,0.35736902348036315,1.6535443505282568,"['Skin Pigmentation Disorder', 'Skin Cancer', 'Skin Polyp']"
depression depressive or psychotic symptoms drug abuse excessive anger,Postpartum Depression,Depression,0.16152378898183312,2.7256576633607557,"['Depression', 'Post-Traumatic Stress Disorder (Ptsd)', 'Postpartum Depression']"
sharp chest pain irregular heartbeat decreased heart rate increased heart rate,Paroxysmal Ventricular Tachycardia,Sinus Bradycardia,0.43444794068483,1.4387279633706425,"['Sinus Bradycardia', 'Paroxysmal Ventricular Tachycardia', 'Anxiety']"
diminished vision symptoms of eye pain in eye itchiness of eye,Cornea Infection,Conjunctivitis Due To Allergy,0.1267214905461404,3.050573490565971,"['Conjunctivitis Due To Allergy', 'Corneal Abrasion', 'Chronic Glaucoma']"
sharp abdominal pain nausea lower abdominal pain burning abdominal pain,Irritable Bowel Syndrome,Pelvic Inflammatory Disease,0.18493434292037003,2.959375350167968,"['Pelvic Inflammatory Disease', 'Vulvodynia', 'Appendicitis']"
leg pain hip pain low back pain shoulder pain ache all over,Neuralgia,Chronic Pain Disorder,0.36410226246083227,1.6438555016195835,"['Chronic Pain Disorder', 'Neuralgia', 'Spondylosis']"
abnormal appearing skin skin lesion skin growth itching of skin skin dryness peeling scaliness or roughness skin irritation skin rash,Actinic Keratosis,Fungal Infection Of The Hair,0.35965822611634635,1.9701064801421646,"['Fungal Infection Of The Hair', 'Actinic Keratosis', 'Contact Dermatitis']"
sharp abdominal pain vomiting nausea decreased appetite fever,Appendicitis,Infectious Gastroenteritis,0.2789818970918386,2.4739482010088154,"['Infectious Gastroenteritis', 'Noninfectious Gastroenteritis', 'Appendicitis']"
painful urination vaginal discharge vaginal pain vaginal redness,Vaginitis,Vaginal Yeast Infection,0.5641028166889441,1.5070505704401234,"['Vaginal Yeast Infection', 'Vaginitis', 'Benign Vaginal Discharge (Leukorrhea)']"
depression drug abuse excessive anger,Personality Disorder,Depression,0.14000949407376048,2.973672881063761,"['Depression', 'Post-Traumatic Stress Disorder (Ptsd)', 'Drug Abuse (Opioids)']"
sore throat cough nasal congestion vomiting fever,Otitis Media,Acute Bronchospasm,0.24906137900964415,2.356191058149552,"['Acute Bronchospasm', 'Croup', 'Pneumonia']"
sore throat cough vomiting,Esophagitis,Flu,0.24920954903701742,2.7836269603354253,"['Flu', 'Acute Bronchospasm', 'Esophagitis']"
shortness of breath sharp chest pain chest tightness cough nasal congestion wheezing,Acute Bronchospasm,Chronic Obstructive Pulmonary Disease (Copd),0.3733928455200861,1.7373622973056064,"['Chronic Obstructive Pulmonary Disease (Copd)', 'Asthma', 'Acute Bronchospasm']"
sharp chest pain sharp abdominal pain burning abdominal pain heartburn,Indigestion,Gallstone,0.31421483291327146,2.5030633015193913,"['Gallstone', 'Indigestion', 'Hiatal Hernia']"
sharp abdominal pain pelvic pain cramps and spasms,Vaginal Cyst,Problem During Pregnancy,0.320629635350611,2.3506362000701495,"['Problem During Pregnancy', 'Vulvodynia', 'Threatened Pregnancy']"
nasal congestion fever coryza,Acute Bronchitis,Pneumonia,0.09958781998946423,3.2956713046459476,"['Pneumonia', 'Croup', 'Acute Sinusitis']"
retention of urine suprapubic pain,Cystitis,Urinary Tract Infection,0.39043738720212984,2.5506035554979487,"['Urinary Tract Infection', 'Kidney Stone', 'Urethritis']"
dizziness sharp abdominal pain vomiting,Hypovolemia,Hyperemesis Gravidarum,0.2281192243801455,2.9471835460687568,"['Hyperemesis Gravidarum', 'Acute Kidney Injury', 'Gastrointestinal Hemorrhage']"
skin swelling abnormal appearing skin skin lesion skin growth skin moles skin irritation,Skin Cancer,Skin Disorder,0.21715706087792083,2.443575713427561,"['Skin Disorder', 'Skin Polyp', 'Actinic Keratosis']"
vomiting headache diarrhea,Infectious Gastroenteritis,Gastritis,0.22565367266327555,2.6193937621848304,"['Gastritis', 'Noninfectious Gastroenteritis', 'Flu']"
sharp abdominal pain vomiting headache nausea decreased appetite fever fluid retention,Infectious Gastroenteritis,Noninfectious Gastroenteritis,0.49067432364520436,0.8977162813380459,"['Noninfectious Gastroenteritis', 'Infectious Gastroenteritis', 'Diabetic Ketoacidosis']"
sore throat cough facial pain frontal headache fever sinus congestion,Acute Sinusitis,Chronic Sinusitis,0.5810568430516183,0.8783848296460453,"['Chronic Sinusitis', 'Acute Sinusitis', 'Nose Disorder']"
diminished hearing,Ear Wax Impaction,Injury To The Face,0.16037919693420072,3.6404231037711963,"['Injury To The Face', 'Labyrinthitis', 'Acute Otitis Media']"
arm stiffness or tightness arm swelling elbow pain shoulder stiffness or tightness elbow swelling,Fracture Of The Arm,Bursitis,0.5035495620681155,0.9939438469586332,"['Bursitis', 'Fracture Of The Arm', 'Injury To The Arm']"
hip pain low back pain,Chronic Back Pain,Fibromyalgia,0.1554515554979959,3.139828787012563,"['Fibromyalgia', 'Neuralgia', 'Spondylolisthesis']"
lower abdominal pain intermenstrual bleeding pelvic pain problems during pregnancy heavy menstrual flow,Spontaneous Abortion,Vaginal Cyst,0.4686334743934178,1.1691056084692921,"['Vaginal Cyst', 'Spontaneous Abortion', 'Idiopathic Irregular Menstrual Cycle']"
sore throat vomiting wheezing fever,Common Cold,Acute Bronchospasm,0.43407089560826945,2.081440252007953,"['Acute Bronchospasm', 'Pneumonia', 'Croup']"
double vision symptoms of eye spots or clouds in vision lacrimation itchiness of eye,Macular Degeneration,Cataract,0.23650398852298202,2.072159303044225,"['Cataract', 'Corneal Disorder', 'Macular Degeneration']"
sharp chest pain insomnia abnormal involuntary movements,Acute Stress Reaction,Anxiety,0.4361581210756567,2.0053321428755586,"['Anxiety', 'Acute Stress Reaction', 'Muscle Spasm']"
nasal congestion fever congestion in chest,Acute Bronchitis,Chronic Obstructive Pulmonary Disease (Copd),0.5127843194800005,2.10147016521892,"['Chronic Obstructive Pulmonary Disease (Copd)', 'Acute Bronchitis', 'Chronic Sinusitis']"
diminished vision pain in eye spots or clouds in vision lacrimation,Glaucoma,Chronic Glaucoma,0.13893490237886857,2.974019480682049,"['Chronic Glaucoma', 'Glaucoma', 'Blepharitis']"
anxiety and nervousness depressive or psychotic symptoms abusing alcohol delusions or hallucinations temper problems,Psychotic Disorder,Bipolar Disorder,0.22575799118638873,2.2970620168043085,"['Bipolar Disorder', 'Marijuana Abuse', 'Psychotic Disorder']"
diminished vision pain in eye spots or clouds in vision eye redness,Cornea Infection,Blepharitis,0.19987453142164618,2.4697096136746075,"['Blepharitis', 'Glaucoma', 'Dry Eye Of Unknown Cause']"
retention of urine sharp abdominal pain painful urination involuntary urination lower abdominal pain blood in urine back pain,Temporary Or Benign Blood In Urine,Cystitis,0.4525442109832269,1.4322322285513458,"['Cystitis', 'Temporary Or Benign Blood In Urine', 'Bladder Disorder']"
cough nasal congestion wheezing fever coryza,Chronic Obstructive Pulmonary Disease (Copd),Croup,0.17008761067496111,2.5427260671969125,"['Croup', 'Chronic Obstructive Pulmonary Disease (Copd)', 'Pneumonia']"
leg pain hip pain headache arm pain ache all over,Fibromyalgia,Neuralgia,0.615053175346567,1.029461557631505,"['Neuralgia', 'Fibromyalgia', 'Chronic Pain Disorder']"
nausea melena rectal bleeding,Gastrointestinal Hemorrhage,Diverticulosis,0.4967266346749964,1.7023250772203404,"['Diverticulosis', 'Gastrointestinal Hemorrhage', 'Hemorrhoids']"
anxiety and nervousness insomnia drug abuse excessive anger,Neurosis,Drug Abuse (Opioids),0.21038443712916008,2.4355055505976475,"['Drug Abuse (Opioids)', 'Depression', 'Post-Traumatic Stress Disorder (Ptsd)']"
anxiety and nervousness depressive or psychotic symptoms insomnia hostile behavior excessive anger hysterical behavior,Schizophrenia,Psychotic Disorder,0.5157566018851936,1.2609332291827884,"['Psychotic Disorder', 'Schizophrenia', 'Neurosis']"
retention of urine suprapubic pain vomiting back pain,Kidney Stone,Urinary Tract Infection,0.44009814896207905,1.78295858698661,"['Urinary Tract Infection', 'Kidney Stone', 'Urethritis']"
blood in stool sharp abdominal pain vomiting headache nausea diarrhea burning abdominal pain fluid retention,Noninfectious Gastroenteritis,Infectious Gastroenteritis,0.4984168171941804,0.9093488208630215,"['Infectious Gastroenteritis', 'Noninfectious Gastroenteritis', 'Gastritis']"
anxiety and nervousness depressive or psychotic symptoms insomnia disturbance of memory temper problems,Dysthymic Disorder,Depression,0.6036035910883626,1.6828273768546511,"['Depression', 'Dysthymic Disorder', 'Schizophrenia']"
shortness of breath cough nasal congestion vomiting wheezing fever coryza,Croup,Acute Bronchospasm,0.26324020854674923,1.6755887624026524,"['Acute Bronchospasm', 'Croup', 'Pneumonia']"
cough diminished hearing ringing in ear pulling at ears,Ear Drum Damage,Ear Wax Impaction,0.44302807509062203,1.5249479713231135,"['Ear Wax Impaction', 'Ear Drum Damage', 'Otitis Media']"
sharp abdominal pain vomiting diarrhea fever,Gastritis,Diverticulitis,0.20254417314055126,2.9605484421576675,"['Diverticulitis', 'Gastritis', 'Hypokalemia']"
back pain shoulder pain rib pain,Fracture Of The Rib,Injury To The Trunk,0.5093257098860656,1.9084886381120072,"['Injury To The Trunk', 'Fracture Of The Rib', 'Concussion']"
dizziness diminished hearing ear pain plugged feeling in ear,Eustachian Tube Dysfunction (Ear Disorder),Labyrinthitis,0.35601319802631626,2.2508165307820125,"['Labyrinthitis', 'Eustachian Tube Dysfunction (Ear Disorder)', 'Sensorineural Hearing Loss']"
shortness of breath sharp chest pain dizziness chest tightness irregular heartbeat fatigue,Paroxysmal Ventricular Tachycardia,Mitral Valve Disease,0.6407478963194712,1.5181720581221543,"['Mitral Valve Disease', 'Paroxysmal Ventricular Tachycardia', 'Sinus Bradycardia']"
diminished vision symptoms of eye pain in eye eye redness itchiness of eye,Corneal Disorder,Conjunctivitis Due To Allergy,0.20497466319599011,2.656737776963827,"['Conjunctivitis Due To Allergy', 'Corneal Abrasion', 'Corneal Disorder']"
abusing alcohol,Social Phobia,Acute Pancreatitis,0.206737537712539,3.2553844770672455,"['Acute Pancreatitis', 'Conduct Disorder', 'Alcohol Withdrawal']"
sharp chest pain chest tightness cough nasal congestion coughing up sputum coryza,Asthma,Chronic Obstructive Pulmonary Disease (Copd),0.5502533108841917,1.0861065965703602,"['Chronic Obstructive Pulmonary Disease (Copd)', 'Asthma', 'Acute Bronchitis']"
chest tightness nasal congestion wheezing coughing up sputum,Chronic Obstructive Pulmonary Disease (Copd),Asthma,0.6113125674449266,1.1367693984470386,"['Asthma', 'Chronic Obstructive Pulmonary Disease (Copd)', 'Acute Bronchitis']"
arm pain back pain paresthesia arm weakness,Peripheral Nerve Disorder,Herniated Disk,0.42699021235396156,1.3795108309257076,"['Herniated Disk', 'Peripheral Nerve Disorder', 'Carpal Tunnel Syndrome']"
shortness of breath fever difficulty breathing chills,Acute Respiratory Distress Syndrome (Ards),Sepsis,0.3316886430845041,1.804169987941568,"['Sepsis', 'Pneumonia', 'Acute Respiratory Distress Syndrome (Ards)']"
shortness of breath sharp chest pain abnormal involuntary movements,Acute Stress Reaction,Anxiety,0.32443015495572525,2.9437663658015953,"['Anxiety', 'Acute Stress Reaction', 'Muscle Spasm']"
leg pain hand or finger pain foot or toe pain loss of sensation,Mononeuritis,Complex Regional Pain Syndrome,0.5064936668118591,1.2986123752432082,"['Complex Regional Pain Syndrome', 'Mononeuritis', 'Pyogenic Skin Infection']"
nasal congestion ear pain plugged feeling in ear redness in ear,Eustachian Tube Dysfunction (Ear Disorder),Chronic Otitis Media,0.29213557695676107,2.190227692913508,"['Chronic Otitis Media', 'Acute Otitis Media', 'Ear Drum Damage']"
white discharge from eye diminished vision symptoms of eye spots or clouds in vision eye redness lacrimation,Dry Eye Of Unknown Cause,Blepharitis,0.3319917320738222,1.6107025641822883,"['Blepharitis', 'Dry Eye Of Unknown Cause', 'Corneal Disorder']"
sore throat facial pain ear pain fever sinus congestion painful sinuses,Nose Disorder,Acute Sinusitis,0.3962855167992074,1.2173531407682516,"['Acute Sinusitis', 'Chronic Sinusitis', 'Nose Disorder']"
anxiety and nervousness depressive or psychotic symptoms insomnia hostile behavior excessive anger delusions or hallucinations,Personality Disorder,Schizophrenia,0.18051056971568566,2.14425666725677,"['Schizophrenia', 'Post-Traumatic Stress Disorder (Ptsd)', 'Neurosis']"
double vision symptoms of eye pain in eye itchiness of eye,Macular Degeneration,Cataract,0.2237523314261129,2.436871530419908,"['Cataract', 'Corneal Disorder', 'Macular Degeneration']"
skin swelling abnormal appearing skin skin lesion skin moles skin dryness peeling scaliness or roughness,Contact Dermatitis,Skin Polyp,0.12522424232850365,2.7995419368453085,"['Skin Polyp', 'Contact Dermatitis', 'Rosacea']"
suprapubic pain painful urination frequent urination lower abdominal pain symptoms of bladder,Bladder Disorder,Temporary Or Benign Blood In Urine,0.3840944744309754,1.4425378016666626,"['Temporary Or Benign Blood In Urine', 'Cystitis', 'Bladder Disorder']"
anxiety and nervousness depression depressive or psychotic symptoms delusions or hallucinations low self esteem,Schizophrenia,Marijuana Abuse,0.3027380229901258,2.1345233112660043,"['Marijuana Abuse', 'Schizophrenia', 'Personality Disorder']"
abnormal involuntary movements leg pain arm pain back pain foot or toe pain problems with movement,Peripheral Nerve Disorder,Complex Regional Pain Syndrome,0.5687655223351284,0.8282991991257023,"['Complex Regional Pain Syndrome', 'Peripheral Nerve Disorder', 'Muscle Spasm']"
white discharge from eye double vision symptoms of eye pain in eye spots or clouds in vision eye redness,Dry Eye Of Unknown Cause,Corneal Disorder,0.5641064021069415,1.077694851067062,"['Corneal Disorder', 'Dry Eye Of Unknown Cause', 'Blepharitis']"
blood in stool diarrhea burning abdominal pain fever chills,Noninfectious Gastroenteritis,Diverticulitis,0.4706599389358665,1.3676032100009679,"['Diverticulitis', 'Noninfectious Gastroenteritis', 'Infectious Gastroenteritis']"
leg pain hip pain low back pain lower body pain,Sciatica,Arthritis Of The Hip,0.17321762508006697,2.4858600758494815,"['Arthritis Of The Hip', 'Spinal Stenosis', 'Ankylosing Spondylitis']"
vomiting headache nausea,Drug Reaction,Gastritis,0.12027316100304064,2.939476097818485,"['Gastritis', 'Drug Reaction', 'Flu']"
lower abdominal pain back pain pelvic pain burning abdominal pain,Pelvic Inflammatory Disease,Vulvodynia,0.4587089977856055,1.9421591526943616,"['Vulvodynia', 'Pelvic Inflammatory Disease', 'Cystitis']"
cough nasal congestion diminished hearing ear pain redness in ear,Ear Drum Damage,Acute Otitis Media,0.5531226817191891,1.9788293722333081,"['Acute Otitis Media', 'Ear Drum Damage', 'Eustachian Tube Dysfunction (Ear Disorder)']"
retention of urine frequent urination side pain,Urinary Tract Infection,Prostatitis,0.19295910177124703,3.0815048904230835,"['Prostatitis', 'Kidney Stone', 'Cystitis']"
irregular appearing scalp skin dryness peeling scaliness or roughness skin rash,Dermatitis Due To Sun Exposure,Eczema,0.1260730928108437,2.8083236126083126,"['Eczema', 'Acne', 'Psoriasis']"
sharp abdominal pain vomiting nausea back pain,Acute Pancreatitis,Pyelonephritis,0.15709419406205152,3.0959646255368676,"['Pyelonephritis', 'Pain After An Operation', 'Hyponatremia']"
depression shortness of breath depressive or psychotic symptoms abnormal involuntary movements irregular heartbeat,Panic Disorder,Anxiety,0.6058159713387498,1.072560536084004,"['Anxiety', 'Panic Disorder', 'Acute Stress Reaction']"
toothache facial pain neck swelling gum pain pain in gums,Dental Caries,Tooth Abscess,0.5285339161613535,1.1328101397425492,"['Tooth Abscess', 'Dental Caries', 'Gum Disease']"
sharp chest pain cough weakness difficulty breathing,Pulmonary Embolism,Pneumonia,0.248564711847533,2.4477276201457587,"['Pneumonia', 'Pleural Effusion', 'Heart Failure']"
skin swelling abnormal appearing skin skin moles itching of skin skin dryness peeling scaliness or roughness skin irritation skin rash,Actinic Keratosis,Contact Dermatitis,0.4042178914427601,1.9163039600097966,"['Contact Dermatitis', 'Actinic Keratosis', 'Skin Disorder']"
skin swelling abnormal appearing skin itching of skin skin dryness peeling scaliness or roughness skin rash,Molluscum Contagiosum,Actinic Keratosis,0.11843152802150898,3.084127708262213,"['Actinic Keratosis', 'Eczema', 'Contact Dermatitis']"
insomnia delusions or hallucinations temper problems fears and phobias hysterical behavior,Schizophrenia,Psychotic Disorder,0.4961229106692861,0.8502229574487853,"['Psychotic Disorder', 'Schizophrenia', 'Personality Disorder']"
acne or pimples skin growth irregular appearing scalp skin rash,Seborrheic Dermatitis,Skin Pigmentation Disorder,0.25571317979472485,2.2340461498713378,"['Skin Pigmentation Disorder', 'Seborrheic Keratosis', 'Fungal Infection Of The Hair']"
shortness of breath sharp chest pain dizziness peripheral edema,Heart Block,Ischemic Heart Disease,0.24732367280720902,2.9221099159440014,"['Ischemic Heart Disease', 'Acute Kidney Injury', 'Heart Block']"
pain in eye foreign body sensation in eye eye redness itchiness of eye,Corneal Disorder,Dry Eye Of Unknown Cause,0.18262729273658254,2.531812233255014,"['Dry Eye Of Unknown Cause', 'Corneal Abrasion', 'Cornea Infection']"
depression insomnia temper problems,Psychotic Disorder,Bipolar Disorder,0.17213248698524394,3.631988891220172,"['Bipolar Disorder', 'Drug Abuse (Opioids)', 'Post-Traumatic Stress Disorder (Ptsd)']"
heartburn fatigue,Iron Deficiency Anemia,White Blood Cell Disease,0.26763111458934763,3.1874591319293963,"['White Blood Cell Disease', 'Iron Deficiency Anemia', 'Hypertensive Heart Disease']"
diminished hearing ear pain pulling at ears,Ear Wax Impaction,Otitis Media,0.38040375343788935,2.639072263613186,"['Otitis Media', 'Ear Wax Impaction', 'Ear Drum Damage']"
diminished vision double vision pain in eye abnormal movement of eyelid foreign body sensation in eye itchiness of eye,Diabetic Retinopathy,Dry Eye Of Unknown Cause,0.3629658138735862,1.277246056417364,"['Dry Eye Of Unknown Cause', 'Diabetic Retinopathy', 'Macular Degeneration']"
abnormal appearing skin itching of skin skin dryness peeling scaliness or roughness warts,Skin Pigmentation Disorder,Eczema,0.2230379245959105,2.5424963610302447,"['Eczema', 'Skin Polyp', 'Skin Pigmentation Disorder']"
shortness of breath sore throat wheezing fever coryza,Croup,Acute Bronchitis,0.2239186591045757,2.2445685099630106,"['Acute Bronchitis', 'Pneumonia', 'Acute Bronchospasm']"
depression depressive or psychotic symptoms insomnia abusing alcohol hostile behavior excessive anger,Depression,Post-Traumatic Stress Disorder (Ptsd),0.37956735999157754,1.6450214943038937,"['Post-Traumatic Stress Disorder (Ptsd)', 'Psychotic Disorder', 'Depression']"
retention of urine sharp abdominal pain painful urination frequent urination blood in urine,Temporary Or Benign Blood In Urine,Prostatitis,0.2532263932241994,2.251695348738008,"['Prostatitis', 'Temporary Or Benign Blood In Urine', 'Kidney Stone']"
skin swelling abnormal appearing skin acne or pimples irregular appearing scalp itching of skin,Skin Disorder,Skin Polyp,0.15775056447019326,2.642210887284565,"['Skin Polyp', 'Fungal Infection Of The Skin', 'Skin Pigmentation Disorder']"
acne or pimples skin rash,Callus,Seborrheic Dermatitis,0.1349737204750027,3.3032217778376376,"['Seborrheic Dermatitis', 'Fungal Infection Of The Hair', 'Callus']"
skin swelling abnormal appearing skin skin lesion skin growth irregular appearing scalp skin moles itching of skin skin irritation warts,Skin Polyp,Seborrheic Keratosis,0.4491948889350942,1.3770485626583833,"['Seborrheic Keratosis', 'Skin Polyp', 'Skin Cancer']"
pain in eye foreign body sensation in eye itchiness of eye,Chronic Glaucoma,Corneal Abrasion,0.13666923118595337,2.886625377113037,"['Corneal Abrasion', 'Dry Eye Of Unknown Cause', 'Chronic Glaucoma']"
nausea burning abdominal pain constipation,Intestinal Obstruction,Diverticulitis,0.3700000920643095,2.409570648132705,"['Diverticulitis', 'Chronic Constipation', 'Ileus']"
wrist pain arm pain shoulder pain,Sprain Or Strain,Fracture Of The Arm,0.2369028626965871,2.5224860624086296,"['Fracture Of The Arm', 'Sprain Or Strain', 'Tendinitis']"
painful urination vaginal discharge pain during pregnancy vaginal redness,Vaginitis,Benign Vaginal Discharge (Leukorrhea),0.7194435675134692,1.0010294750996567,"['Benign Vaginal Discharge (Leukorrhea)', 'Vaginitis', 'Vulvodynia']"
skin swelling abnormal appearing skin skin lesion irregular appearing scalp skin moles skin dryness peeling scaliness or roughness skin irritation warts,Skin Cancer,Skin Polyp,0.445418464553178,1.5680680792977808,"['Skin Polyp', 'Skin Cancer', 'Eczema']"
anxiety and nervousness depression depressive or psychotic symptoms abusing alcohol drug abuse excessive anger temper problems,Depression,Drug Abuse (Opioids),0.2887781523380802,1.795105952877337,"['Drug Abuse (Opioids)', 'Marijuana Abuse', 'Depression']"
sharp abdominal pain intermenstrual bleeding cramps and spasms long menstrual periods heavy menstrual flow painful menstruation frequent menstruation,Idiopathic Irregular Menstrual Cycle,Idiopathic Excessive Menstruation,0.5185614495189397,0.7684394540933137,"['Idiopathic Excessive Menstruation', 'Idiopathic Irregular Menstrual Cycle', 'Idiopathic Painful Menstruation']"
abnormal appearing skin acne or pimples skin growth irregular appearing scalp skin dryness peeling scaliness or roughness,Seborrheic Dermatitis,Skin Pigmentation Disorder,0.18457077795779123,2.444094711747305,"['Skin Pigmentation Disorder', 'Acne', 'Skin Disorder']"
shortness of breath sharp chest pain chest tightness cough,Heart Failure,Esophagitis,0.19630930056442888,2.6303038505836303,"['Esophagitis', 'Chronic Obstructive Pulmonary Disease (Copd)', 'Acute Bronchospasm']"
toothache jaw swelling pain in gums,Gum Disease,Tooth Disorder,0.247424280510453,2.721760245496611,"['Tooth Disorder', 'Tooth Abscess', 'Gum Disease']"
sharp abdominal pain vaginal discharge blood clots during menstrual periods,Vaginal Cyst,Idiopathic Painful Menstruation,0.3081284878037427,2.1898566827169934,"['Idiopathic Painful Menstruation', 'Idiopathic Excessive Menstruation', 'Threatened Pregnancy']"
hip pain arm pain back pain neck pain lower body pain,Spondylosis,Spinal Stenosis,0.3257382149930129,1.849178326840416,"['Spinal Stenosis', 'Degenerative Disc Disease', 'Spondylosis']"
retention of urine pain in testicles involuntary urination frequent urination blood in urine impotence symptoms of prostate excessive urination at night,Erectile Dysfunction,Benign Prostatic Hyperplasia (Bph),0.5154805545645689,0.8888343918021786,"['Benign Prostatic Hyperplasia (Bph)', 'Erectile Dysfunction', 'Urinary Tract Obstruction']"
sharp chest pain sore throat vomiting difficulty breathing,Pneumonia,Acute Bronchospasm,0.6459356590235705,1.5032833807590393,"['Acute Bronchospasm', 'Pneumonia', 'Acute Bronchitis']"
diminished vision foreign body sensation in eye eye redness lacrimation,Corneal Abrasion,Chalazion,0.16818535066233406,2.492590743372056,"['Chalazion', 'Dry Eye Of Unknown Cause', 'Iridocyclitis']"
blood in stool vomiting diarrhea fever chills,Noninfectious Gastroenteritis,Diverticulitis,0.4381444099308931,1.7752435028486193,"['Diverticulitis', 'Infectious Gastroenteritis', 'Noninfectious Gastroenteritis']"
nasal congestion vomiting pulling at ears skin rash,Viral Exanthem,Diaper Rash,0.36782020575396257,2.072579663014809,"['Diaper Rash', 'Viral Exanthem', 'Croup']"
skin swelling skin growth itching of skin,Psoriasis,Seborrheic Keratosis,0.1286288680270145,3.2162932192177642,"['Seborrheic Keratosis', 'Skin Polyp', 'Actinic Keratosis']"
depression abusing alcohol hostile behavior excessive anger,Conduct Disorder,Post-Traumatic Stress Disorder (Ptsd),0.2638705063632725,2.198934906607204,"['Post-Traumatic Stress Disorder (Ptsd)', 'Marijuana Abuse', 'Conduct Disorder']"
depressive or psychotic symptoms insomnia hostile behavior drug abuse delusions or hallucinations,Depression,Personality Disorder,0.286315939225252,1.845042532296948,"['Personality Disorder', 'Post-Traumatic Stress Disorder (Ptsd)', 'Neurosis']"
peripheral edema jaw swelling neck swelling gum pain mouth pain pain in gums,Dental Caries,Tooth Abscess,0.60750290963114,0.8461711793466418,"['Tooth Abscess', 'Dental Caries', 'Tooth Disorder']"
suprapubic pain sharp abdominal pain painful urination pain during pregnancy vaginal redness,Vaginitis,Benign Vaginal Discharge (Leukorrhea),0.5779982922237391,1.1359465596949936,"['Benign Vaginal Discharge (Leukorrhea)', 'Vaginitis', 'Vaginal Yeast Infection']"
sore throat nasal congestion ear pain,Otitis Media,Strep Throat,0.15225216119133186,2.9857219932406993,"['Strep Throat', 'Eustachian Tube Dysfunction (Ear Disorder)', 'Seasonal Allergies (Hay Fever)']"
arm pain back pain neck pain low back pain paresthesia,Herniated Disk,Complex Regional Pain Syndrome,0.18570109576274038,2.299996204582114,"['Complex Regional Pain Syndrome', 'Spondylosis', 'Brachial Neuritis']"
anxiety and nervousness depression excessive anger obsessions and compulsions,Bipolar Disorder,Neurosis,0.42296085441565445,1.8720891914196802,"['Neurosis', 'Bipolar Disorder', 'Obsessive Compulsive Disorder (Ocd)']"
skin swelling abnormal appearing skin acne or pimples skin growth skin dryness peeling scaliness or roughness skin irritation,Skin Polyp,Skin Disorder,0.31541247598539496,2.138131193547432,"['Skin Disorder', 'Skin Polyp', 'Fungal Infection Of The Hair']"
sore throat fever sinus congestion,Nose Disorder,Acute Sinusitis,0.2827313739553527,2.838601738747095,"['Acute Sinusitis', 'Chronic Sinusitis', 'Nose Disorder']"
chest tightness cough,Chronic Obstructive Pulmonary Disease (Copd),Gastroesophageal Reflux Disease (Gerd),0.15233552542528075,3.0224475517918656,"['Gastroesophageal Reflux Disease (Gerd)', 'Acute Bronchospasm', 'Pulmonary Congestion']"
toothache neck swelling gum pain mouth pain pain in gums,Dental Caries,Tooth Abscess,0.6285474656062807,0.9955630254148624,"['Tooth Abscess', 'Dental Caries', 'Tooth Disorder']"
diminished vision foreign body sensation in eye spots or clouds in vision eye redness itchiness of eye,Glaucoma,Dry Eye Of Unknown Cause,0.25038627240195727,1.9740212646322632,"['Dry Eye Of Unknown Cause', 'Cornea Infection', 'Glaucoma']"
sharp chest pain sharp abdominal pain back pain upper abdominal pain regurgitation 1,Cholecystitis,Gallstone,0.5049877433209686,1.3607038786741312,"['Gallstone', 'Cholecystitis', 'Hiatal Hernia']"
headache hand or finger pain neck pain low back pain,Sprain Or Strain,Brachial Neuritis,0.5073988187340225,1.2098334466868796,"['Brachial Neuritis', 'Sprain Or Strain', 'Complex Regional Pain Syndrome']"
shortness of breath irregular heartbeat fainting weight gain,Paroxysmal Ventricular Tachycardia,Heart Block,0.674108219257001,1.292090576876575,"['Heart Block', 'Paroxysmal Ventricular Tachycardia', 'Aortic Valve Disease']"
intermenstrual bleeding heavy menstrual flow,Idiopathic Excessive Menstruation,Iron Deficiency Anemia,0.5032475664603298,2.184815430402108,"['Iron Deficiency Anemia', 'Spontaneous Abortion', 'Vaginal Cyst']"
anxiety and nervousness depressive or psychotic symptoms excessive anger,Schizophrenia,Dysthymic Disorder,0.1199350645692184,3.511648486130629,"['Dysthymic Disorder', 'Neurosis', 'Bipolar Disorder']"
skin growth irregular appearing scalp skin moles skin dryness peeling scaliness or roughness skin rash,Psoriasis,Skin Pigmentation Disorder,0.2315911921591267,2.2041373341566097,"['Skin Pigmentation Disorder', 'Acne', 'Psoriasis']"
shortness of breath sharp chest pain sore throat nasal congestion wheezing coughing up sputum congestion in chest,Acute Bronchitis,Chronic Obstructive Pulmonary Disease (Copd),0.5533716036072251,0.7856470315194168,"['Chronic Obstructive Pulmonary Disease (Copd)', 'Acute Bronchitis', 'Pneumonia']"
hand or finger pain arm pain back pain neck pain low back pain loss of sensation,Brachial Neuritis,Complex Regional Pain Syndrome,0.45384963684840923,1.7184087887117039,"['Complex Regional Pain Syndrome', 'Brachial Neuritis', 'Sprain Or Strain']"
anxiety and nervousness depression insomnia delusions or hallucinations temper problems,Depression,Bipolar Disorder,0.18739115671971723,2.476035828736082,"['Bipolar Disorder', 'Psychotic Disorder', 'Schizophrenia']"
hip pain back pain low back pain lower body pain groin pain,Arthritis Of The Hip,Chronic Back Pain,0.5382122087512657,1.3068072425657753,"['Chronic Back Pain', 'Arthritis Of The Hip', 'Spondylitis']"
blood in stool diarrhea decreased appetite fever,Infectious Gastroenteritis,Noninfectious Gastroenteritis,0.40195720003638885,2.1005553107993773,"['Noninfectious Gastroenteritis', 'Infectious Gastroenteritis', 'Hypovolemia']"
vomiting headache diarrhea fever chills,Flu,Noninfectious Gastroenteritis,0.32065132569992816,1.9267475746908413,"['Noninfectious Gastroenteritis', 'Flu', 'Infectious Gastroenteritis']"
diminished vision symptoms of eye pain in eye eye burns or stings swollen eye,Cornea Infection,Conjunctivitis Due To Allergy,0.3240093999087251,1.6231363433931447,"['Conjunctivitis Due To Allergy', 'Blepharitis', 'Cornea Infection']"
shortness of breath sharp chest pain sore throat difficulty breathing,Acute Bronchitis,Pneumonia,0.2591821069372047,2.2410288931110394,"['Pneumonia', 'Acute Bronchospasm', 'Acute Bronchitis']"
back pain neck pain low back pain lower body pain,Degenerative Disc Disease,Spinal Stenosis,0.17187196139261993,2.345696691944555,"['Spinal Stenosis', 'Degenerative Disc Disease', 'Injury To The Trunk']"
headache wrist pain back pain neck pain low back pain,Injury To The Trunk,Sprain Or Strain,0.6408388665847751,1.4160790697342225,"['Sprain Or Strain', 'Injury To The Trunk', 'Pain After An Operation']"
sore throat nasal congestion headache facial pain difficulty breathing painful sinuses,Deviated Nasal Septum,Nose Disorder,0.564157468371865,0.8606882011150115,"['Nose Disorder', 'Deviated Nasal Septum', 'Acute Bronchitis']"
anxiety and nervousness excessive anger delusions or hallucinations temper problems,Personality Disorder,Post-Traumatic Stress Disorder (Ptsd),0.15769074710576442,2.8352771228198757,"['Post-Traumatic Stress Disorder (Ptsd)', 'Personality Disorder', 'Drug Abuse (Opioids)']"
anxiety and nervousness depression depressive or psychotic symptoms insomnia drug abuse delusions or hallucinations temper problems,Depression,Personality Disorder,0.24952203288717348,1.8981065435499522,"['Personality Disorder', 'Depression', 'Drug Abuse (Opioids)']"
cough facial pain frontal headache fever sinus congestion,Acute Sinusitis,Chronic Sinusitis,0.638381338867924,0.91196616121244,"['Chronic Sinusitis', 'Acute Sinusitis', 'Nose Disorder']"
anxiety and nervousness hostile behavior excessive anger low self esteem,Personality Disorder,Marijuana Abuse,0.38820524009466,2.0002680856909905,"['Marijuana Abuse', 'Personality Disorder', 'Schizophrenia']"
skin lesion lymphedema,Lymphedema,Diabetic Peripheral Neuropathy,0.15614150791956002,4.042775374467713,"['Diabetic Peripheral Neuropathy', 'Hemangioma', 'Rosacea']"
suprapubic pain vaginal discharge pain during pregnancy vaginal redness,Benign Vaginal Discharge (Leukorrhea),Vaginitis,0.4993043050122327,1.0194586533787344,"['Vaginitis', 'Benign Vaginal Discharge (Leukorrhea)', 'Vaginal Yeast Infection']"
hip pain neck pain low back pain shoulder pain lower body pain,Spinal Stenosis,Degenerative Disc Disease,0.32896148323626967,1.7276393156200804,"['Degenerative Disc Disease', 'Spondylosis', 'Spinal Stenosis']"
sharp chest pain sore throat wheezing coryza,Chronic Obstructive Pulmonary Disease (Copd),Acute Bronchitis,0.36331553057529126,1.9673137497887097,"['Acute Bronchitis', 'Chronic Obstructive Pulmonary Disease (Copd)', 'Acute Bronchospasm']"
sore throat vomiting wheezing chills,Common Cold,Pneumonia,0.5144776898858479,1.7348611967665424,"['Pneumonia', 'Common Cold', 'Acute Bronchospasm']"
anxiety and nervousness depression depressive or psychotic symptoms insomnia hostile behavior delusions or hallucinations fears and phobias hysterical behavior,Schizophrenia,Psychotic Disorder,0.5586999140001345,0.8708085420244698,"['Psychotic Disorder', 'Schizophrenia', 'Personality Disorder']"
skin swelling skin dryness peeling scaliness or roughness,Hemangioma,Skin Polyp,0.08199069815304447,3.5816226622305924,"['Skin Polyp', 'Rosacea', 'Eczema']"
sharp chest pain sharp abdominal pain vomiting side pain lower body pain,Gallstone,Cholecystitis,0.35229175352015796,2.1037963909173625,"['Cholecystitis', 'Gallstone', 'Acute Pancreatitis']"
sharp abdominal pain vomiting diarrhea decreased appetite stomach bloating,Appendicitis,Indigestion,0.5394528390146729,1.281094870411711,"['Indigestion', 'Appendicitis', 'Infectious Gastroenteritis']"
shortness of breath cough difficulty breathing,Acute Bronchiolitis,Sepsis,0.16606123675479478,3.176523915344128,"['Sepsis', 'Acute Bronchiolitis', 'Heart Failure']"
hostile behavior drug abuse temper problems fears and phobias,Marijuana Abuse,Personality Disorder,0.5467859536890608,1.2742458245922768,"['Personality Disorder', 'Marijuana Abuse', 'Attention Deficit Hyperactivity Disorder (Adhd)']"
retention of urine sharp abdominal pain painful urination involuntary urination symptoms of bladder,Cystitis,Temporary Or Benign Blood In Urine,0.4195083180401479,1.355212322671401,"['Temporary Or Benign Blood In Urine', 'Bladder Disorder', 'Cystitis']"
lower abdominal pain pelvic pain problems during pregnancy spotting or bleeding during pregnancy cramps and spasms,Vaginal Cyst,Problem During Pregnancy,0.5568045562287773,1.176813298859416,"['Problem During Pregnancy', 'Threatened Pregnancy', 'Vaginal Cyst']"
abnormal appearing skin skin growth skin moles,Atrophic Skin Condition,Skin Disorder,0.1087060152045011,3.1329324395015994,"['Skin Disorder', 'Seborrheic Keratosis', 'Psoriasis']"
sharp abdominal pain pain during pregnancy pelvic pain problems during pregnancy spotting or bleeding during pregnancy,Spontaneous Abortion,Problem During Pregnancy,0.67392879889964,1.0309573897458906,"['Problem During Pregnancy', 'Spontaneous Abortion', 'Vaginal Cyst']"
skin swelling abnormal appearing skin acne or pimples skin growth skin irritation,Skin Disorder,Atrophic Skin Condition,0.2271726338427301,2.2613823453819,"['Atrophic Skin Condition', 'Skin Disorder', 'Skin Polyp']"
sharp abdominal pain diarrhea fever chills,Noninfectious Gastroenteritis,White Blood Cell Disease,0.28140031890440265,2.46005344086405,"['White Blood Cell Disease', 'Diverticulitis', 'Infectious Gastroenteritis']"
sharp abdominal pain constipation,Intestinal Obstruction,Diverticulitis,0.555963225735782,2.1245243623058307,"['Diverticulitis', 'Ileus', 'Chronic Constipation']"
leg pain low back pain knee pain ache all over,Ankylosing Spondylitis,Spondylosis,0.3050163491180682,1.757272581669237,"['Spondylosis', 'Chronic Pain Disorder', 'Sickle Cell Crisis']"
depression hostile behavior excessive anger delusions or hallucinations temper problems,Personality Disorder,Post-Traumatic Stress Disorder (Ptsd),0.31348862589334875,2.2952064766159967,"['Post-Traumatic Stress Disorder (Ptsd)', 'Personality Disorder', 'Marijuana Abuse']"
skin swelling abnormal appearing skin acne or pimples skin moles itching of skin skin dryness peeling scaliness or roughness,Contact Dermatitis,Skin Polyp,0.23748860562219043,2.176375066654944,"['Skin Polyp', 'Rosacea', 'Skin Disorder']"
anxiety and nervousness insomnia excessive anger temper problems fears and phobias,Personality Disorder,Schizophrenia,0.2769218847256449,1.9318660651864015,"['Schizophrenia', 'Psychotic Disorder', 'Bipolar Disorder']"
suprapubic pain sharp abdominal pain frequent urination blood in urine,Kidney Stone,Pyelonephritis,0.24505440878998497,2.4615855183127175,"['Pyelonephritis', 'Cystitis', 'Urinary Tract Obstruction']"
sore throat nasal congestion fever coryza,Acute Otitis Media,Pneumonia,0.13455076367844823,2.8400301501563696,"['Pneumonia', 'Conjunctivitis', 'Croup']"
sharp abdominal pain decreased appetite stomach bloating,Indigestion,Appendicitis,0.48636495176361033,1.4320339487322062,"['Appendicitis', 'Indigestion', 'Intestinal Obstruction']"
leg pain arm pain back pain loss of sensation shoulder pain,Neuralgia,Herniated Disk,0.27391207919539334,2.1227934938041217,"['Herniated Disk', 'Degenerative Disc Disease', 'Spondylosis']"
depression insomnia hostile behavior excessive anger delusions or hallucinations temper problems hysterical behavior,Schizophrenia,Psychotic Disorder,0.4712983890630849,1.1268678833001524,"['Psychotic Disorder', 'Schizophrenia', 'Post-Traumatic Stress Disorder (Ptsd)']"
cough nasal congestion abnormal breathing sounds,Croup,Interstitial Lung Disease,0.3282934589049165,2.674513257810947,"['Interstitial Lung Disease', 'Croup', 'Deviated Nasal Septum']"
vomiting lower abdominal pain side pain fever,Diverticulitis,Urinary Tract Infection,0.3640684655413737,1.9332155626566196,"['Urinary Tract Infection', 'Diverticulitis', 'Appendicitis']"
leg pain hip pain arm pain neck pain low back pain paresthesia shoulder pain lower body pain,Degenerative Disc Disease,Spondylosis,0.3488309897039701,1.2887900111882202,"['Spondylosis', 'Spinal Stenosis', 'Degenerative Disc Disease']"
depression abusing alcohol hostile behavior excessive anger,Depression,Post-Traumatic Stress Disorder (Ptsd),0.2638705063632725,2.198934906607204,"['Post-Traumatic Stress Disorder (Ptsd)', 'Marijuana Abuse', 'Conduct Disorder']"
skin lesion irregular appearing scalp skin moles skin irritation skin rash,Actinic Keratosis,Seborrheic Keratosis,0.4064189865028267,1.8554377982983263,"['Seborrheic Keratosis', 'Actinic Keratosis', 'Skin Cancer']"
skin swelling skin lesion skin growth irregular appearing scalp skin moles skin rash,Psoriasis,Skin Pigmentation Disorder,0.25116278977872264,2.2955459151355395,"['Skin Pigmentation Disorder', 'Psoriasis', 'Seborrheic Keratosis']"
shortness of breath chest tightness irregular heartbeat increased heart rate,Heart Attack,Mitral Valve Disease,0.2399807361653822,2.074007813596939,"['Mitral Valve Disease', 'Sinus Bradycardia', 'Heart Attack']"
sharp chest pain cough nasal congestion fever coryza,Acute Bronchitis,Pneumonia,0.25747014069000057,2.4953513169163477,"['Pneumonia', 'Chronic Obstructive Pulmonary Disease (Copd)', 'Asthma']"
dizziness headache nausea,Hyperemesis Gravidarum,Drug Reaction,0.2930395658239781,3.0879253415615002,"['Drug Reaction', 'Hyperemesis Gravidarum', 'Concussion']"
pain in eye abnormal movement of eyelid foreign body sensation in eye,Diabetic Retinopathy,Dry Eye Of Unknown Cause,0.38189822396598555,1.53690491600263,"['Dry Eye Of Unknown Cause', 'Diabetic Retinopathy', 'Macular Degeneration']"
abnormal appearing skin skin lesion irregular appearing scalp skin moles warts,Seborrheic Keratosis,Skin Cancer,0.26389803112160887,2.2339348129400056,"['Skin Cancer', 'Seborrheic Keratosis', 'Skin Pigmentation Disorder']"
skin lesion allergic reaction skin irritation skin rash,Eczema,Contact Dermatitis,0.5558297511365478,1.091070790512778,"['Contact Dermatitis', 'Eczema', 'Fungal Infection Of The Hair']"
diminished vision symptoms of eye pain in eye spots or clouds in vision eye redness itchiness of eye swollen eye,Blepharitis,Cornea Infection,0.39405096585592814,1.8073792040656769,"['Cornea Infection', 'Blepharitis', 'Glaucoma']"
painful urination blood in urine symptoms of bladder,Cystitis,Bladder Disorder,0.2555891828135801,2.4440047703811976,"['Bladder Disorder', 'Urge Incontinence', 'Temporary Or Benign Blood In Urine']"
skin rash,Contact Dermatitis,Strep Throat,0.09481132265473648,3.583225830834613,"['Strep Throat', 'Diaper Rash', 'Viral Exanthem']"
lacrimation itchiness of eye allergic reaction sneezing,Conjunctivitis Due To Allergy,Seasonal Allergies (Hay Fever),0.5953270155256223,0.9610548537673119,"['Seasonal Allergies (Hay Fever)', 'Conjunctivitis Due To Allergy', 'Allergy']"
anxiety and nervousness shortness of breath depressive or psychotic symptoms insomnia abnormal involuntary movements,Anxiety,Acute Stress Reaction,0.4312240041834662,1.378410722503611,"['Acute Stress Reaction', 'Anxiety', 'Panic Disorder']"
vaginal itching vaginal pain,Vaginal Yeast Infection,Vaginitis,0.25003807145525886,2.849071831448311,"['Vaginitis', 'Yeast Infection', 'Vaginal Yeast Infection']"
abnormal appearing skin acne or pimples skin growth,Seborrheic Keratosis,Atrophic Skin Condition,0.1253851114373194,3.0600327005399097,"['Atrophic Skin Condition', 'Rosacea', 'Callus']"
lower abdominal pain intermenstrual bleeding pelvic pain cramps and spasms painful menstruation,Uterine Fibroids,Idiopathic Irregular Menstrual Cycle,0.5271029689671984,1.415623730312289,"['Idiopathic Irregular Menstrual Cycle', 'Uterine Fibroids', 'Ovarian Cyst']"
shortness of breath cough vomiting weakness difficulty breathing,Sepsis,Pneumonia,0.4248463307198106,1.6319909556524752,"['Pneumonia', 'Sepsis', 'Acute Bronchiolitis']"
retention of urine painful urination involuntary urination frequent urination blood in urine symptoms of bladder,Urge Incontinence,Bladder Disorder,0.28037267821131856,1.721969316266276,"['Bladder Disorder', 'Temporary Or Benign Blood In Urine', 'Cystitis']"
nasal congestion diminished hearing ear pain ringing in ear plugged feeling in ear fluid in ear,Ear Drum Damage,Ear Wax Impaction,0.4074531579564443,1.7578064414497356,"['Ear Wax Impaction', 'Ear Drum Damage', 'Sensorineural Hearing Loss']"
shortness of breath sharp chest pain cough wheezing difficulty breathing coryza,Acute Bronchitis,Pneumonia,0.2959962783144697,1.9059428860427539,"['Pneumonia', 'Acute Bronchitis', 'Asthma']"
leg pain hip pain back pain neck pain low back pain lower body pain,Spondylosis,Chronic Back Pain,0.1877921353327532,2.169885947589793,"['Chronic Back Pain', 'Spondylitis', 'Spinal Stenosis']"
hip pain pelvic pain knee pain ache all over,Arthritis Of The Hip,Chronic Pain Disorder,0.6281652578174111,1.0151169064162706,"['Chronic Pain Disorder', 'Arthritis Of The Hip', 'Spondylosis']"
anxiety and nervousness abusing alcohol delusions or hallucinations temper problems,Post-Traumatic Stress Disorder (Ptsd),Bipolar Disorder,0.2529998385367037,2.4702086427398777,"['Bipolar Disorder', 'Marijuana Abuse', 'Psychotic Disorder']"
leg pain hip pain back pain low back pain joint pain,Arthritis Of The Hip,Degenerative Disc Disease,0.4983800406399316,1.6787493153243445,"['Degenerative Disc Disease', 'Arthritis Of The Hip', 'Osteoarthritis']"
blood in stool vomiting headache burning abdominal pain decreased appetite chills fluid retention,Infectious Gastroenteritis,Noninfectious Gastroenteritis,0.543604488127801,0.7403876633316469,"['Noninfectious Gastroenteritis', 'Infectious Gastroenteritis', 'Strep Throat']"
hip pain neck pain low back pain loss of sensation lower body pain,Spinal Stenosis,Degenerative Disc Disease,0.26278711303893765,1.8038259902377503,"['Degenerative Disc Disease', 'Spondylosis', 'Spinal Stenosis']"
depression insomnia abusing alcohol excessive anger delusions or hallucinations,Social Phobia,Bipolar Disorder,0.3212158889690078,2.0375792443114387,"['Bipolar Disorder', 'Social Phobia', 'Psychotic Disorder']"
sharp abdominal pain diarrhea fever,Infectious Gastroenteritis,Gastritis,0.2123814253482266,3.3790091310853287,"['Gastritis', 'Diverticulitis', 'White Blood Cell Disease']"
retention of urine suprapubic pain sharp abdominal pain painful urination involuntary urination lower abdominal pain blood in urine,Temporary Or Benign Blood In Urine,Cystitis,0.3265952728322375,1.4000355090708547,"['Cystitis', 'Temporary Or Benign Blood In Urine', 'Bladder Disorder']"
skin swelling abnormal appearing skin skin lesion peripheral edema skin rash,Insect Bite,Pyogenic Skin Infection,0.34559476858041427,2.5505276720524623,"['Pyogenic Skin Infection', 'Insect Bite', 'Impetigo']"
depressive or psychotic symptoms insomnia drug abuse excessive anger delusions or hallucinations temper problems,Drug Abuse (Opioids),Personality Disorder,0.3344958900302661,1.7207031496283935,"['Personality Disorder', 'Depression', 'Drug Abuse (Opioids)']"
knee pain ankle pain,Tendinitis,Sprain Or Strain,0.17919715806843728,2.57475966193,"['Sprain Or Strain', 'Tendinitis', 'Joint Effusion']"
diminished vision pain in eye eye redness eyelid swelling,Corneal Abrasion,Chalazion,0.5597515260089464,1.6602419775482513,"['Chalazion', 'Blepharitis', 'Corneal Abrasion']"
skin swelling skin moles skin irritation warts,Skin Cancer,Skin Polyp,0.5406673263624533,1.3400116072257893,"['Skin Polyp', 'Skin Cancer', 'Seborrheic Keratosis']"
sharp chest pain chest tightness wheezing fever coughing up sputum,Asthma,Chronic Obstructive Pulmonary Disease (Copd),0.545112508163721,1.2285972979791941,"['Chronic Obstructive Pulmonary Disease (Copd)', 'Asthma', 'Acute Respiratory Distress Syndrome (Ards)']"
sharp chest pain leg swelling difficulty breathing,Heart Failure,Pulmonary Embolism,0.36131228909550905,2.411056012445997,"['Pulmonary Embolism', 'Hypertensive Heart Disease', 'Heart Failure']"
leg swelling skin rash,Pyogenic Skin Infection,Insect Bite,0.49449532018132447,2.1349666303665544,"['Insect Bite', 'Pyogenic Skin Infection', 'Hypertensive Heart Disease']"
eye deviation eye moves abnormally,Eye Alignment Disorder,Myopia,0.5208035204122904,1.8028851208181658,"['Myopia', 'Eye Alignment Disorder', 'Conjunctivitis']"
toothache peripheral edema jaw swelling gum pain pain in gums,Tooth Disorder,Tooth Abscess,0.2954079728910668,1.5403234648749717,"['Tooth Abscess', 'Tooth Disorder', 'Dental Caries']"
skin swelling skin lesion skin growth itching of skin skin dryness peeling scaliness or roughness skin rash,Skin Pigmentation Disorder,Actinic Keratosis,0.2501461282240738,2.4907610119499255,"['Actinic Keratosis', 'Fungal Infection Of The Hair', 'Psoriasis']"
blood in stool vomiting headache burning abdominal pain decreased appetite fever chills,Infectious Gastroenteritis,Noninfectious Gastroenteritis,0.4911444339658415,0.8484443187802794,"['Noninfectious Gastroenteritis', 'Infectious Gastroenteritis', 'Strep Throat']"
sharp chest pain dizziness feeling ill decreased heart rate,Sinus Bradycardia,Hyperkalemia,0.5669093956609201,1.2271746722115566,"['Hyperkalemia', 'Sinus Bradycardia', 'Paroxysmal Ventricular Tachycardia']"
anxiety and nervousness abusing alcohol delusions or hallucinations temper problems,Marijuana Abuse,Bipolar Disorder,0.2529998385367037,2.4702086427398777,"['Bipolar Disorder', 'Marijuana Abuse', 'Psychotic Disorder']"
headache low back pain lower body pain,Injury To The Trunk,Spinal Stenosis,0.3562562885500079,3.0874593860509796,"['Spinal Stenosis', 'Injury To The Trunk', 'Ankylosing Spondylitis']"
leg pain hip pain back pain neck pain low back pain lower body pain,Spondylitis,Chronic Back Pain,0.1877921353327532,2.169885947589793,"['Chronic Back Pain', 'Spondylitis', 'Spinal Stenosis']"
anxiety and nervousness depression insomnia drug abuse excessive anger,Personality Disorder,Neurosis,0.21761653342791806,2.258332177091699,"['Neurosis', 'Depression', 'Drug Abuse (Opioids)']"
pain in eye spots or clouds in vision lacrimation itchiness of eye,Blepharitis,Chronic Glaucoma,0.16749347871984702,2.617530244659637,"['Chronic Glaucoma', 'Glaucoma', 'Cornea Infection']"
sore throat cough fluid in ear fever,Otitis Externa (Swimmer'S Ear),Acute Otitis Media,0.27277456040064907,2.772416592606112,"['Acute Otitis Media', ""Otitis Externa (Swimmer'S Ear)"", 'Otitis Media']"
leg pain hip pain low back pain loss of sensation shoulder pain ache all over,Spondylosis,Neuralgia,0.5485892955274102,1.2520109410755738,"['Neuralgia', 'Spondylosis', 'Chronic Pain Disorder']"
headache arm pain back pain neck pain low back pain,Spinal Stenosis,Sprain Or Strain,0.22309403605548117,2.2075442007153274,"['Sprain Or Strain', 'Spinal Stenosis', 'Muscle Spasm']"
pain in eye foreign body sensation in eye spots or clouds in vision lacrimation itchiness of eye eye burns or stings,Chronic Glaucoma,Cornea Infection,0.4562644829437167,1.423987988834394,"['Cornea Infection', 'Chronic Glaucoma', 'Glaucoma']"
depressive or psychotic symptoms difficulty speaking focal weakness,Stroke,Transient Ischemic Attack,0.4531546106194024,2.4125098779317296,"['Transient Ischemic Attack', 'Delirium', 'Stroke']"
facial pain mouth ulcer peripheral edema pain in gums,Gum Disease,Tooth Disorder,0.4928734295275291,1.4062254484833585,"['Tooth Disorder', 'Gum Disease', 'Tooth Abscess']"
vomiting nausea back pain burning abdominal pain lower body pain upper abdominal pain,Cholecystitis,Gallstone,0.3544006283951188,1.348543448291476,"['Gallstone', 'Acute Pancreatitis', 'Cholecystitis']"
anxiety and nervousness depressive or psychotic symptoms excessive anger delusions or hallucinations fears and phobias,Psychotic Disorder,Personality Disorder,0.23112054374980104,2.326811976494208,"['Personality Disorder', 'Social Phobia', 'Bipolar Disorder']"
diminished vision pain in eye foreign body sensation in eye spots or clouds in vision,Corneal Disorder,Glaucoma,0.14025359285178915,2.4643917231597885,"['Glaucoma', 'Chronic Glaucoma', 'Cornea Infection']"
sharp abdominal pain lower abdominal pain constipation,Ileus,Diverticulitis,0.5126717543705385,1.9773588596119391,"['Diverticulitis', 'Ileus', 'Chronic Constipation']"
double vision symptoms of eye pain in eye itchiness of eye,Corneal Disorder,Cataract,0.2237523314261129,2.436871530419908,"['Cataract', 'Corneal Disorder', 'Macular Degeneration']"
shortness of breath sharp chest pain chest tightness cough vomiting,Esophagitis,Acute Bronchospasm,0.35316464947953985,2.0628294258427533,"['Acute Bronchospasm', 'Esophagitis', 'Chronic Obstructive Pulmonary Disease (Copd)']"
abnormal appearing skin skin lesion skin growth itching of skin,Actinic Keratosis,Seborrheic Keratosis,0.18067899288893458,2.9881116399345853,"['Seborrheic Keratosis', 'Skin Disorder', 'Fungal Infection Of The Hair']"
vomiting nausea painful urination frequent urination lower abdominal pain blood in urine back pain side pain,Urinary Tract Infection,Pyelonephritis,0.513826078676013,1.0020112624508744,"['Pyelonephritis', 'Urinary Tract Infection', 'Kidney Stone']"
abnormal appearing skin skin moles skin irritation,Atrophic Skin Condition,Skin Disorder,0.3018005297546277,2.3082493837146254,"['Skin Disorder', 'Contact Dermatitis', 'Skin Polyp']"
skin swelling abnormal appearing skin skin growth foot or toe pain,Onychomycosis,Callus,0.499870712430499,2.175326339830849,"['Callus', 'Onychomycosis', 'Pyogenic Skin Infection']"
anxiety and nervousness depression depressive or psychotic symptoms insomnia excessive anger delusions or hallucinations low self esteem,Personality Disorder,Schizophrenia,0.5470195585558285,1.4660268015109885,"['Schizophrenia', 'Personality Disorder', 'Marijuana Abuse']"
leg pain arm pain back pain neck pain low back pain loss of sensation,Muscle Spasm,Herniated Disk,0.21347668999412386,2.225532049871667,"['Herniated Disk', 'Muscle Spasm', 'Spondylosis']"
depressive or psychotic symptoms insomnia delusions or hallucinations fears and phobias,Psychotic Disorder,Schizophrenia,0.24199134680359574,2.244007742966883,"['Schizophrenia', 'Psychotic Disorder', 'Personality Disorder']"
arm pain back pain loss of sensation,Neuralgia,Peripheral Nerve Disorder,0.13921025079634827,2.93592534818975,"['Peripheral Nerve Disorder', 'Herniated Disk', 'Muscle Spasm']"
skin moles itching of skin skin dryness peeling scaliness or roughness,Skin Disorder,Contact Dermatitis,0.21708508807373503,2.4316224788358554,"['Contact Dermatitis', 'Skin Polyp', 'Skin Pigmentation Disorder']"
shortness of breath nasal congestion vomiting wheezing,Croup,Acute Bronchospasm,0.3492933652577403,1.913109187175636,"['Acute Bronchospasm', 'Pneumonia', 'Acute Bronchiolitis']"
depression insomnia hostile behavior excessive anger temper problems,Depression,Post-Traumatic Stress Disorder (Ptsd),0.30485909242268033,2.2546325577456843,"['Post-Traumatic Stress Disorder (Ptsd)', 'Psychotic Disorder', 'Schizophrenia']"
blood in stool vomiting headache diarrhea decreased appetite,Infectious Gastroenteritis,Noninfectious Gastroenteritis,0.5194680306536827,1.125490834906533,"['Noninfectious Gastroenteritis', 'Infectious Gastroenteritis', 'Strep Throat']"
sharp chest pain nausea side pain lower body pain,Gallstone,Cholecystitis,0.3203904729430121,2.184302887174418,"['Cholecystitis', 'Gallstone', 'Acute Pancreatitis']"
lower abdominal pain intermenstrual bleeding pain during pregnancy pelvic pain problems during pregnancy spotting or bleeding during pregnancy heavy menstrual flow,Spontaneous Abortion,Vaginal Cyst,0.5079218887515409,0.8116008890519931,"['Vaginal Cyst', 'Spontaneous Abortion', 'Problem During Pregnancy']"
sharp abdominal pain involuntary urination lower abdominal pain back pain symptoms of bladder,Temporary Or Benign Blood In Urine,Cystitis,0.738641220235565,1.0489540656059386,"['Cystitis', 'Temporary Or Benign Blood In Urine', 'Bladder Disorder']"
sharp abdominal pain vomiting painful urination frequent urination side pain,Pyelonephritis,Kidney Stone,0.49892023562869414,1.5246778504675749,"['Kidney Stone', 'Pyelonephritis', 'Urinary Tract Infection']"
back pain low back pain,Brachial Neuritis,Kidney Stone,0.1410438975565966,3.4042064642558607,"['Kidney Stone', 'Pyelonephritis', 'Fibromyalgia']"
leg pain low back pain loss of sensation paresthesia shoulder pain,Spondylosis,Degenerative Disc Disease,0.3069491638806673,1.798141838351341,"['Degenerative Disc Disease', 'Herniated Disk', 'Spondylosis']"
diminished vision double vision abnormal movement of eyelid foreign body sensation in eye spots or clouds in vision itchiness of eye,Dry Eye Of Unknown Cause,Diabetic Retinopathy,0.45470448932035296,1.2769362807521858,"['Diabetic Retinopathy', 'Macular Degeneration', 'Dry Eye Of Unknown Cause']"
cough headache fever coryza,Common Cold,Flu,0.3450611893159881,2.4335328956774918,"['Flu', 'Acute Bronchitis', 'Common Cold']"
abnormal appearing skin acne or pimples irregular appearing scalp skin dryness peeling scaliness or roughness warts skin rash,Eczema,Skin Pigmentation Disorder,0.49491524260061487,1.340590198218987,"['Skin Pigmentation Disorder', 'Eczema', 'Molluscum Contagiosum']"
cough pain in eye eye redness lacrimation fever swollen eye,Conjunctivitis,Conjunctivitis Due To Virus,0.5513162518003221,1.2421710551467586,"['Conjunctivitis Due To Virus', 'Conjunctivitis', 'Conjunctivitis Due To Allergy']"
abnormal appearing skin skin lesion skin moles skin dryness peeling scaliness or roughness warts,Skin Cancer,Skin Pigmentation Disorder,0.28949588881210175,2.0868487904487787,"['Skin Pigmentation Disorder', 'Skin Cancer', 'Skin Polyp']"
facial pain mouth ulcer peripheral edema ear pain jaw swelling gum pain bleeding gums pain in gums,Gum Disease,Tooth Disorder,0.5660061688081159,0.7469693083469839,"['Tooth Disorder', 'Gum Disease', 'Dental Caries']"
retention of urine painful urination frequent urination lower abdominal pain blood in urine,Urinary Tract Infection,Prostatitis,0.22546581652663025,2.124533601420192,"['Prostatitis', 'Bladder Disorder', 'Urinary Tract Infection']"
hand or finger pain arm pain low back pain,Sprain Or Strain,Complex Regional Pain Syndrome,0.3316976353150443,2.195150721206379,"['Complex Regional Pain Syndrome', 'Sprain Or Strain', 'Brachial Neuritis']"
headache loss of sensation,Transient Ischemic Attack,Multiple Sclerosis,0.11118558828253443,4.018258551996196,"['Multiple Sclerosis', 'Transient Ischemic Attack', 'Labyrinthitis']"
blood in stool sharp abdominal pain constipation,Hemorrhoids,Diverticulitis,0.7459553986052516,1.2032155188798848,"['Diverticulitis', 'Chronic Constipation', 'Hemorrhoids']"
anxiety and nervousness depression insomnia restlessness,Drug Abuse (Opioids),Adjustment Reaction,0.3821603470869741,2.053733646114238,"['Adjustment Reaction', 'Drug Abuse (Opioids)', 'Acute Stress Reaction']"
insomnia abusing alcohol,Post-Traumatic Stress Disorder (Ptsd),Bipolar Disorder,0.18302414856257007,2.95752278635853,"['Bipolar Disorder', 'Eating Disorder', 'Psychotic Disorder']"
sharp chest pain sharp abdominal pain vomiting nausea back pain side pain lower body pain upper abdominal pain,Acute Pancreatitis,Cholecystitis,0.3525753722190766,1.3454374408583476,"['Cholecystitis', 'Gallstone', 'Acute Pancreatitis']"
sharp abdominal pain vaginal itching painful urination vaginal discharge vaginal redness,Vaginitis,Vaginal Yeast Infection,0.4864282897883212,1.3386597227235126,"['Vaginal Yeast Infection', 'Benign Vaginal Discharge (Leukorrhea)', 'Vaginitis']"
abnormal appearing skin skin lesion skin growth irregular appearing scalp skin moles skin dryness peeling scaliness or roughness skin irritation warts,Skin Polyp,Skin Cancer,0.4757838686215655,1.441796679293558,"['Skin Cancer', 'Skin Polyp', 'Skin Disorder']"
retention of urine suprapubic pain sharp abdominal pain painful urination involuntary urination lower abdominal pain,Bladder Disorder,Temporary Or Benign Blood In Urine,0.3457589261049528,1.417681519485474,"['Temporary Or Benign Blood In Urine', 'Bladder Disorder', 'Cystitis']"
symptoms of eye pain in eye,Myopia,Conjunctivitis Due To Allergy,0.12792535566222263,3.710373093557603,"['Conjunctivitis Due To Allergy', 'Stye', 'Iridocyclitis']"
sharp abdominal pain lower abdominal pain pelvic pain problems during pregnancy cramps and spasms blood clots during menstrual periods uterine contractions,Spontaneous Abortion,Threatened Pregnancy,0.7694859784634478,0.6225120916460033,"['Threatened Pregnancy', 'Spontaneous Abortion', 'Vaginal Cyst']"
retention of urine lower abdominal pain side pain,Cystitis,Urinary Tract Infection,0.20109765074557148,3.1228500577615126,"['Urinary Tract Infection', 'Kidney Stone', 'Chronic Constipation']"
vomiting headache diarrhea burning abdominal pain decreased appetite fever chills,Infectious Gastroenteritis,Noninfectious Gastroenteritis,0.5099838731893617,0.904039305261199,"['Noninfectious Gastroenteritis', 'Infectious Gastroenteritis', 'Strep Throat']"
dizziness abnormal involuntary movements problems with movement loss of sensation disturbance of memory paresthesia leg weakness,Peripheral Nerve Disorder,Multiple Sclerosis,0.5176432383737082,0.77251939170927,"['Multiple Sclerosis', 'Peripheral Nerve Disorder', 'Spondylolisthesis']"
diminished vision symptoms of eye,Cornea Infection,Bell Palsy,0.19699293526541042,3.3878419884756124,"['Bell Palsy', 'Chalazion', 'Conjunctivitis Due To Allergy']"
anxiety and nervousness depression depressive or psychotic symptoms insomnia abusing alcohol delusions or hallucinations fears and phobias,Bipolar Disorder,Psychotic Disorder,0.3846370338529103,1.5507054619853704,"['Psychotic Disorder', 'Bipolar Disorder', 'Social Phobia']"
sharp chest pain chest tightness irregular heartbeat increased heart rate sweating,Angina,Heart Attack,0.34046719926575936,1.6408838513101258,"['Heart Attack', 'Mitral Valve Disease', 'Angina']"
anxiety and nervousness shortness of breath insomnia abnormal involuntary movements headache,Anxiety,Acute Stress Reaction,0.5592151578962908,1.3610559507202462,"['Acute Stress Reaction', 'Anxiety', 'Panic Disorder']"
sharp abdominal pain vomiting headache burning abdominal pain fever,Infectious Gastroenteritis,Gastritis,0.5078312802925414,1.9472455875738883,"['Gastritis', 'Noninfectious Gastroenteritis', 'Infectious Gastroenteritis']"
hip pain sharp abdominal pain low back pain knee pain,Chronic Pain Disorder,Sickle Cell Crisis,0.4200015630291198,1.5633407618455935,"['Sickle Cell Crisis', 'Chronic Pain Disorder', 'Spondylosis']"
chest tightness leg swelling difficulty breathing,Heart Failure,Hypertensive Heart Disease,0.43238409753293633,2.061262482616899,"['Hypertensive Heart Disease', 'Pulmonary Embolism', 'Heart Failure']"
sharp abdominal pain lower abdominal pain cramps and spasms heavy menstrual flow painful menstruation,Idiopathic Painful Menstruation,Idiopathic Irregular Menstrual Cycle,0.4465283997694681,1.7388717189725227,"['Idiopathic Irregular Menstrual Cycle', 'Idiopathic Painful Menstruation', 'Uterine Fibroids']"
skin swelling skin growth skin dryness peeling scaliness or roughness skin irritation,Skin Polyp,Skin Disorder,0.2056518304013321,2.402992003290904,"['Skin Disorder', 'Actinic Keratosis', 'Skin Polyp']"
shortness of breath sharp chest pain sore throat nasal congestion coughing up sputum coryza,Acute Bronchitis,Chronic Obstructive Pulmonary Disease (Copd),0.49697987089174717,1.1291027828158868,"['Chronic Obstructive Pulmonary Disease (Copd)', 'Acute Bronchitis', 'Pneumonia']"
shortness of breath sharp chest pain fainting,Aortic Valve Disease,Hypokalemia,0.3973713931916781,2.1341273078398384,"['Hypokalemia', 'Hyponatremia', 'Heart Attack']"
vomiting frequent urination lower abdominal pain,Kidney Stone,Urinary Tract Infection,0.25479681246735103,2.61862328829005,"['Urinary Tract Infection', 'Kidney Stone', 'Pyelonephritis']"
hand or finger pain back pain foot or toe pain,Sprain Or Strain,Complex Regional Pain Syndrome,0.39903295514677434,1.9984499273294425,"['Complex Regional Pain Syndrome', 'Sprain Or Strain', 'Gout']"
sharp chest pain chest tightness cough,Esophagitis,Chronic Obstructive Pulmonary Disease (Copd),0.1193905431605983,2.8662228832054417,"['Chronic Obstructive Pulmonary Disease (Copd)', 'Esophagitis', 'Gastroesophageal Reflux Disease (Gerd)']"
skin swelling skin lesion skin growth skin dryness peeling scaliness or roughness itchy scalp skin rash,Fungal Infection Of The Hair,Psoriasis,0.6092578461766726,1.2622324768366586,"['Psoriasis', 'Fungal Infection Of The Hair', 'Fungal Infection Of The Skin']"
blood in stool sharp abdominal pain vomiting nausea burning abdominal pain fever chills fluid retention,Noninfectious Gastroenteritis,Infectious Gastroenteritis,0.5449300335414927,0.9442750148693724,"['Infectious Gastroenteritis', 'Noninfectious Gastroenteritis', 'Diverticulitis']"
headache back pain low back pain loss of sensation,Brachial Neuritis,Neuralgia,0.2902439968670611,2.4089851787715215,"['Neuralgia', 'Muscle Spasm', 'Brachial Neuritis']"
depression insomnia hostile behavior excessive anger delusions or hallucinations temper problems,Psychotic Disorder,Post-Traumatic Stress Disorder (Ptsd),0.3412303595215437,1.9585765772560202,"['Post-Traumatic Stress Disorder (Ptsd)', 'Personality Disorder', 'Schizophrenia']"
depression insomnia abusing alcohol excessive anger delusions or hallucinations fears and phobias,Social Phobia,Bipolar Disorder,0.389832174026905,1.4951105184538078,"['Bipolar Disorder', 'Social Phobia', 'Psychotic Disorder']"
skin swelling skin growth irregular appearing scalp skin dryness peeling scaliness or roughness skin irritation warts,Skin Cancer,Skin Polyp,0.4390114252844857,1.3740579296473499,"['Skin Polyp', 'Skin Cancer', 'Eczema']"
depression lack of growth temper problems,Attention Deficit Hyperactivity Disorder (Adhd),Conduct Disorder,0.3066443773386512,3.1085085040675766,"['Conduct Disorder', 'Attention Deficit Hyperactivity Disorder (Adhd)', 'Obsessive Compulsive Disorder (Ocd)']"
leg pain arm pain back pain arm weakness,Peripheral Nerve Disorder,Herniated Disk,0.7097145159466509,1.2893127533470188,"['Herniated Disk', 'Peripheral Nerve Disorder', 'Thrombophlebitis']"
sharp abdominal pain vomiting lower abdominal pain,Diverticulitis,Pain After An Operation,0.1245251558645062,3.33919569952867,"['Pain After An Operation', 'Kidney Stone', 'Ovarian Cyst']"
anxiety and nervousness abusing alcohol temper problems fears and phobias,Marijuana Abuse,Bipolar Disorder,0.3760905088758801,1.8143455121881915,"['Bipolar Disorder', 'Marijuana Abuse', 'Psychotic Disorder']"
dizziness chest tightness irregular heartbeat weakness,Heart Block,Sinus Bradycardia,0.4736625984507212,2.1840088952601784,"['Sinus Bradycardia', 'Heart Block', 'Mitral Valve Disease']"
nasal congestion fever painful sinuses,Chronic Otitis Media,Nose Disorder,0.27162734141099326,2.999934388944158,"['Nose Disorder', 'Chronic Otitis Media', 'Acute Sinusitis']"
shortness of breath sharp chest pain sore throat cough wheezing congestion in chest,Acute Bronchitis,Chronic Obstructive Pulmonary Disease (Copd),0.62580921859971,1.080823889748717,"['Chronic Obstructive Pulmonary Disease (Copd)', 'Acute Bronchitis', 'Pneumonia']"
insomnia abusing alcohol hostile behavior,Depression,Post-Traumatic Stress Disorder (Ptsd),0.3431849063369139,1.9695758625746427,"['Post-Traumatic Stress Disorder (Ptsd)', 'Psychotic Disorder', 'Depression']"
suprapubic pain sharp abdominal pain involuntary urination lower abdominal pain blood in urine symptoms of bladder,Temporary Or Benign Blood In Urine,Cystitis,0.35143745488791145,1.3567416848641747,"['Cystitis', 'Bladder Disorder', 'Temporary Or Benign Blood In Urine']"
skin swelling abnormal appearing skin acne or pimples skin dryness peeling scaliness or roughness skin rash,Dermatitis Due To Sun Exposure,Eczema,0.11983993592662272,2.8218969770881115,"['Eczema', 'Contact Dermatitis', 'Acne']"
sharp chest pain chest tightness cough nasal congestion wheezing fever coryza,Acute Bronchospasm,Chronic Obstructive Pulmonary Disease (Copd),0.3782141432042348,1.465041035501535,"['Chronic Obstructive Pulmonary Disease (Copd)', 'Acute Bronchospasm', 'Asthma']"
double vision pain in eye spots or clouds in vision itchiness of eye,Macular Degeneration,Corneal Disorder,0.23817807754059203,2.239314239760963,"['Corneal Disorder', 'Cataract', 'Macular Degeneration']"
symptoms of eye spots or clouds in vision itchiness of eye,Glaucoma,Chronic Glaucoma,0.16698151377085416,2.647751890698161,"['Chronic Glaucoma', 'Blepharitis', 'Glaucoma']"
diminished vision foreign body sensation in eye itchiness of eye,Corneal Abrasion,Glaucoma,0.1300828672342992,2.8615984705027353,"['Glaucoma', 'Diabetic Retinopathy', 'Dry Eye Of Unknown Cause']"
depression depressive or psychotic symptoms hostile behavior drug abuse delusions or hallucinations,Marijuana Abuse,Post-Traumatic Stress Disorder (Ptsd),0.24080673781935577,2.3018425297631078,"['Post-Traumatic Stress Disorder (Ptsd)', 'Neurosis', 'Depression']"
shortness of breath cough leg swelling weakness,Pulmonary Congestion,Pulmonary Embolism,0.35067060177806764,2.0368173824167504,"['Pulmonary Embolism', 'Pulmonary Congestion', 'Heart Failure']"
anxiety and nervousness depression insomnia abusing alcohol excessive anger fears and phobias,Social Phobia,Bipolar Disorder,0.37321265695487976,1.4867709420975679,"['Bipolar Disorder', 'Psychotic Disorder', 'Social Phobia']"
sharp abdominal pain painful urination back pain pelvic pain side pain,Vulvodynia,Cystitis,0.6314984085874069,1.4351636989599674,"['Cystitis', 'Vulvodynia', 'Pelvic Inflammatory Disease']"
skin swelling skin lesion acne or pimples skin irritation,Contact Dermatitis,Skin Disorder,0.18526945058892094,2.407355875829027,"['Skin Disorder', 'Atrophic Skin Condition', 'Skin Polyp']"
abnormal appearing skin skin lesion irregular appearing scalp itching of skin skin dryness peeling scaliness or roughness skin rash,Skin Pigmentation Disorder,Eczema,0.16322729973893835,2.5556246640829823,"['Eczema', 'Skin Pigmentation Disorder', 'Psoriasis']"
blood in stool sharp abdominal pain nausea,Infectious Gastroenteritis,Gastroduodenal Ulcer,0.14810451865383195,2.826840879160176,"['Gastroduodenal Ulcer', 'Noninfectious Gastroenteritis', 'Diverticulitis']"
vomiting painful urination lower abdominal pain blood in urine,Pyelonephritis,Kidney Stone,0.3537854611672201,1.874322339120364,"['Kidney Stone', 'Urinary Tract Infection', 'Pyelonephritis']"
symptoms of eye pain in eye abnormal movement of eyelid foreign body sensation in eye spots or clouds in vision lacrimation,Diabetic Retinopathy,Dry Eye Of Unknown Cause,0.36340758833662085,1.4545113329039532,"['Dry Eye Of Unknown Cause', 'Diabetic Retinopathy', 'Macular Degeneration']"
vomiting decreased appetite,Herpangina,Acute Bronchiolitis,0.13419165067438435,3.299671317748138,"['Acute Bronchiolitis', 'Viral Exanthem', 'Appendicitis']"
cough fever coryza,Acute Otitis Media,Flu,0.08791399113889996,3.738302378782598,"['Flu', 'Otitis Media', 'Acute Sinusitis']"
sharp chest pain sharp abdominal pain nausea back pain regurgitation burning abdominal pain upper abdominal pain regurgitation 1,Hiatal Hernia,Gallstone,0.34371077533562855,1.450589715186363,"['Gallstone', 'Hiatal Hernia', 'Cholecystitis']"
skin swelling acne or pimples itching of skin skin rash,Eczema,Fungal Infection Of The Skin,0.14809252996303526,2.9645692384367304,"['Fungal Infection Of The Skin', 'Seborrheic Keratosis', 'Molluscum Contagiosum']"
anxiety and nervousness insomnia hostile behavior,Neurosis,Schizophrenia,0.17251474681136303,2.9033683662243863,"['Schizophrenia', 'Post-Traumatic Stress Disorder (Ptsd)', 'Adjustment Reaction']"
diminished vision double vision abnormal movement of eyelid foreign body sensation in eye spots or clouds in vision,Dry Eye Of Unknown Cause,Diabetic Retinopathy,0.4078173852722991,1.2917804469835872,"['Diabetic Retinopathy', 'Macular Degeneration', 'Dry Eye Of Unknown Cause']"
abnormal appearing skin skin lesion skin dryness peeling scaliness or roughness skin irritation skin rash,Contact Dermatitis,Fungal Infection Of The Hair,0.23689987323393302,2.116240062673678,"['Fungal Infection Of The Hair', 'Actinic Keratosis', 'Contact Dermatitis']"
suprapubic pain sharp abdominal pain vaginal discharge vaginal pain,Yeast Infection,Vaginal Yeast Infection,0.4715929209914506,1.7650417946474874,"['Vaginal Yeast Infection', 'Yeast Infection', 'Vaginitis']"
anxiety and nervousness excessive anger delusions or hallucinations,Personality Disorder,Adjustment Reaction,0.14543707302316886,3.273345125249122,"['Adjustment Reaction', 'Social Phobia', 'Postpartum Depression']"
skin swelling abnormal appearing skin skin lesion itching of skin warts skin rash,Molluscum Contagiosum,Eczema,0.2678699181766855,2.095039859551912,"['Eczema', 'Seborrheic Keratosis', 'Molluscum Contagiosum']"
sharp abdominal pain pelvic pain cramps and spasms unpredictable menstruation painful menstruation,Uterine Fibroids,Idiopathic Irregular Menstrual Cycle,0.31138504319289,1.6222765873632956,"['Idiopathic Irregular Menstrual Cycle', 'Uterine Fibroids', 'Idiopathic Painful Menstruation']"
vomiting lower abdominal pain burning abdominal pain,Ovarian Cyst,Pelvic Inflammatory Disease,0.28050848454940736,2.677453076593191,"['Pelvic Inflammatory Disease', 'Appendicitis', 'Ovarian Cyst']"
sore throat cough nasal congestion wheezing difficulty breathing coryza,Acute Bronchospasm,Pneumonia,0.302166818337771,1.8419701363077166,"['Pneumonia', 'Acute Bronchospasm', 'Acute Bronchitis']"
depressive or psychotic symptoms excessive anger temper problems fears and phobias hysterical behavior,Psychotic Disorder,Schizophrenia,0.4924809778214125,1.05091969562317,"['Schizophrenia', 'Psychotic Disorder', 'Conduct Disorder']"
abnormal appearing skin skin lesion irregular appearing nails,Callus,Hemangioma,0.4315873076950403,2.6937717740270792,"['Hemangioma', 'Callus', 'Ingrown Toe Nail']"
dizziness itchy ear s  fluid in ear,Sensorineural Hearing Loss,Otitis Externa (Swimmer'S Ear),0.4517248959252855,1.3675606776367037,"[""Otitis Externa (Swimmer'S Ear)"", 'Sensorineural Hearing Loss', 'Conductive Hearing Loss']"
depression depressive or psychotic symptoms hostile behavior excessive anger fears and phobias,Personality Disorder,Marijuana Abuse,0.2402392023528777,2.392394486571763,"['Marijuana Abuse', 'Psychotic Disorder', 'Personality Disorder']"
chest tightness irregular heartbeat arm pain increased heart rate,Heart Attack,Angina,0.4683722072465752,1.4322469916357279,"['Angina', 'Heart Attack', 'Sinus Bradycardia']"
anxiety and nervousness depression hostile behavior drug abuse delusions or hallucinations,Depression,Neurosis,0.18342614516073275,2.356147141533193,"['Neurosis', 'Post-Traumatic Stress Disorder (Ptsd)', 'Personality Disorder']"
leg pain back pain low back pain shoulder pain ache all over,Spondylosis,Chronic Pain Disorder,0.4273011672695898,1.7879087122993331,"['Chronic Pain Disorder', 'Neuralgia', 'Spondylosis']"
anxiety and nervousness depression depressive or psychotic symptoms delusions or hallucinations temper problems low self esteem,Marijuana Abuse,Personality Disorder,0.40555085718930894,1.7237334043787709,"['Personality Disorder', 'Marijuana Abuse', 'Schizophrenia']"
leg pain hip pain headache arm pain,Fibromyalgia,Neuralgia,0.4170268364111799,1.5662695391442165,"['Neuralgia', 'Spinal Stenosis', 'Fibromyalgia']"
vomiting nausea intermenstrual bleeding pelvic pain burning abdominal pain,Ovarian Cyst,Pelvic Inflammatory Disease,0.5693936758717913,1.2452831420992005,"['Pelvic Inflammatory Disease', 'Ovarian Cyst', 'Spontaneous Abortion']"
shortness of breath chest tightness cough nasal congestion wheezing fever coryza,Chronic Obstructive Pulmonary Disease (Copd),Asthma,0.34118763532448937,1.603540568115644,"['Asthma', 'Acute Bronchospasm', 'Chronic Obstructive Pulmonary Disease (Copd)']"
blood in stool burning abdominal pain fever fluid retention,Noninfectious Gastroenteritis,Infectious Gastroenteritis,0.5735184744872276,1.4485230495508103,"['Infectious Gastroenteritis', 'Noninfectious Gastroenteritis', 'Diverticulitis']"
arm pain neck pain loss of sensation,Spondylosis,Herniated Disk,0.14553010113120504,2.5475738025639503,"['Herniated Disk', 'Muscle Spasm', 'Spondylosis']"
sore throat cough nasal congestion ear pain fever painful sinuses,Acute Sinusitis,Nose Disorder,0.49419667306304793,1.815977904913177,"['Nose Disorder', 'Acute Sinusitis', 'Chronic Otitis Media']"
skin growth foot or toe pain,Ganglion Cyst,Callus,0.457336385006526,2.528269538307337,"['Callus', 'Onychomycosis', 'Ingrown Toe Nail']"
cough ear pain fever,Ear Wax Impaction,Chronic Otitis Media,0.10919452847021596,3.689898003481729,"['Chronic Otitis Media', 'Common Cold', 'Teething Syndrome']"
sharp abdominal pain vomiting frequent urination lower abdominal pain,Kidney Stone,Pyelonephritis,0.39812507968767447,2.2537589899108106,"['Pyelonephritis', 'Kidney Stone', 'Diabetic Ketoacidosis']"
leg pain headache back pain low back pain,Neuralgia,Pain After An Operation,0.21351558304698603,2.3308335197725727,"['Pain After An Operation', 'Chronic Pain Disorder', 'Neuralgia']"
sharp abdominal pain lower abdominal pain pain during pregnancy problems during pregnancy cramps and spasms blood clots during menstrual periods heavy menstrual flow,Vaginal Cyst,Spontaneous Abortion,0.5120919944454281,0.9079327066435917,"['Spontaneous Abortion', 'Vaginal Cyst', 'Idiopathic Painful Menstruation']"
suprapubic pain vaginal itching painful urination,Benign Vaginal Discharge (Leukorrhea),Vaginal Yeast Infection,0.2595915959715482,1.8756520908332748,"['Vaginal Yeast Infection', 'Urethritis', 'Vaginitis']"
sharp abdominal pain vomiting painful urination frequent urination blood in urine,Kidney Stone,Pyelonephritis,0.42827523764139713,1.5388693333611747,"['Pyelonephritis', 'Kidney Stone', 'Urinary Tract Infection']"
sharp chest pain sharp abdominal pain burning abdominal pain,Gastroesophageal Reflux Disease (Gerd),Sickle Cell Crisis,0.34442866764684343,2.8126941796348714,"['Sickle Cell Crisis', 'Acute Pancreatitis', 'Gallstone']"
hip pain arm pain neck pain loss of sensation paresthesia,Degenerative Disc Disease,Herniated Disk,0.32013798190500387,1.7988919079579033,"['Herniated Disk', 'Degenerative Disc Disease', 'Spondylosis']"
sore throat nasal congestion fever coughing up sputum coryza,Acute Bronchitis,Acute Sinusitis,0.42041528601102296,1.6140734441668896,"['Acute Sinusitis', 'Chronic Obstructive Pulmonary Disease (Copd)', 'Acute Bronchitis']"
skin swelling abnormal appearing skin skin lesion acne or pimples irregular appearing scalp itching of skin skin irritation,Fungal Infection Of The Hair,Skin Disorder,0.277609836981296,2.046702527292119,"['Skin Disorder', 'Eczema', 'Skin Polyp']"
diminished hearing ringing in ear plugged feeling in ear fluid in ear,Sensorineural Hearing Loss,Ear Wax Impaction,0.28912500276543757,1.9794212547438121,"['Ear Wax Impaction', ""Otitis Externa (Swimmer'S Ear)"", 'Ear Drum Damage']"
diminished vision double vision symptoms of eye spots or clouds in vision lacrimation itchiness of eye,Cataract,Corneal Disorder,0.2402037768624,2.0177688279231476,"['Corneal Disorder', 'Cataract', 'Macular Degeneration']"
sharp abdominal pain headache diarrhea decreased appetite fever,Infectious Gastroenteritis,Noninfectious Gastroenteritis,0.43531809206517474,1.6809440488068135,"['Noninfectious Gastroenteritis', 'Infectious Gastroenteritis', 'Hypovolemia']"
sharp abdominal pain lower abdominal pain spotting or bleeding during pregnancy heavy menstrual flow,Spontaneous Abortion,Vaginal Cyst,0.4795230109995139,1.5317703787793757,"['Vaginal Cyst', 'Spontaneous Abortion', 'Idiopathic Irregular Menstrual Cycle']"
symptoms of eye pain in eye foreign body sensation in eye blindness,Myopia,Macular Degeneration,0.4503172953340237,2.0650133830905735,"['Macular Degeneration', 'Myopia', 'Iridocyclitis']"
sharp abdominal pain pelvic pain spotting or bleeding during pregnancy cramps and spasms,Threatened Pregnancy,Problem During Pregnancy,0.4526587279859738,1.36562830964117,"['Problem During Pregnancy', 'Threatened Pregnancy', 'Vaginal Cyst']"
depression hostile behavior drug abuse excessive anger,Depression,Post-Traumatic Stress Disorder (Ptsd),0.26817286448896493,2.34532461949299,"['Post-Traumatic Stress Disorder (Ptsd)', 'Personality Disorder', 'Neurosis']"
skin lesion irregular appearing scalp itching of skin skin irritation warts,Seborrheic Keratosis,Eczema,0.3245214841109898,1.4543425684232312,"['Eczema', 'Skin Polyp', 'Seborrheic Keratosis']"
itching of skin skin dryness peeling scaliness or roughness warts,Skin Pigmentation Disorder,Eczema,0.2786260867601607,2.154877384484399,"['Eczema', 'Skin Pigmentation Disorder', 'Skin Polyp']"
diminished vision spots or clouds in vision lacrimation itchiness of eye,Diabetic Retinopathy,Chronic Glaucoma,0.17148938727039814,2.8099385976066698,"['Chronic Glaucoma', 'Glaucoma', 'Blepharitis']"
retention of urine suprapubic pain frequent urination lower abdominal pain back pain side pain,Kidney Stone,Urinary Tract Infection,0.36617758905065445,1.537062069474593,"['Urinary Tract Infection', 'Kidney Stone', 'Cystitis']"
skin swelling abnormal appearing skin acne or pimples,Skin Disorder,Rosacea,0.0950755235742604,3.3927065025723735,"['Rosacea', 'Callus', 'Atrophic Skin Condition']"
sore throat cough nasal congestion vomiting wheezing coryza,Common Cold,Acute Bronchospasm,0.379760389091522,1.7107185712077424,"['Acute Bronchospasm', 'Croup', 'Pneumonia']"
abnormal appearing skin skin lesion acne or pimples irregular appearing scalp skin moles,Skin Disorder,Skin Pigmentation Disorder,0.1765112405162535,2.508266113932115,"['Skin Pigmentation Disorder', 'Skin Disorder', 'Seborrheic Keratosis']"
depression depressive or psychotic symptoms hostile behavior delusions or hallucinations low self esteem,Schizophrenia,Marijuana Abuse,0.28214485895595176,2.0505750443287636,"['Marijuana Abuse', 'Personality Disorder', 'Schizophrenia']"
skin swelling abnormal appearing skin irregular appearing scalp skin moles warts skin rash,Skin Pigmentation Disorder,Seborrheic Keratosis,0.4300497597735043,1.880240037006123,"['Seborrheic Keratosis', 'Skin Pigmentation Disorder', 'Skin Cancer']"
blood in stool nausea burning abdominal pain decreased appetite fever,Noninfectious Gastroenteritis,Infectious Gastroenteritis,0.48536242117116746,1.4900897627408933,"['Infectious Gastroenteritis', 'Noninfectious Gastroenteritis', 'Appendicitis']"
skin swelling skin lesion skin growth itchy scalp skin rash,Psoriasis,Fungal Infection Of The Hair,0.4367724388917501,1.623615566718584,"['Fungal Infection Of The Hair', 'Psoriasis', 'Fungal Infection Of The Skin']"
sharp abdominal pain nausea stomach bloating,Appendicitis,Intestinal Obstruction,0.2764773114552184,3.1171968114641233,"['Intestinal Obstruction', 'Cholecystitis', 'Indigestion']"
leg pain back pain neck pain paresthesia lower body pain,Spinal Stenosis,Spondylosis,0.3433084660906326,1.9227415640898258,"['Spondylosis', 'Degenerative Disc Disease', 'Spinal Stenosis']"
lip swelling abnormal appearing skin skin lesion skin moles warts,Viral Warts,Skin Cancer,0.4557461055314592,1.4208315418647768,"['Skin Cancer', 'Viral Warts', 'Hemangioma']"
diminished vision pain in eye abnormal movement of eyelid lacrimation,Cataract,Diabetic Retinopathy,0.3883427857038826,2.2692183415591405,"['Diabetic Retinopathy', 'Cataract', 'Dry Eye Of Unknown Cause']"
skin swelling abnormal appearing skin irregular appearing scalp skin moles itching of skin skin rash,Skin Pigmentation Disorder,Seborrheic Keratosis,0.26834380628730564,2.2673939594907315,"['Seborrheic Keratosis', 'Psoriasis', 'Skin Pigmentation Disorder']"
skin swelling abnormal appearing skin skin lesion acne or pimples skin irritation warts,Eczema,Skin Polyp,0.41102428207813174,1.647093565694452,"['Skin Polyp', 'Seborrheic Keratosis', 'Eczema']"
sharp abdominal pain vaginal discharge spotting or bleeding during pregnancy cramps and spasms blood clots during menstrual periods,Vaginal Cyst,Threatened Pregnancy,0.6217623248784266,1.0233390345748485,"['Threatened Pregnancy', 'Vaginal Cyst', 'Idiopathic Excessive Menstruation']"
sharp abdominal pain vomiting blood in urine back pain low back pain,Pyelonephritis,Kidney Stone,0.5874624200754434,1.0995815512023999,"['Kidney Stone', 'Pyelonephritis', 'Sickle Cell Crisis']"
skin lesion skin growth skin moles skin dryness peeling scaliness or roughness skin irritation,Skin Disorder,Actinic Keratosis,0.24734891087334243,2.147509773171578,"['Actinic Keratosis', 'Skin Disorder', 'Skin Polyp']"
cough nasal congestion ear pain fluid in ear,Acute Otitis Media,Chronic Otitis Media,0.36253777153860023,2.450929021755887,"['Chronic Otitis Media', 'Acute Otitis Media', 'Ear Wax Impaction']"
nasal congestion fever coughing up sputum coryza congestion in chest,Acute Bronchitis,Chronic Obstructive Pulmonary Disease (Copd),0.5213298390234434,0.8977096067548542,"['Chronic Obstructive Pulmonary Disease (Copd)', 'Acute Bronchitis', 'Acute Sinusitis']"
toothache facial pain peripheral edema jaw swelling bleeding gums,Gum Disease,Tooth Disorder,0.4312505188434805,1.4530605159194696,"['Tooth Disorder', 'Gum Disease', 'Dental Caries']"
shortness of breath sharp chest pain chest tightness cough fever difficulty breathing,Acute Respiratory Distress Syndrome (Ards),Asthma,0.3122925231035877,1.8533799826474924,"['Asthma', 'Acute Respiratory Distress Syndrome (Ards)', 'Acute Bronchospasm']"
skin swelling abnormal appearing skin skin lesion acne or pimples itching of skin skin dryness peeling scaliness or roughness warts skin rash,Skin Pigmentation Disorder,Eczema,0.33939845527837464,1.7068481681978862,"['Eczema', 'Molluscum Contagiosum', 'Skin Pigmentation Disorder']"
sharp abdominal pain vomiting burning abdominal pain side pain lower body pain upper abdominal pain,Acute Pancreatitis,Gallstone,0.32532662325763784,1.6133202090542653,"['Gallstone', 'Cholecystitis', 'Acute Pancreatitis']"
white discharge from eye diminished vision pain in eye lacrimation itchiness of eye,Corneal Disorder,Conjunctivitis Due To Virus,0.3317468940579739,1.887096509901422,"['Conjunctivitis Due To Virus', 'Corneal Abrasion', 'Chronic Glaucoma']"
anxiety and nervousness depression depressive or psychotic symptoms drug abuse excessive anger delusions or hallucinations low self esteem,Personality Disorder,Marijuana Abuse,0.4553017487093493,1.4235634413218508,"['Marijuana Abuse', 'Personality Disorder', 'Postpartum Depression']"
cough nasal congestion ear pain fluid in ear pulling at ears,Ear Drum Damage,Chronic Otitis Media,0.2945278632205079,1.8759057909449588,"['Chronic Otitis Media', 'Ear Wax Impaction', 'Otitis Media']"
skin growth skin moles skin dryness peeling scaliness or roughness warts,Skin Polyp,Skin Pigmentation Disorder,0.3573308610229298,1.8246033954728322,"['Skin Pigmentation Disorder', 'Skin Polyp', 'Skin Cancer']"
skin swelling acne or pimples itching of skin warts,Skin Pigmentation Disorder,Skin Polyp,0.26755409787839624,2.384719727971068,"['Skin Polyp', 'Seborrheic Keratosis', 'Molluscum Contagiosum']"
hip pain arm pain back pain low back pain paresthesia shoulder pain,Spondylosis,Herniated Disk,0.28945280687127994,1.7200033129478944,"['Herniated Disk', 'Spondylosis', 'Degenerative Disc Disease']"
leg pain low back pain problems with movement,Arthritis Of The Hip,Complex Regional Pain Syndrome,0.20543256119605266,2.336434480243166,"['Complex Regional Pain Syndrome', 'Sciatica', 'Spinal Stenosis']"
insomnia excessive anger delusions or hallucinations temper problems,Bipolar Disorder,Personality Disorder,0.16743818935269247,2.6388669292976723,"['Personality Disorder', 'Schizophrenia', 'Bipolar Disorder']"
suprapubic pain sharp abdominal pain frequent urination blood in urine,Urethritis,Pyelonephritis,0.24505440878998497,2.4615855183127175,"['Pyelonephritis', 'Cystitis', 'Urinary Tract Obstruction']"
retention of urine suprapubic pain painful urination lower abdominal pain,Bladder Disorder,Urinary Tract Infection,0.2600275750419248,2.0582378511422617,"['Urinary Tract Infection', 'Bladder Disorder', 'Temporary Or Benign Blood In Urine']"
intermenstrual bleeding spotting or bleeding during pregnancy uterine contractions,Spontaneous Abortion,Threatened Pregnancy,0.602246330430816,1.2861094341058126,"['Threatened Pregnancy', 'Spontaneous Abortion', 'Vaginal Cyst']"
leg pain arm pain low back pain loss of sensation paresthesia shoulder pain,Degenerative Disc Disease,Herniated Disk,0.3395956089725822,1.6275046814152465,"['Herniated Disk', 'Degenerative Disc Disease', 'Spondylosis']"
anxiety and nervousness shortness of breath insomnia abnormal involuntary movements,Panic Disorder,Acute Stress Reaction,0.3698035209562699,1.7509059523156847,"['Acute Stress Reaction', 'Anxiety', 'Panic Disorder']"
sore throat cough vomiting,Otitis Media,Flu,0.24920954903701742,2.7836269603354253,"['Flu', 'Acute Bronchospasm', 'Esophagitis']"
suprapubic pain sharp abdominal pain vomiting painful urination frequent urination lower abdominal pain blood in urine back pain side pain,Kidney Stone,Pyelonephritis,0.48915805238902776,1.106500514352185,"['Pyelonephritis', 'Kidney Stone', 'Urinary Tract Infection']"
anxiety and nervousness depression depressive or psychotic symptoms hostile behavior delusions or hallucinations,Neurosis,Post-Traumatic Stress Disorder (Ptsd),0.16516965662861707,2.8197390605553947,"['Post-Traumatic Stress Disorder (Ptsd)', 'Neurosis', 'Psychotic Disorder']"
leg pain neck pain shoulder pain lower body pain,Spinal Stenosis,Degenerative Disc Disease,0.3142921652305901,1.8717992656374078,"['Degenerative Disc Disease', 'Spondylosis', 'Spinal Stenosis']"
leg pain back pain neck pain low back pain paresthesia,Herniated Disk,Complex Regional Pain Syndrome,0.1710918884393376,2.5777845262073336,"['Complex Regional Pain Syndrome', 'Spondylosis', 'Degenerative Disc Disease']"
abnormal appearing skin skin lesion acne or pimples skin growth,Seborrheic Dermatitis,Atrophic Skin Condition,0.1276904684899963,2.8169230923349082,"['Atrophic Skin Condition', 'Skin Disorder', 'Seborrheic Keratosis']"
vomiting back pain burning abdominal pain side pain lower body pain regurgitation 1,Cholecystitis,Gallstone,0.5703417277689665,0.9100637551765323,"['Gallstone', 'Cholecystitis', 'Acute Pancreatitis']"
skin swelling skin lesion skin growth itching of skin warts,Skin Polyp,Seborrheic Keratosis,0.29277120017703706,2.1604921771967844,"['Seborrheic Keratosis', 'Skin Polyp', 'Skin Pigmentation Disorder']"
symptoms of eye itchiness of eye eye burns or stings swollen eye,Conjunctivitis Due To Allergy,Blepharitis,0.34445795991185346,1.6887256797742367,"['Blepharitis', 'Conjunctivitis Due To Allergy', 'Cornea Infection']"
diminished vision double vision pain in eye foreign body sensation in eye spots or clouds in vision,Macular Degeneration,Corneal Disorder,0.28620643103675436,1.8934843320434123,"['Corneal Disorder', 'Macular Degeneration', 'Dry Eye Of Unknown Cause']"
cough ear pain fever,Chronic Sinusitis,Chronic Otitis Media,0.10919452847021596,3.689898003481729,"['Chronic Otitis Media', 'Common Cold', 'Teething Syndrome']"
nasal congestion facial pain ear pain sinus congestion,Acute Sinusitis,Nose Disorder,0.48426090353398377,1.5514671270582707,"['Nose Disorder', 'Acute Sinusitis', 'Chronic Sinusitis']"
skin swelling abnormal appearing skin skin growth skin moles skin dryness peeling scaliness or roughness,Skin Cancer,Skin Polyp,0.15155290829333504,2.7248434715480387,"['Skin Polyp', 'Psoriasis', 'Rosacea']"
abnormal appearing skin skin lesion acne or pimples itching of skin itchy scalp,Fungal Infection Of The Hair,Fungal Infection Of The Skin,0.6036297520154558,1.4313138703842487,"['Fungal Infection Of The Skin', 'Fungal Infection Of The Hair', 'Molluscum Contagiosum']"
sharp chest pain sharp abdominal pain back pain side pain,Pleural Effusion,Pain After An Operation,0.30886988650568825,2.9212027582434175,"['Pain After An Operation', 'Pleural Effusion', 'Cholecystitis']"
diminished vision double vision pain in eye spots or clouds in vision itchiness of eye,Macular Degeneration,Corneal Disorder,0.26320204579712997,2.1399755437159818,"['Corneal Disorder', 'Cataract', 'Macular Degeneration']"
cough lip swelling skin rash,Food Allergy,Allergy,0.34349264472912605,2.494143148927577,"['Allergy', 'Food Allergy', 'Insect Bite']"
nausea side pain,Acute Pancreatitis,Cholecystitis,0.12167321475705291,4.088199417937325,"['Cholecystitis', 'Pain After An Operation', 'Acute Pancreatitis']"
leg pain hand or finger pain arm pain knee pain foot or toe pain ankle pain shoulder pain,Tendinitis,Sprain Or Strain,0.5147731114263453,1.0187865689535611,"['Sprain Or Strain', 'Tendinitis', 'Mononeuritis']"
suprapubic pain vomiting nausea lower abdominal pain blood in urine side pain,Pyelonephritis,Urinary Tract Infection,0.5551992901800353,1.1996641890446291,"['Urinary Tract Infection', 'Pyelonephritis', 'Kidney Stone']"
dizziness vomiting weakness,Benign Paroxysmal Positional Vertical (Bppv),Hyperemesis Gravidarum,0.18772963308318433,3.377397983045997,"['Hyperemesis Gravidarum', 'Gastrointestinal Hemorrhage', 'Intracerebral Hemorrhage']"
groin mass symptoms of the scrotum and testes sharp abdominal pain lower abdominal pain ache all over,Abdominal Hernia,Inguinal Hernia,0.6109093482334875,1.1284788372083105,"['Inguinal Hernia', 'Abdominal Hernia', 'Varicocele Of The Testicles']"
elbow pain paresthesia,Carpal Tunnel Syndrome,Ankylosing Spondylitis,0.566213546149815,1.8462083991694442,"['Ankylosing Spondylitis', 'Brachial Neuritis', 'Carpal Tunnel Syndrome']"
abnormal involuntary movements leg pain,Complex Regional Pain Syndrome,Peripheral Nerve Disorder,0.29795999794839045,2.67766425327444,"['Peripheral Nerve Disorder', 'Muscle Spasm', 'Complex Regional Pain Syndrome']"
sharp abdominal pain intermenstrual bleeding pain during pregnancy pelvic pain spotting or bleeding during pregnancy,Vaginal Cyst,Spontaneous Abortion,0.4990105488627642,1.3062287598471967,"['Spontaneous Abortion', 'Vaginal Cyst', 'Problem During Pregnancy']"
leg pain headache back pain neck pain low back pain,Fibromyalgia,Pain After An Operation,0.2924294382967205,2.0995923442243125,"['Pain After An Operation', 'Fibromyalgia', 'Neuralgia']"
leg pain hip pain low back pain,Arthritis Of The Hip,Fibromyalgia,0.1995529164723395,2.851252979180877,"['Fibromyalgia', 'Neuralgia', 'Sickle Cell Crisis']"
leg pain headache back pain neck pain,Muscle Spasm,Pain After An Operation,0.26542955674295804,2.231829954879026,"['Pain After An Operation', 'Spinal Stenosis', 'Neuralgia']"
depressive or psychotic symptoms temper problems low self esteem,Oppositional Disorder,Personality Disorder,0.44055687668117877,2.1791156944077565,"['Personality Disorder', 'Schizophrenia', 'Oppositional Disorder']"
anxiety and nervousness depressive or psychotic symptoms insomnia abusing alcohol delusions or hallucinations,Post-Traumatic Stress Disorder (Ptsd),Bipolar Disorder,0.2790880352318781,2.231763351173461,"['Bipolar Disorder', 'Psychotic Disorder', 'Drug Abuse (Opioids)']"
sharp abdominal pain vomiting back pain upper abdominal pain regurgitation 1,Cholecystitis,Gallstone,0.5068512467152636,1.3054427782067473,"['Gallstone', 'Cholecystitis', 'Hiatal Hernia']"
skin swelling abnormal appearing skin acne or pimples itching of skin skin rash,Contact Dermatitis,Molluscum Contagiosum,0.16019968604531126,2.9284149356645877,"['Molluscum Contagiosum', 'Seborrheic Keratosis', 'Fungal Infection Of The Skin']"
skin swelling acne or pimples irregular appearing scalp itching of skin warts,Seborrheic Keratosis,Skin Polyp,0.35074666311708647,1.7986037351072985,"['Skin Polyp', 'Skin Pigmentation Disorder', 'Eczema']"
anxiety and nervousness depression depressive or psychotic symptoms dizziness abnormal involuntary movements,Acute Stress Reaction,Panic Disorder,0.512020076780753,1.3397334244783843,"['Panic Disorder', 'Acute Stress Reaction', 'Anxiety']"
skin swelling abnormal appearing skin skin growth irregular appearing nails,Onychomycosis,Hemangioma,0.27652325634463387,2.528783063458345,"['Hemangioma', 'Callus', 'Onychomycosis']"
hand or finger pain wrist swelling knee pain joint pain,Rheumatoid Arthritis,Gout,0.45236145084675744,1.3131911774972047,"['Gout', 'Rheumatoid Arthritis', 'Injury To The Arm']"
sharp abdominal pain intermenstrual bleeding cramps and spasms long menstrual periods unpredictable menstruation,Idiopathic Excessive Menstruation,Idiopathic Irregular Menstrual Cycle,0.5115206075586531,1.0770783149045526,"['Idiopathic Irregular Menstrual Cycle', 'Idiopathic Excessive Menstruation', 'Idiopathic Painful Menstruation']"
dizziness chest tightness irregular heartbeat fatigue,Paroxysmal Ventricular Tachycardia,Mitral Valve Disease,0.7100287799382423,1.504873503378424,"['Mitral Valve Disease', 'Paroxysmal Ventricular Tachycardia', 'Panic Disorder']"
sharp abdominal pain upper abdominal pain stomach bloating,Appendicitis,Cholecystitis,0.5171959110669655,1.3355852079491304,"['Cholecystitis', 'Appendicitis', 'Intestinal Obstruction']"
sharp abdominal pain vomiting,Ovarian Cyst,Sickle Cell Crisis,0.11052363097027239,3.7389141842143827,"['Sickle Cell Crisis', 'Pyelonephritis', 'Kidney Stone']"
difficulty speaking lack of growth antisocial behavior,Autism,Developmental Disability,0.4690313607274022,1.7234259394656395,"['Developmental Disability', 'Autism', 'Attention Deficit Hyperactivity Disorder (Adhd)']"
skin swelling abnormal appearing skin acne or pimples itching of skin skin dryness peeling scaliness or roughness itchy scalp,Fungal Infection Of The Hair,Fungal Infection Of The Skin,0.56709994012214,1.5291686805276534,"['Fungal Infection Of The Skin', 'Fungal Infection Of The Hair', 'Psoriasis']"
sharp chest pain nausea back pain,Hyponatremia,Pain After An Operation,0.19964751946061488,3.3027159312381325,"['Pain After An Operation', 'Hyponatremia', 'Cholecystitis']"
leg pain hip pain arm pain neck pain,Neuralgia,Herniated Disk,0.2280022157921005,2.321135532241687,"['Herniated Disk', 'Fibromyalgia', 'Spinal Stenosis']"
nausea diarrhea burning abdominal pain fever upper abdominal pain,Diverticulitis,Appendicitis,0.4673222894451475,1.2672851561672365,"['Appendicitis', 'Diverticulitis', 'Acute Pancreatitis']"
anxiety and nervousness depression depressive or psychotic symptoms insomnia excessive anger temper problems,Schizophrenia,Dysthymic Disorder,0.1544664655688106,2.4934673019944475,"['Dysthymic Disorder', 'Psychotic Disorder', 'Bipolar Disorder']"
shortness of breath sharp chest pain chest tightness cough nasal congestion wheezing fever coughing up sputum coryza,Asthma,Chronic Obstructive Pulmonary Disease (Copd),0.5223231105123742,0.8794664021227091,"['Chronic Obstructive Pulmonary Disease (Copd)', 'Asthma', 'Acute Bronchitis']"
diminished hearing ear pain ringing in ear itchy ear s  fluid in ear,Sensorineural Hearing Loss,Otitis Externa (Swimmer'S Ear),0.6263081169059577,1.0793209576550495,"[""Otitis Externa (Swimmer'S Ear)"", 'Sensorineural Hearing Loss', 'Ear Drum Damage']"
abusing alcohol hostile behavior drug abuse delusions or hallucinations temper problems,Depression,Post-Traumatic Stress Disorder (Ptsd),0.41553439432324757,1.409360921272369,"['Post-Traumatic Stress Disorder (Ptsd)', 'Depression', 'Marijuana Abuse']"
sharp abdominal pain pelvic pain problems during pregnancy cramps and spasms,Vaginal Cyst,Problem During Pregnancy,0.4887180909247713,1.3262375340602597,"['Problem During Pregnancy', 'Threatened Pregnancy', 'Spontaneous Abortion']"
leg pain hip pain arm pain paresthesia shoulder pain lower body pain,Degenerative Disc Disease,Spinal Stenosis,0.3688626602453062,1.3456210669868849,"['Spinal Stenosis', 'Spondylosis', 'Degenerative Disc Disease']"
suprapubic pain vomiting painful urination frequent urination lower abdominal pain back pain low back pain,Pyelonephritis,Kidney Stone,0.5638284256819008,0.9404655195203396,"['Kidney Stone', 'Pyelonephritis', 'Urinary Tract Infection']"
blood in stool sharp abdominal pain changes in stool appearance,Gastrointestinal Hemorrhage,Gastroduodenal Ulcer,0.5144361032571496,1.5393431555401984,"['Gastroduodenal Ulcer', 'Chronic Constipation', 'Gastrointestinal Hemorrhage']"
pain in testicles involuntary urination symptoms of prostate excessive urination at night,Benign Prostatic Hyperplasia (Bph),Erectile Dysfunction,0.5899873901163669,1.032715990107217,"['Erectile Dysfunction', 'Benign Prostatic Hyperplasia (Bph)', 'Urinary Tract Obstruction']"
vomiting nausea decreased appetite fluid retention,Diabetic Ketoacidosis,Infectious Gastroenteritis,0.3527523988322997,1.8275685868861786,"['Infectious Gastroenteritis', 'Diabetic Ketoacidosis', 'Noninfectious Gastroenteritis']"
leg pain low back pain problems with movement lower body pain,Sciatica,Spinal Stenosis,0.3063781344913725,1.7915457683733438,"['Spinal Stenosis', 'Arthritis Of The Hip', 'Sciatica']"
suprapubic pain sharp abdominal pain vaginal discharge pelvic pain,Pelvic Inflammatory Disease,Vaginitis,0.33318850663245514,2.106501264184176,"['Vaginitis', 'Yeast Infection', 'Pelvic Inflammatory Disease']"
sharp abdominal pain lower abdominal pain back pain burning abdominal pain,Pelvic Inflammatory Disease,Vulvodynia,0.1431573144083698,3.2760517000028457,"['Vulvodynia', 'Diverticulitis', 'Appendicitis']"
abnormal appearing skin acne or pimples irregular appearing scalp skin dryness peeling scaliness or roughness skin irritation,Skin Disorder,Eczema,0.29481375874052274,2.059752459341877,"['Eczema', 'Skin Disorder', 'Skin Polyp']"
itching of skin itchy scalp skin rash,Fungal Infection Of The Hair,Psoriasis,0.37780070626444207,1.610906320563032,"['Psoriasis', 'Fungal Infection Of The Skin', 'Fungal Infection Of The Hair']"
anxiety and nervousness depression depressive or psychotic symptoms abusing alcohol hostile behavior temper problems,Depression,Post-Traumatic Stress Disorder (Ptsd),0.28812373159746585,2.231544457063052,"['Post-Traumatic Stress Disorder (Ptsd)', 'Psychotic Disorder', 'Depression']"
sharp abdominal pain vomiting nausea diarrhea decreased appetite fever,Hypovolemia,Infectious Gastroenteritis,0.26295367653873547,2.1230060424140373,"['Infectious Gastroenteritis', 'Appendicitis', 'Noninfectious Gastroenteritis']"
sharp chest pain back pain side pain rib pain hurts to breath,Fracture Of The Rib,Pleural Effusion,0.5340726421860377,0.9857144581704027,"['Pleural Effusion', 'Fracture Of The Rib', 'Injury To The Trunk']"
hip pain headache back pain neck pain loss of sensation,Spinal Stenosis,Neuralgia,0.6388420474345,1.2394162803788427,"['Neuralgia', 'Spinal Stenosis', 'Muscle Spasm']"
abnormal appearing skin skin dryness peeling scaliness or roughness,Skin Disorder,Rosacea,0.08303068128421465,3.4911543677469727,"['Rosacea', 'Seborrheic Dermatitis', 'Eczema']"
abnormal appearing skin skin moles skin dryness peeling scaliness or roughness,Acne,Contact Dermatitis,0.13383581645680193,2.975771526615744,"['Contact Dermatitis', 'Skin Disorder', 'Rosacea']"
suprapubic pain sharp abdominal pain lower abdominal pain,Vaginitis,Pyelonephritis,0.16245109286830686,3.4616694451409873,"['Pyelonephritis', 'Pelvic Inflammatory Disease', 'Cystitis']"
abnormal appearing skin skin lesion skin dryness peeling scaliness or roughness too little hair,Fungal Infection Of The Skin,Seborrheic Dermatitis,0.3953118532007635,1.8128637230820381,"['Seborrheic Dermatitis', 'Fungal Infection Of The Skin', 'Onychomycosis']"
sharp chest pain chest tightness sore throat cough fever coryza,Chronic Obstructive Pulmonary Disease (Copd),Acute Bronchospasm,0.47536939425369723,1.3385019708197097,"['Acute Bronchospasm', 'Chronic Obstructive Pulmonary Disease (Copd)', 'Esophagitis']"
symptoms of eye pain in eye eye burns or stings swollen eye,Cornea Infection,Blepharitis,0.3172206053084997,1.7172974979328846,"['Blepharitis', 'Conjunctivitis Due To Allergy', 'Cornea Infection']"
sore throat cough fever pulling at ears,Croup,Otitis Media,0.364442156788783,2.44830442286416,"['Otitis Media', 'Croup', 'Viral Exanthem']"
leg pain back pain low back pain knee pain,Chronic Pain Disorder,Sprain Or Strain,0.26352160764402227,2.3789728055776806,"['Sprain Or Strain', 'Spondylosis', 'Chronic Pain Disorder']"
skin growth skin moles itching of skin warts skin rash,Skin Pigmentation Disorder,Seborrheic Keratosis,0.5553653287797482,1.0327136067358522,"['Seborrheic Keratosis', 'Skin Pigmentation Disorder', 'Psoriasis']"
vomiting nausea vaginal discharge intermenstrual bleeding pelvic pain,Pelvic Inflammatory Disease,Ovarian Cyst,0.5540333053538105,1.2569080397109258,"['Ovarian Cyst', 'Pelvic Inflammatory Disease', 'Vaginal Cyst']"
skin swelling lip swelling abnormal appearing skin fluid retention itching of skin,Allergy,Insect Bite,0.42140189641822967,1.6581416178855375,"['Insect Bite', 'Allergy', 'Envenomation From Spider Or Animal Bite']"
leg pain arm pain neck pain low back pain paresthesia shoulder pain lower body pain,Degenerative Disc Disease,Spondylosis,0.3434396987308369,1.3143940086845491,"['Spondylosis', 'Degenerative Disc Disease', 'Spinal Stenosis']"
vomiting decreased appetite skin rash,Herpangina,Viral Exanthem,0.328231581281454,2.71639657977181,"['Viral Exanthem', 'Strep Throat', 'Herpangina']"
leg pain headache arm pain back pain neck pain low back pain,Muscle Spasm,Sprain Or Strain,0.23221087733512746,1.9504985570950457,"['Sprain Or Strain', 'Muscle Spasm', 'Spinal Stenosis']"
shortness of breath sharp chest pain dizziness chest tightness weight gain,Paroxysmal Ventricular Tachycardia,Heart Block,0.4206604496955854,1.825963933183576,"['Heart Block', 'Paroxysmal Ventricular Tachycardia', 'Heart Failure']"
sharp abdominal pain nausea back pain burning abdominal pain side pain lower body pain,Acute Pancreatitis,Gallstone,0.3178927930027535,1.7910717396416835,"['Gallstone', 'Cholecystitis', 'Acute Pancreatitis']"
suprapubic pain sharp abdominal pain vaginal itching painful urination pain during pregnancy,Vaginitis,Benign Vaginal Discharge (Leukorrhea),0.5670387747604829,1.2925536093039365,"['Benign Vaginal Discharge (Leukorrhea)', 'Vaginitis', 'Urethritis']"
dizziness abnormal involuntary movements weakness focal weakness,Parkinson Disease,Multiple Sclerosis,0.6177029157349648,1.7467363470563524,"['Multiple Sclerosis', 'Parkinson Disease', 'Bell Palsy']"
hip pain ankle pain,Fracture Of The Leg,Tendinitis,0.4377556772370674,2.214777885392603,"['Tendinitis', 'Osteoarthritis', 'Fracture Of The Leg']"
leg pain low back pain shoulder pain,Herniated Disk,Chronic Pain Disorder,0.26690235383766575,2.6160394542558008,"['Chronic Pain Disorder', 'Sprain Or Strain', 'Neuralgia']"
facial pain ear pain fever coryza painful sinuses,Nose Disorder,Acute Sinusitis,0.5053115708766241,1.149735958820517,"['Acute Sinusitis', 'Nose Disorder', 'Chronic Sinusitis']"
sore throat cough wheezing coughing up sputum,Acute Bronchitis,Chronic Obstructive Pulmonary Disease (Copd),0.422026388589925,2.0326809258058764,"['Chronic Obstructive Pulmonary Disease (Copd)', 'Acute Bronchitis', 'Acute Sinusitis']"
symptoms of eye spots or clouds in vision lacrimation itchiness of eye eye burns or stings,Cornea Infection,Blepharitis,0.3723566509083051,1.5151495929753935,"['Blepharitis', 'Chronic Glaucoma', 'Cornea Infection']"
leg pain hand or finger pain wrist pain foot or toe pain shoulder pain,Tendinitis,Mononeuritis,0.37979352129177296,1.304519528029189,"['Mononeuritis', 'Tendinitis', 'Sprain Or Strain']"
anxiety and nervousness depression depressive or psychotic symptoms hostile behavior drug abuse temper problems low self esteem,Marijuana Abuse,Personality Disorder,0.5428240072643421,1.3606384858520846,"['Personality Disorder', 'Marijuana Abuse', 'Alcohol Abuse']"
blood in stool vomiting nausea burning abdominal pain fever,Noninfectious Gastroenteritis,Diverticulitis,0.4022044837411775,1.9074624422734845,"['Diverticulitis', 'Noninfectious Gastroenteritis', 'Infectious Gastroenteritis']"
abnormal appearing skin acne or pimples irregular appearing scalp itching of skin skin irritation skin rash,Eczema,Seborrheic Keratosis,0.36406417013755393,1.7019815870779285,"['Seborrheic Keratosis', 'Fungal Infection Of The Hair', 'Eczema']"
anxiety and nervousness drug abuse excessive anger fears and phobias low self esteem,Personality Disorder,Marijuana Abuse,0.5374793241290878,0.9675847822951378,"['Marijuana Abuse', 'Personality Disorder', 'Schizophrenia']"
leg pain hip pain neck pain,Degenerative Disc Disease,Spondylolisthesis,0.16571261328123083,2.753636772794826,"['Spondylolisthesis', 'Fibromyalgia', 'Neuralgia']"
sore throat nasal congestion headache difficulty breathing nosebleed,Deviated Nasal Septum,Nose Disorder,0.5793153724786824,1.4131713421912884,"['Nose Disorder', 'Deviated Nasal Septum', 'Acute Bronchitis']"
blood in stool nausea decreased appetite chills,Noninfectious Gastroenteritis,Infectious Gastroenteritis,0.48192317493323983,1.7802625561070702,"['Infectious Gastroenteritis', 'Noninfectious Gastroenteritis', 'Choledocholithiasis']"
low back pain problems with movement leg cramps or spasms,Sciatica,Spondylolisthesis,0.5355998420413529,1.3761830199565634,"['Spondylolisthesis', 'Sciatica', 'Complex Regional Pain Syndrome']"
hand or finger pain back pain paresthesia,Brachial Neuritis,Complex Regional Pain Syndrome,0.3766783169991351,2.118590482118914,"['Complex Regional Pain Syndrome', 'Brachial Neuritis', 'Carpal Tunnel Syndrome']"
skin swelling abnormal appearing skin skin growth irregular appearing scalp itching of skin warts skin rash,Seborrheic Keratosis,Skin Pigmentation Disorder,0.4446904845672267,1.432513978446487,"['Skin Pigmentation Disorder', 'Seborrheic Keratosis', 'Eczema']"
skin swelling acne or pimples itching of skin skin dryness peeling scaliness or roughness warts,Eczema,Skin Polyp,0.2758907225185911,2.0244626443892204,"['Skin Polyp', 'Eczema', 'Skin Pigmentation Disorder']"
sharp abdominal pain nausea,Idiopathic Absence Of Menstruation,Pyelonephritis,0.14342955863303145,3.921659665189849,"['Pyelonephritis', 'Irritable Bowel Syndrome', 'Pain After An Operation']"
leg pain arm pain back pain low back pain loss of sensation shoulder pain ache all over,Neuralgia,Spondylosis,0.49697328819429254,1.4499200004048625,"['Spondylosis', 'Neuralgia', 'Herniated Disk']"
depression abusing alcohol drug abuse,Marijuana Abuse,Depression,0.19511873715865666,2.670110741371145,"['Depression', 'Marijuana Abuse', 'Drug Abuse (Opioids)']"
skin swelling lip swelling skin moles skin dryness peeling scaliness or roughness,Hemangioma,Skin Cancer,0.4802804801193674,1.9961328211451475,"['Skin Cancer', 'Hemangioma', 'Contact Dermatitis']"
hand or finger pain wrist pain wrist swelling loss of sensation,Carpal Tunnel Syndrome,Injury To The Arm,0.41597932494994383,1.7133382299590347,"['Injury To The Arm', 'Carpal Tunnel Syndrome', 'Rheumatoid Arthritis']"
blood in stool sharp abdominal pain vomiting headache decreased appetite fever,Noninfectious Gastroenteritis,Infectious Gastroenteritis,0.46535743566707766,1.266262393272894,"['Infectious Gastroenteritis', 'Noninfectious Gastroenteritis', 'Strep Throat']"
ear pain redness in ear,Conductive Hearing Loss,Otitis Externa (Swimmer'S Ear),0.13730500436185974,3.192058982600988,"[""Otitis Externa (Swimmer'S Ear)"", 'Acute Otitis Media', 'Eustachian Tube Dysfunction (Ear Disorder)']"
sharp chest pain chest tightness nausea,Esophagitis,Heart Attack,0.21909841161956595,3.40492150741032,"['Heart Attack', 'Esophagitis', 'Gastroesophageal Reflux Disease (Gerd)']"
low back pain loss of sensation leg cramps or spasms leg weakness,Sciatica,Spondylolisthesis,0.6124171577621309,1.0145818182213273,"['Spondylolisthesis', 'Sciatica', 'Herniated Disk']"
anxiety and nervousness depression depressive or psychotic symptoms insomnia hostile behavior excessive anger delusions or hallucinations temper problems,Psychotic Disorder,Post-Traumatic Stress Disorder (Ptsd),0.2599278624909852,1.9321487079098627,"['Post-Traumatic Stress Disorder (Ptsd)', 'Personality Disorder', 'Psychotic Disorder']"
symptoms of eye abnormal movement of eyelid spots or clouds in vision blindness,Macular Degeneration,Cataract,0.5181963048954735,1.3671594156171354,"['Cataract', 'Macular Degeneration', 'Diabetic Retinopathy']"
suprapubic pain frequent urination blood in urine side pain,Cystitis,Urinary Tract Infection,0.2489161199860024,2.26077072832401,"['Urinary Tract Infection', 'Urinary Tract Obstruction', 'Cystitis']"
vomiting nausea diarrhea rectal bleeding,Noninfectious Gastroenteritis,Gastrointestinal Hemorrhage,0.3907383210226823,1.969732191922498,"['Gastrointestinal Hemorrhage', 'Diverticulosis', 'Noninfectious Gastroenteritis']"
anxiety and nervousness depression depressive or psychotic symptoms insomnia hostile behavior temper problems fears and phobias low self esteem,Personality Disorder,Schizophrenia,0.5434244571652462,0.9362855909415501,"['Schizophrenia', 'Personality Disorder', 'Marijuana Abuse']"
leg pain foot or toe swelling,Lymphedema,Injury To The Leg,0.3215986983011239,2.540611069366355,"['Injury To The Leg', 'Diabetic Peripheral Neuropathy', 'Pyogenic Skin Infection']"
skin lesion acne or pimples skin growth skin moles itching of skin warts skin rash,Skin Pigmentation Disorder,Seborrheic Keratosis,0.5566061597655114,0.9956597409026507,"['Seborrheic Keratosis', 'Skin Pigmentation Disorder', 'Skin Polyp']"
depressive or psychotic symptoms hostile behavior drug abuse,Marijuana Abuse,Post-Traumatic Stress Disorder (Ptsd),0.1805735565631395,2.660870927488737,"['Post-Traumatic Stress Disorder (Ptsd)', 'Attention Deficit Hyperactivity Disorder (Adhd)', 'Neurosis']"
sharp chest pain sharp abdominal pain heartburn upper abdominal pain,Gastroduodenal Ulcer,Esophagitis,0.24637580306799972,2.212744995050539,"['Esophagitis', 'Gallstone', 'Hiatal Hernia']"
retention of urine excessive urination at night,Erectile Dysfunction,Urinary Tract Obstruction,0.2821189068723792,2.507162796351833,"['Urinary Tract Obstruction', 'Urge Incontinence', 'Benign Prostatic Hyperplasia (Bph)']"
shortness of breath chest tightness cough wheezing difficulty breathing coryza,Acute Bronchospasm,Asthma,0.43933285658993565,1.642318798816421,"['Asthma', 'Acute Bronchospasm', 'Acute Respiratory Distress Syndrome (Ards)']"
headache allergic reaction,Drug Reaction,Seasonal Allergies (Hay Fever),0.17960004796169698,3.6575213212017617,"['Seasonal Allergies (Hay Fever)', 'Deviated Nasal Septum', 'Drug Reaction']"
leg pain arm pain,Sickle Cell Crisis,Herniated Disk,0.1495756021600775,3.1311809709512444,"['Herniated Disk', 'Thrombophlebitis', 'Peripheral Nerve Disorder']"
vomiting pulling at ears skin rash,Diaper Rash,Viral Exanthem,0.36029481864719387,2.498847761519028,"['Viral Exanthem', 'Diaper Rash', 'Otitis Media']"
leg pain hip pain back pain neck pain loss of sensation paresthesia leg weakness,Herniated Disk,Spondylolisthesis,0.4921743775681151,1.0897842617688698,"['Spondylolisthesis', 'Herniated Disk', 'Degenerative Disc Disease']"
suprapubic pain painful urination lower abdominal pain symptoms of bladder,Cystitis,Temporary Or Benign Blood In Urine,0.43836107199482116,1.5129711319324242,"['Temporary Or Benign Blood In Urine', 'Cystitis', 'Bladder Disorder']"
double vision symptoms of eye abnormal movement of eyelid spots or clouds in vision itchiness of eye blindness,Macular Degeneration,Cataract,0.5225607958596773,0.9436494012028767,"['Cataract', 'Macular Degeneration', 'Diabetic Retinopathy']"
painful urination frequent urination blood in urine symptoms of bladder,Temporary Or Benign Blood In Urine,Bladder Disorder,0.2889718085325392,2.2499563098508553,"['Bladder Disorder', 'Temporary Or Benign Blood In Urine', 'Urge Incontinence']"
hip pain arm pain neck pain low back pain loss of sensation paresthesia,Spondylosis,Herniated Disk,0.31153525871311677,1.787571327965898,"['Herniated Disk', 'Spondylosis', 'Degenerative Disc Disease']"
depression delusions or hallucinations fears and phobias,Schizophrenia,Adjustment Reaction,0.22496221707878283,3.026816328074264,"['Adjustment Reaction', 'Personality Disorder', 'Bipolar Disorder']"
hip pain neck pain paresthesia,Herniated Disk,Spondylosis,0.23761397299410972,2.5494296056456105,"['Spondylosis', 'Degenerative Disc Disease', 'Herniated Disk']"
hip pain arm pain neck pain low back pain shoulder pain ache all over,Neuralgia,Spondylosis,0.4346092121379581,1.35755442635541,"['Spondylosis', 'Neuralgia', 'Herniated Disk']"
abnormal appearing skin skin lesion acne or pimples skin moles itching of skin skin irritation,Contact Dermatitis,Skin Disorder,0.3538940192636308,1.799724319050511,"['Skin Disorder', 'Seborrheic Keratosis', 'Skin Polyp']"
skin swelling irregular appearing scalp skin moles skin dryness peeling scaliness or roughness skin irritation,Actinic Keratosis,Skin Polyp,0.26673025615164436,2.1494367273309916,"['Skin Polyp', 'Skin Disorder', 'Skin Cancer']"
sharp abdominal pain nausea diarrhea fever,Appendicitis,Gastritis,0.184736533090589,3.029077415809769,"['Gastritis', 'Diverticulitis', 'Hypovolemia']"
arm pain back pain low back pain,Sickle Cell Crisis,Sprain Or Strain,0.1383944804533681,3.1249712381400983,"['Sprain Or Strain', 'Fibromyalgia', 'Muscle Spasm']"
skin swelling skin lesion acne or pimples irregular appearing scalp skin moles,Skin Polyp,Skin Pigmentation Disorder,0.25363857033006976,2.416725303622183,"['Skin Pigmentation Disorder', 'Skin Polyp', 'Sebaceous Cyst']"
leg pain hand or finger pain wrist pain arm pain foot or toe pain ankle pain,Sprain Or Strain,Mononeuritis,0.4137646424088645,1.236964059022983,"['Mononeuritis', 'Tendinitis', 'Sprain Or Strain']"
skin swelling toothache jaw swelling pain in gums,Dental Caries,Tooth Abscess,0.4977600757493818,1.9722050158805595,"['Tooth Abscess', 'Dental Caries', 'Gum Disease']"
diminished vision symptoms of eye foreign body sensation in eye spots or clouds in vision eye redness lacrimation itchiness of eye,Cornea Infection,Glaucoma,0.26188735380636297,1.8657682775966964,"['Glaucoma', 'Dry Eye Of Unknown Cause', 'Cornea Infection']"
arm stiffness or tightness shoulder pain shoulder stiffness or tightness elbow swelling,Bursitis,Fracture Of The Arm,0.5822346644446288,1.1410793414506175,"['Fracture Of The Arm', 'Bursitis', 'Injury To The Shoulder']"
abnormal appearing skin itching of skin skin dryness peeling scaliness or roughness too little hair,Fungal Infection Of The Skin,Seborrheic Dermatitis,0.4223147757219729,1.7721627404726465,"['Seborrheic Dermatitis', 'Fungal Infection Of The Skin', 'Onychomycosis']"
retention of urine sharp abdominal pain vomiting nausea pain of the anus,Intestinal Obstruction,Chronic Constipation,0.5632913444095055,1.6991823188435613,"['Chronic Constipation', 'Intestinal Obstruction', 'Acute Kidney Injury']"
shortness of breath rib pain,Pleural Effusion,Fracture Of The Rib,0.28640566050726163,3.9906474038358337,"['Fracture Of The Rib', 'Pleural Effusion', 'Concussion']"
skin lesion irregular appearing scalp itching of skin itchy scalp,Fungal Infection Of The Hair,Fungal Infection Of The Skin,0.3639917284227857,1.6269564523610636,"['Fungal Infection Of The Skin', 'Psoriasis', 'Fungal Infection Of The Hair']"
headache hand or finger pain arm pain back pain low back pain shoulder pain,Brachial Neuritis,Sprain Or Strain,0.598101830496896,1.0139602545883428,"['Sprain Or Strain', 'Brachial Neuritis', 'Neuralgia']"
sore throat nasal congestion diminished hearing abnormal breathing sounds swollen or red tonsils,Tonsillitis,Eustachian Tube Dysfunction (Ear Disorder),0.6874581925165,1.055255718392101,"['Eustachian Tube Dysfunction (Ear Disorder)', 'Tonsillitis', 'Interstitial Lung Disease']"
abnormal appearing skin acne or pimples skin growth irregular appearing scalp skin moles skin dryness peeling scaliness or roughness warts,Skin Polyp,Skin Pigmentation Disorder,0.5597637721269659,1.3866133768028894,"['Skin Pigmentation Disorder', 'Skin Polyp', 'Acne']"
vaginal discharge cramps and spasms blood clots during menstrual periods painful menstruation,Idiopathic Painful Menstruation,Idiopathic Excessive Menstruation,0.5213128667328736,1.1117901884169514,"['Idiopathic Excessive Menstruation', 'Idiopathic Painful Menstruation', 'Threatened Pregnancy']"
lower abdominal pain pelvic pain problems during pregnancy spotting or bleeding during pregnancy cramps and spasms,Threatened Pregnancy,Problem During Pregnancy,0.5568045562287773,1.176813298859416,"['Problem During Pregnancy', 'Threatened Pregnancy', 'Vaginal Cyst']"
depressive or psychotic symptoms insomnia excessive anger delusions or hallucinations temper problems,Drug Abuse (Opioids),Schizophrenia,0.18892708493838262,2.378069708341742,"['Schizophrenia', 'Personality Disorder', 'Bipolar Disorder']"
retention of urine suprapubic pain sharp abdominal pain painful urination involuntary urination frequent urination lower abdominal pain blood in urine symptoms of bladder,Temporary Or Benign Blood In Urine,Bladder Disorder,0.39421535785403833,1.200473999380415,"['Bladder Disorder', 'Temporary Or Benign Blood In Urine', 'Cystitis']"
abnormal appearing skin skin growth,Rosacea,Skin Disorder,0.08191926743934891,3.663380891994811,"['Skin Disorder', 'Seborrheic Keratosis', 'Rosacea']"
sharp abdominal pain vomiting headache diarrhea decreased appetite fever,Infectious Gastroenteritis,Noninfectious Gastroenteritis,0.4621219697115769,1.4774456117436876,"['Noninfectious Gastroenteritis', 'Infectious Gastroenteritis', 'Hypovolemia']"
lower abdominal pain pelvic pain cramps and spasms blood clots during menstrual periods,Vaginal Cyst,Threatened Pregnancy,0.32713336511500535,1.9461490716773757,"['Threatened Pregnancy', 'Idiopathic Painful Menstruation', 'Vaginal Cyst']"
skin swelling abnormal appearing skin skin lesion irregular appearing scalp warts,Skin Cancer,Skin Polyp,0.1929913300851699,2.5843603548439695,"['Skin Polyp', 'Skin Cancer', 'Skin Pigmentation Disorder']"
diminished vision double vision symptoms of eye pain in eye abnormal movement of eyelid foreign body sensation in eye spots or clouds in vision lacrimation,Diabetic Retinopathy,Dry Eye Of Unknown Cause,0.32662556096379225,1.3007069916837783,"['Dry Eye Of Unknown Cause', 'Diabetic Retinopathy', 'Macular Degeneration']"
blood in stool sharp abdominal pain nausea burning abdominal pain decreased appetite chills,Infectious Gastroenteritis,Noninfectious Gastroenteritis,0.5214692788699267,1.2041505924718368,"['Noninfectious Gastroenteritis', 'Infectious Gastroenteritis', 'Diverticulitis']"
suprapubic pain painful urination back pain,Temporary Or Benign Blood In Urine,Urinary Tract Obstruction,0.25762222141714813,2.827334320622797,"['Urinary Tract Obstruction', 'Urinary Tract Infection', 'Cystitis']"
depression abusing alcohol hostile behavior temper problems,Psychotic Disorder,Post-Traumatic Stress Disorder (Ptsd),0.30120577820937205,2.3938956706721193,"['Post-Traumatic Stress Disorder (Ptsd)', 'Depression', 'Conduct Disorder']"
sharp chest pain leg pain hip pain arm pain ache all over,Fibromyalgia,Sickle Cell Crisis,0.5017654131210757,1.1351052964783712,"['Sickle Cell Crisis', 'Fibromyalgia', 'Spondylosis']"
sore throat cough fever,Lymphadenitis,Flu,0.10114928187678832,3.5459582532145806,"['Flu', 'Conjunctivitis', 'Interstitial Lung Disease']"
burning abdominal pain stomach bloating,Indigestion,Appendicitis,0.3971470356663801,1.821630501486632,"['Appendicitis', 'Cholecystitis', 'Indigestion']"
skin swelling abnormal appearing skin skin lesion acne or pimples irregular appearing scalp skin moles,Seborrheic Keratosis,Skin Pigmentation Disorder,0.17098041968279973,2.557955864292178,"['Skin Pigmentation Disorder', 'Skin Polyp', 'Skin Disorder']"
leg pain hip pain back pain neck pain paresthesia lower body pain,Spinal Stenosis,Spondylosis,0.3520342527538844,1.7454677873920277,"['Spondylosis', 'Spinal Stenosis', 'Degenerative Disc Disease']"
sharp abdominal pain lower abdominal pain pelvic pain cramps and spasms blood clots during menstrual periods heavy menstrual flow,Spontaneous Abortion,Idiopathic Painful Menstruation,0.3975493261072806,1.627988448183708,"['Idiopathic Painful Menstruation', 'Vaginal Cyst', 'Spontaneous Abortion']"
sharp abdominal pain vomiting nausea upper abdominal pain,Gastroduodenal Ulcer,Esophagitis,0.2761148568694959,2.8849620693715026,"['Esophagitis', 'Diverticulosis', 'Diverticulitis']"
cough nasal congestion diminished vision eye redness lacrimation itchiness of eye swollen eye,Conjunctivitis Due To Allergy,Conjunctivitis Due To Virus,0.604695192095011,1.0615703648616361,"['Conjunctivitis Due To Virus', 'Conjunctivitis Due To Allergy', 'Cornea Infection']"
white discharge from eye diminished vision symptoms of eye pain in eye eye redness lacrimation itchiness of eye,Dry Eye Of Unknown Cause,Corneal Abrasion,0.33649809863500696,1.954774553410171,"['Corneal Abrasion', 'Corneal Disorder', 'Dry Eye Of Unknown Cause']"
skin swelling skin growth skin moles skin dryness peeling scaliness or roughness skin irritation,Skin Polyp,Actinic Keratosis,0.23848524181170913,2.168253482770821,"['Actinic Keratosis', 'Skin Polyp', 'Skin Disorder']"
ankle pain foot or toe swelling,Gout,Injury To The Leg,0.40816360764194964,1.9035604609496481,"['Injury To The Leg', 'Gout', 'Diabetic Peripheral Neuropathy']"
hip pain arm pain back pain neck pain low back pain shoulder pain,Degenerative Disc Disease,Herniated Disk,0.2374168671702155,2.063847214064172,"['Herniated Disk', 'Spondylosis', 'Neuralgia']"
skin swelling abnormal appearing skin skin lesion skin growth skin moles itching of skin skin dryness peeling scaliness or roughness,Rosacea,Skin Polyp,0.1760779166852032,2.381037198314523,"['Skin Polyp', 'Skin Disorder', 'Psoriasis']"
hip pain arm pain back pain neck pain low back pain,Fibromyalgia,Herniated Disk,0.1985389112684391,2.4067588633017305,"['Herniated Disk', 'Fibromyalgia', 'Spondylosis']"
white discharge from eye symptoms of eye lacrimation,Corneal Disorder,Corneal Abrasion,0.2621902455164657,2.4047667468268297,"['Corneal Abrasion', 'Chronic Glaucoma', 'Corneal Disorder']"
leg pain hip pain arm pain low back pain,Herniated Disk,Fibromyalgia,0.25241237157579566,2.382561894915841,"['Fibromyalgia', 'Sickle Cell Crisis', 'Herniated Disk']"
skin swelling abnormal appearing skin skin lesion skin moles,Skin Polyp,Contact Dermatitis,0.08384666461815041,3.196847683338498,"['Contact Dermatitis', 'Rosacea', 'Viral Warts']"
abnormal appearing skin irregular appearing scalp itching of skin,Actinic Keratosis,Seborrheic Keratosis,0.11126203284361523,3.4250302974666464,"['Seborrheic Keratosis', 'Skin Disorder', 'Skin Pigmentation Disorder']"
skin swelling skin growth irregular appearing scalp skin moles itching of skin skin dryness peeling scaliness or roughness skin irritation,Skin Polyp,Skin Disorder,0.3189080385301958,1.7681184308037783,"['Skin Disorder', 'Skin Polyp', 'Actinic Keratosis']"
double vision pain in eye itchiness of eye,Macular Degeneration,Corneal Disorder,0.22431841557529078,2.5625437474472172,"['Corneal Disorder', 'Cataract', 'Macular Degeneration']"
leg pain hip pain back pain neck pain problems with movement loss of sensation,Spinal Stenosis,Spondylolisthesis,0.46676922284275085,1.3770779312297696,"['Spondylolisthesis', 'Spinal Stenosis', 'Complex Regional Pain Syndrome']"
arm pain back pain paresthesia,Spondylosis,Peripheral Nerve Disorder,0.15852734554054923,2.9530929029177795,"['Peripheral Nerve Disorder', 'Complex Regional Pain Syndrome', 'Herniated Disk']"
diminished vision foreign body sensation in eye itchiness of eye,Diabetic Retinopathy,Glaucoma,0.1300828672342992,2.8615984705027353,"['Glaucoma', 'Diabetic Retinopathy', 'Dry Eye Of Unknown Cause']"
leg pain foot or toe pain paresthesia,Diabetic Peripheral Neuropathy,Complex Regional Pain Syndrome,0.37938240428633596,2.0940451769159876,"['Complex Regional Pain Syndrome', 'Peripheral Nerve Disorder', 'Diabetic Peripheral Neuropathy']"
skin swelling skin growth irregular appearing scalp skin moles,Skin Polyp,Skin Pigmentation Disorder,0.17493631561102463,2.5315733311122597,"['Skin Pigmentation Disorder', 'Psoriasis', 'Hemangioma']"
leg pain problems with movement loss of sensation,Diabetic Peripheral Neuropathy,Peripheral Nerve Disorder,0.26123607565553697,2.186962347406557,"['Peripheral Nerve Disorder', 'Sciatica', 'Complex Regional Pain Syndrome']"
depression obsessions and compulsions,Neurosis,Bipolar Disorder,0.45345121281600753,1.7496922637900265,"['Bipolar Disorder', 'Neurosis', 'Obsessive Compulsive Disorder (Ocd)']"
sharp abdominal pain intermenstrual bleeding cramps and spasms heavy menstrual flow unpredictable menstruation,Uterine Fibroids,Idiopathic Irregular Menstrual Cycle,0.41994620946167016,1.5003924134626991,"['Idiopathic Irregular Menstrual Cycle', 'Uterine Fibroids', 'Idiopathic Excessive Menstruation']"
abnormal appearing skin skin lesion acne or pimples skin dryness peeling scaliness or roughness,Contact Dermatitis,Seborrheic Dermatitis,0.12778153427528735,2.7474401433789986,"['Seborrheic Dermatitis', 'Rosacea', 'Skin Disorder']"
suprapubic pain vomiting frequent urination side pain,Kidney Stone,Urinary Tract Infection,0.4089004766282337,1.6846509651116124,"['Urinary Tract Infection', 'Kidney Stone', 'Pyelonephritis']"
skin swelling skin lesion acne or pimples skin moles skin dryness peeling scaliness or roughness warts,Skin Polyp,Skin Pigmentation Disorder,0.4338849715677861,1.6115447145770017,"['Skin Pigmentation Disorder', 'Skin Polyp', 'Contact Dermatitis']"
skin growth irregular appearing scalp skin moles itching of skin,Skin Disorder,Skin Pigmentation Disorder,0.26509542981052936,2.0658761803671064,"['Skin Pigmentation Disorder', 'Seborrheic Keratosis', 'Skin Polyp']"
cough nasal congestion abnormal appearing skin,Food Allergy,Impetigo,0.1962200649439468,3.719949762513108,"['Impetigo', 'Food Allergy', 'Viral Exanthem']"
diminished vision symptoms of eye pain in eye,Blepharitis,Conjunctivitis Due To Allergy,0.11548780793612785,3.3422846319896427,"['Conjunctivitis Due To Allergy', 'Chalazion', 'Eye Alignment Disorder']"
skin swelling skin growth irregular appearing scalp skin dryness peeling scaliness or roughness itchy scalp,Fungal Infection Of The Hair,Psoriasis,0.5507704835171495,1.4820307677435394,"['Psoriasis', 'Fungal Infection Of The Hair', 'Fungal Infection Of The Skin']"
cough weakness fever,Pulmonary Congestion,Pneumonia,0.21655443774873745,3.2818156207735854,"['Pneumonia', 'Sepsis', 'Pulmonary Congestion']"
pain during pregnancy cramps and spasms,Vulvodynia,Vaginal Cyst,0.3021605593387028,2.002764032263177,"['Vaginal Cyst', 'Problem During Pregnancy', 'Spontaneous Abortion']"
leg pain hip pain arm pain neck pain shoulder pain,Spinal Stenosis,Herniated Disk,0.2628718387193424,2.0188958904249312,"['Herniated Disk', 'Spondylosis', 'Neuralgia']"
pain in testicles frequent urination impotence,Erectile Dysfunction,Benign Prostatic Hyperplasia (Bph),0.5778864302704672,2.1719934760724913,"['Benign Prostatic Hyperplasia (Bph)', 'Erectile Dysfunction', 'Prostatitis']"
sharp abdominal pain lower abdominal pain vaginal discharge problems during pregnancy spotting or bleeding during pregnancy cramps and spasms blood clots during menstrual periods,Vaginal Cyst,Threatened Pregnancy,0.5748060529626547,0.8859117077314964,"['Threatened Pregnancy', 'Vaginal Cyst', 'Spontaneous Abortion']"
pain in eye abnormal movement of eyelid itchiness of eye,Macular Degeneration,Diabetic Retinopathy,0.30892155157703494,2.5722765670979437,"['Diabetic Retinopathy', 'Dry Eye Of Unknown Cause', 'Macular Degeneration']"
knee pain ankle pain knee swelling problems with movement leg swelling,Injury To The Leg,Fracture Of The Leg,0.5561299722315661,1.104972211114143,"['Fracture Of The Leg', 'Injury To The Leg', 'Joint Effusion']"
sharp abdominal pain vomiting painful urination frequent urination lower abdominal pain low back pain,Kidney Stone,Pyelonephritis,0.48139114985428233,0.9737693290716614,"['Pyelonephritis', 'Kidney Stone', 'Bladder Disorder']"
diminished vision double vision symptoms of eye pain in eye spots or clouds in vision lacrimation itchiness of eye,Cataract,Corneal Disorder,0.26910133997943725,2.0213928350990447,"['Corneal Disorder', 'Macular Degeneration', 'Cataract']"
hip pain sharp abdominal pain knee pain ache all over,Chronic Pain Disorder,Sickle Cell Crisis,0.4678381633915324,1.2345607394327762,"['Sickle Cell Crisis', 'Chronic Pain Disorder', 'Spondylosis']"
skin swelling skin lesion itching of skin,Actinic Keratosis,Insect Bite,0.10677158045955087,3.5063171203420995,"['Insect Bite', 'Impetigo', 'Skin Polyp']"
nausea painful urination lower abdominal pain vaginal discharge back pain burning abdominal pain,Pelvic Inflammatory Disease,Vulvodynia,0.5776885019721537,0.8295142448250952,"['Vulvodynia', 'Pelvic Inflammatory Disease', 'Ovarian Cyst']"
sharp chest pain cough vomiting fever difficulty breathing,Pneumonia,Acute Bronchospasm,0.5583284459283527,1.5689385597450816,"['Acute Bronchospasm', 'Pneumonia', 'Asthma']"
intermenstrual bleeding unpredictable menstruation,Idiopathic Excessive Menstruation,Uterine Fibroids,0.31245181029561675,3.0379489867599894,"['Uterine Fibroids', 'Idiopathic Excessive Menstruation', 'Idiopathic Irregular Menstrual Cycle']"
skin swelling abnormal appearing skin skin lesion acne or pimples irregular appearing scalp itchy scalp skin rash,Fungal Infection Of The Hair,Fungal Infection Of The Skin,0.46206710061295975,1.561276225847633,"['Fungal Infection Of The Skin', 'Fungal Infection Of The Hair', 'Psoriasis']"
vomiting nausea back pain upper abdominal pain regurgitation 1,Cholecystitis,Gallstone,0.5634254459124023,1.1070708287785467,"['Gallstone', 'Cholecystitis', 'Hiatal Hernia']"
blood in stool headache decreased appetite chills fluid retention,Noninfectious Gastroenteritis,Infectious Gastroenteritis,0.494977351778667,0.95783622729694,"['Infectious Gastroenteritis', 'Noninfectious Gastroenteritis', 'Strep Throat']"
shortness of breath chest tightness cough nasal congestion wheezing difficulty breathing coryza,Asthma,Acute Bronchospasm,0.45871828628969363,1.2621505475941985,"['Acute Bronchospasm', 'Asthma', 'Acute Bronchiolitis']"
blood in stool sharp abdominal pain diarrhea heartburn upper abdominal pain,Diverticulosis,Liver Disease,0.46068152930680106,1.6421199246327598,"['Liver Disease', 'Diverticulosis', 'Gastroduodenal Ulcer']"
dizziness difficulty speaking headache,Concussion,Stroke,0.257008945338497,2.630596200615337,"['Stroke', 'Transient Ischemic Attack', 'Concussion']"
skin swelling abnormal appearing skin skin lesion skin growth skin moles skin dryness peeling scaliness or roughness,Rosacea,Skin Polyp,0.14258453588344056,2.6680282635176087,"['Skin Polyp', 'Rosacea', 'Psoriasis']"
skin swelling abnormal appearing skin acne or pimples irregular appearing scalp skin moles itching of skin skin irritation,Skin Polyp,Skin Disorder,0.32045382245668136,1.6552461509512724,"['Skin Disorder', 'Skin Polyp', 'Seborrheic Keratosis']"
fainting excessive anger,Oppositional Disorder,Conduct Disorder,0.31134916423485937,3.7708693703449088,"['Conduct Disorder', 'Oppositional Disorder', 'Smoking Or Tobacco Addiction']"
leg pain arm pain back pain neck pain low back pain loss of sensation paresthesia lower body pain,Spinal Stenosis,Spondylosis,0.33341327965296386,1.4456602866947703,"['Spondylosis', 'Degenerative Disc Disease', 'Spinal Stenosis']"
diminished vision swollen eye eyelid swelling,Chalazion,Blepharitis,0.44056965456783853,1.551800998082007,"['Blepharitis', 'Chalazion', 'Stye']"
skin swelling skin growth irregular appearing nails skin dryness peeling scaliness or roughness,Onychomycosis,Hemangioma,0.37578341895683104,2.2251585448935165,"['Hemangioma', 'Onychomycosis', 'Ingrown Toe Nail']"
anxiety and nervousness depression depressive or psychotic symptoms insomnia abnormal involuntary movements palpitations,Anxiety,Panic Disorder,0.47191693491111014,1.3489363742849794,"['Panic Disorder', 'Anxiety', 'Acute Stress Reaction']"
sharp abdominal pain side pain groin pain,Epididymitis,Chronic Back Pain,0.23980132918678093,3.5284055981877342,"['Chronic Back Pain', 'Inguinal Hernia', 'Arthritis Of The Hip']"
anxiety and nervousness abusing alcohol smoking problems,Alcohol Abuse,Drug Abuse,0.5970691727223784,2.0038259291384675,"['Drug Abuse', 'Alcohol Abuse', 'Smoking Or Tobacco Addiction']"
wrist pain hand or finger swelling wrist swelling knee pain,Rheumatoid Arthritis,Gout,0.4650963399967438,1.5912227075850622,"['Gout', 'Rheumatoid Arthritis', 'Carpal Tunnel Syndrome']"
abnormal appearing skin irregular appearing scalp skin moles itching of skin skin dryness peeling scaliness or roughness,Skin Polyp,Skin Disorder,0.20121110959984692,2.376280663802982,"['Skin Disorder', 'Skin Pigmentation Disorder', 'Skin Polyp']"
diminished hearing fluid in ear fever pulling at ears,Ear Wax Impaction,Otitis Media,0.47544619999228255,1.3887718777179887,"['Otitis Media', 'Ear Wax Impaction', 'Chronic Otitis Media']"
sharp abdominal pain nausea,Intestinal Obstruction,Pyelonephritis,0.14342955863303145,3.921659665189849,"['Pyelonephritis', 'Irritable Bowel Syndrome', 'Pain After An Operation']"
leg pain hip pain headache arm pain back pain neck pain low back pain,Neuralgia,Fibromyalgia,0.3416026567314221,1.587115104329125,"['Fibromyalgia', 'Neuralgia', 'Spinal Stenosis']"
abnormal appearing skin skin lesion skin growth skin moles,Hemangioma,Skin Disorder,0.10360084066665677,2.99907975171999,"['Skin Disorder', 'Seborrheic Keratosis', 'Rosacea']"
chest tightness nasal congestion wheezing fever coughing up sputum,Chronic Obstructive Pulmonary Disease (Copd),Asthma,0.5760550951339335,1.073342700966917,"['Asthma', 'Chronic Obstructive Pulmonary Disease (Copd)', 'Acute Bronchitis']"
anxiety and nervousness depressive or psychotic symptoms insomnia drug abuse excessive anger,Post-Traumatic Stress Disorder (Ptsd),Personality Disorder,0.22448810881225825,2.1711814430360543,"['Personality Disorder', 'Neurosis', 'Depression']"
skin moles itching of skin skin irritation skin rash,Contact Dermatitis,Seborrheic Keratosis,0.42519612274938573,1.4501867087599076,"['Seborrheic Keratosis', 'Contact Dermatitis', 'Actinic Keratosis']"
depression abusing alcohol hostile behavior drug abuse delusions or hallucinations temper problems,Marijuana Abuse,Post-Traumatic Stress Disorder (Ptsd),0.40564086079164224,1.4196708638480848,"['Post-Traumatic Stress Disorder (Ptsd)', 'Depression', 'Marijuana Abuse']"
skin swelling lip swelling skin lesion skin growth skin moles,Hemangioma,Skin Cancer,0.2869658609313176,1.99724290010601,"['Skin Cancer', 'Viral Warts', 'Atrophic Skin Condition']"
temper problems fears and phobias obsessions and compulsions,Developmental Disability,Bipolar Disorder,0.630224445951929,1.08305431872272,"['Bipolar Disorder', 'Developmental Disability', 'Personality Disorder']"
suprapubic pain frequent urination back pain side pain,Urinary Tract Obstruction,Cystitis,0.22544550092625446,2.354230763933247,"['Cystitis', 'Urinary Tract Infection', 'Urinary Tract Obstruction']"
anxiety and nervousness insomnia delusions or hallucinations fears and phobias,Social Phobia,Adjustment Reaction,0.20012181231475665,2.312499648479823,"['Adjustment Reaction', 'Schizophrenia', 'Psychotic Disorder']"
sharp abdominal pain lower abdominal pain intermenstrual bleeding pain during pregnancy pelvic pain problems during pregnancy spotting or bleeding during pregnancy cramps and spasms,Vaginal Cyst,Spontaneous Abortion,0.4617671831508647,1.235205636634765,"['Spontaneous Abortion', 'Vaginal Cyst', 'Problem During Pregnancy']"
sharp chest pain vomiting diarrhea,Gastritis,Hypokalemia,0.17684114566671993,3.2658756144343553,"['Hypokalemia', 'Gastritis', 'Acute Pancreatitis']"
skin swelling acne or pimples skin growth irregular appearing scalp skin moles itching of skin warts,Seborrheic Keratosis,Skin Polyp,0.35691307964355384,1.3051415358592282,"['Skin Polyp', 'Skin Pigmentation Disorder', 'Seborrheic Keratosis']"
skin swelling lip swelling abnormal appearing skin skin lesion skin growth skin moles,Skin Cancer,Viral Warts,0.2562338350211519,2.1676524963177024,"['Viral Warts', 'Skin Cancer', 'Atrophic Skin Condition']"
skin swelling abnormal appearing skin skin lesion skin growth irregular appearing scalp itching of skin skin rash,Actinic Keratosis,Psoriasis,0.19220888527086802,2.4925394194627746,"['Psoriasis', 'Seborrheic Keratosis', 'Fungal Infection Of The Hair']"
nasal congestion diminished hearing ear pain plugged feeling in ear fluid in ear,Otitis Media,Acute Otitis Media,0.28958584542692545,1.9939512252676308,"['Acute Otitis Media', 'Ear Wax Impaction', 'Otitis Media']"
diminished vision pain in eye spots or clouds in vision,Cataract,Chronic Glaucoma,0.12472675372942522,3.0758123818911525,"['Chronic Glaucoma', 'Blepharitis', 'Glaucoma']"
shortness of breath depressive or psychotic symptoms insomnia irregular heartbeat,Panic Disorder,Anxiety,0.40140515798500503,2.0336237593571704,"['Anxiety', 'Panic Disorder', 'Acute Respiratory Distress Syndrome (Ards)']"
abnormal appearing skin skin lesion warts,Molluscum Contagiosum,Eczema,0.20616523056449954,3.396569375370816,"['Eczema', 'Viral Warts', 'Seborrheic Keratosis']"
depressive or psychotic symptoms fainting hostile behavior excessive anger temper problems,Oppositional Disorder,Conduct Disorder,0.4010797499354303,1.77886537834155,"['Conduct Disorder', 'Oppositional Disorder', 'Post-Traumatic Stress Disorder (Ptsd)']"
leg pain hip pain problems with movement leg cramps or spasms leg weakness,Sciatica,Spondylolisthesis,0.5164832139953457,0.9086626191940713,"['Spondylolisthesis', 'Sciatica', 'Fracture Of The Leg']"
anxiety and nervousness depression excessive anger delusions or hallucinations temper problems fears and phobias low self esteem,Schizophrenia,Personality Disorder,0.3993668638205181,1.2435362491522328,"['Personality Disorder', 'Schizophrenia', 'Marijuana Abuse']"
headache fever chills fluid retention,Infectious Gastroenteritis,Noninfectious Gastroenteritis,0.4550747646078536,1.6916216842573522,"['Noninfectious Gastroenteritis', 'Infectious Gastroenteritis', 'Common Cold']"
sore throat ear pain frontal headache sinus congestion painful sinuses,Chronic Sinusitis,Acute Sinusitis,0.5511092948339037,0.9091735484410473,"['Acute Sinusitis', 'Chronic Sinusitis', 'Nose Disorder']"
abnormal appearing skin acne or pimples irregular appearing scalp skin dryness peeling scaliness or roughness,Skin Pigmentation Disorder,Fungal Infection Of The Skin,0.15344394681355206,2.689178651362089,"['Fungal Infection Of The Skin', 'Eczema', 'Skin Pigmentation Disorder']"
cough vomiting fever coryza,Otitis Media,Acute Bronchospasm,0.23457779321401176,2.759407224078446,"['Acute Bronchospasm', 'Flu', 'Otitis Media']"
diminished vision symptoms of eye pain in eye spots or clouds in vision eye redness lacrimation,Dry Eye Of Unknown Cause,Cornea Infection,0.19371779904986267,2.2714024025650525,"['Cornea Infection', 'Glaucoma', 'Dry Eye Of Unknown Cause']"
double vision symptoms of eye spots or clouds in vision eye redness,Corneal Disorder,Dry Eye Of Unknown Cause,0.3787391495485258,1.8893917404308316,"['Dry Eye Of Unknown Cause', 'Corneal Disorder', 'Cataract']"
sharp chest pain cough vomiting difficulty breathing coryza,Pneumonia,Acute Bronchospasm,0.7088740180000412,1.2693670720042323,"['Acute Bronchospasm', 'Pneumonia', 'Acute Bronchitis']"
shortness of breath sharp chest pain chest tightness palpitations weight gain,Heart Failure,Heart Block,0.47260711772952785,1.5845136353525227,"['Heart Block', 'Heart Failure', 'Hypertensive Heart Disease']"
depression hostile behavior,Attention Deficit Hyperactivity Disorder (Adhd),Alcohol Abuse,0.09979518741944421,3.984372074097879,"['Alcohol Abuse', 'Post-Traumatic Stress Disorder (Ptsd)', 'Attention Deficit Hyperactivity Disorder (Adhd)']"
nausea neck pain,Concussion,Pain After An Operation,0.28100010630743155,4.024894005807772,"['Pain After An Operation', 'Concussion', 'Injury To The Face']"
anxiety and nervousness depression depressive or psychotic symptoms delusions or hallucinations temper problems fears and phobias low self esteem,Marijuana Abuse,Personality Disorder,0.35846987866090163,1.3000539284744737,"['Personality Disorder', 'Marijuana Abuse', 'Schizophrenia']"
leg pain arm pain back pain neck pain paresthesia shoulder pain,Degenerative Disc Disease,Herniated Disk,0.292046467074811,1.709306085570514,"['Herniated Disk', 'Spondylosis', 'Degenerative Disc Disease']"
skin swelling skin growth skin moles skin rash,Seborrheic Keratosis,Psoriasis,0.23060469112585785,2.7844281717800046,"['Psoriasis', 'Skin Pigmentation Disorder', 'Actinic Keratosis']"
skin lesion skin rash,Skin Pigmentation Disorder,Psoriasis,0.08635841967980182,3.628361173737337,"['Psoriasis', 'Impetigo', 'Fungal Infection Of The Hair']"
abnormal appearing skin skin lesion acne or pimples irregular appearing scalp skin moles itching of skin skin irritation,Seborrheic Keratosis,Skin Disorder,0.40433867702700493,1.5830374845210713,"['Skin Disorder', 'Seborrheic Keratosis', 'Skin Polyp']"
hostile behavior temper problems antisocial behavior,Oppositional Disorder,Attention Deficit Hyperactivity Disorder (Adhd),0.3121931079095574,2.5315625976615745,"['Attention Deficit Hyperactivity Disorder (Adhd)', 'Developmental Disability', 'Autism']"
anxiety and nervousness depression insomnia abusing alcohol excessive anger delusions or hallucinations,Social Phobia,Bipolar Disorder,0.3149106984835358,1.9775253825589993,"['Bipolar Disorder', 'Psychotic Disorder', 'Social Phobia']"
vomiting nausea burning abdominal pain,Ovarian Cyst,Esophagitis,0.1377636404229079,3.372614624137868,"['Esophagitis', 'Infectious Gastroenteritis', 'Hyperemesis Gravidarum']"
retention of urine lower abdominal pain fever,Prostatitis,Urinary Tract Infection,0.4620582052443831,2.217014500783459,"['Urinary Tract Infection', 'Prostatitis', 'Chronic Constipation']"
cough fever skin rash,Diaper Rash,Strep Throat,0.16780132008974089,3.7187374788224288,"['Strep Throat', 'Impetigo', 'Diaper Rash']"
cough skin swelling abnormal appearing skin skin lesion,Impetigo,Eczema,0.39022154309777696,2.566227254090486,"['Eczema', 'Impetigo', 'Allergy']"
sharp abdominal pain vomiting nausea diarrhea,Ileus,Gastritis,0.1093474074647814,3.2124914000199185,"['Gastritis', 'Diverticulitis', 'Acute Pancreatitis']"
skin swelling abnormal appearing skin acne or pimples irregular appearing scalp skin dryness peeling scaliness or roughness skin irritation,Skin Disorder,Eczema,0.28483940381682576,2.035442698589922,"['Eczema', 'Skin Disorder', 'Skin Polyp']"
sore throat coryza sinus congestion,Nose Disorder,Acute Sinusitis,0.5260466721567689,2.005452380750378,"['Acute Sinusitis', 'Nose Disorder', 'Chronic Sinusitis']"
sharp abdominal pain vomiting diarrhea burning abdominal pain fluid retention,Noninfectious Gastroenteritis,Infectious Gastroenteritis,0.42762839053505575,2.0239844579031283,"['Infectious Gastroenteritis', 'Noninfectious Gastroenteritis', 'Acute Pancreatitis']"
diminished vision symptoms of eye pain in eye foreign body sensation in eye lacrimation,Chalazion,Iridocyclitis,0.1347763571495014,2.674859715613489,"['Iridocyclitis', 'Cornea Infection', 'Corneal Abrasion']"
shortness of breath sharp chest pain nasal congestion wheezing fever difficulty breathing coryza,Acute Bronchospasm,Pneumonia,0.27803094387837396,1.61617519328418,"['Pneumonia', 'Acute Bronchospasm', 'Acute Bronchitis']"
diminished vision double vision symptoms of eye abnormal movement of eyelid spots or clouds in vision lacrimation,Macular Degeneration,Cataract,0.3080105079710705,1.5281612497418373,"['Cataract', 'Diabetic Retinopathy', 'Macular Degeneration']"
shortness of breath sore throat cough wheezing coughing up sputum coryza congestion in chest,Chronic Obstructive Pulmonary Disease (Copd),Acute Bronchitis,0.5299881322740687,0.7666623155478343,"['Acute Bronchitis', 'Chronic Obstructive Pulmonary Disease (Copd)', 'Asthma']"
diminished vision double vision eye redness itchiness of eye,Dry Eye Of Unknown Cause,Corneal Disorder,0.5419545583882023,1.5738384386021163,"['Corneal Disorder', 'Dry Eye Of Unknown Cause', 'Cataract']"
skin swelling abnormal appearing skin skin lesion acne or pimples itching of skin,Skin Disorder,Molluscum Contagiosum,0.12065883433649363,2.953420481251367,"['Molluscum Contagiosum', 'Skin Disorder', 'Rosacea']"
arm pain back pain shoulder pain,Injury To The Shoulder,Sprain Or Strain,0.15704872968005615,2.961252414257995,"['Sprain Or Strain', 'Herniated Disk', 'Injury To The Shoulder']"
depression insomnia hostile behavior excessive anger,Neurosis,Post-Traumatic Stress Disorder (Ptsd),0.21768971714323782,2.4953250190111,"['Post-Traumatic Stress Disorder (Ptsd)', 'Adjustment Reaction', 'Psychotic Disorder']"
depression depressive or psychotic symptoms headache,Anxiety,Acute Stress Reaction,0.1241607964827424,3.9044179109734705,"['Acute Stress Reaction', 'Anxiety', 'Neurosis']"
leg pain hip pain arm pain neck pain low back pain loss of sensation,Neuralgia,Herniated Disk,0.2609973757759622,2.001042906706847,"['Herniated Disk', 'Spondylosis', 'Neuralgia']"
anxiety and nervousness insomnia temper problems low self esteem,Personality Disorder,Schizophrenia,0.39050384019169043,1.9558407970416014,"['Schizophrenia', 'Personality Disorder', 'Obsessive Compulsive Disorder (Ocd)']"
skin swelling abnormal appearing skin acne or pimples itching of skin skin irritation warts,Eczema,Seborrheic Keratosis,0.33577369566695275,1.556449122627317,"['Seborrheic Keratosis', 'Skin Polyp', 'Eczema']"
depressive or psychotic symptoms delusions or hallucinations temper problems,Post-Traumatic Stress Disorder (Ptsd),Developmental Disability,0.13509569245305453,3.289465924088529,"['Developmental Disability', 'Personality Disorder', 'Depression']"
sharp chest pain sore throat nasal congestion fever difficulty breathing coryza,Acute Bronchitis,Pneumonia,0.469245943324546,1.4075965626432536,"['Pneumonia', 'Acute Bronchitis', 'Acute Bronchospasm']"
vomiting nausea weakness seizures,Intracerebral Hemorrhage,Hyponatremia,0.4291914987221361,2.3893307941979933,"['Hyponatremia', 'Intracerebral Hemorrhage', 'Hypoglycemia']"
symptoms of eye pain in eye spots or clouds in vision lacrimation itchiness of eye,Cornea Infection,Chronic Glaucoma,0.15483375282067274,2.533385630364153,"['Chronic Glaucoma', 'Glaucoma', 'Cornea Infection']"
irregular appearing scalp skin moles itching of skin warts,Seborrheic Keratosis,Skin Pigmentation Disorder,0.4001220641157057,1.4114910083055583,"['Skin Pigmentation Disorder', 'Seborrheic Keratosis', 'Skin Polyp']"
leg pain headache back pain low back pain loss of sensation,Spinal Stenosis,Neuralgia,0.3597879663715456,1.8520620762362134,"['Neuralgia', 'Muscle Spasm', 'Spinal Stenosis']"
skin swelling skin lesion foot or toe pain foot or toe swelling skin rash,Callus,Pyogenic Skin Infection,0.6460658026988891,1.4266225742633383,"['Pyogenic Skin Infection', 'Callus', 'Diabetic Peripheral Neuropathy']"
double vision symptoms of eye pain in eye abnormal movement of eyelid foreign body sensation in eye,Macular Degeneration,Dry Eye Of Unknown Cause,0.3976715169838032,1.2825282753676424,"['Dry Eye Of Unknown Cause', 'Diabetic Retinopathy', 'Macular Degeneration']"
insomnia hostile behavior excessive anger delusions or hallucinations temper problems,Psychotic Disorder,Post-Traumatic Stress Disorder (Ptsd),0.3242618792665712,1.9844682493154338,"['Post-Traumatic Stress Disorder (Ptsd)', 'Personality Disorder', 'Schizophrenia']"
nausea lower abdominal pain blood in urine back pain side pain,Urinary Tract Infection,Pyelonephritis,0.362370199615304,2.0462486710410737,"['Pyelonephritis', 'Urinary Tract Infection', 'Cystitis']"
shortness of breath irregular heartbeat,Paroxysmal Ventricular Tachycardia,Aortic Valve Disease,0.15594541557783914,3.5829301443928268,"['Aortic Valve Disease', 'Mitral Valve Disease', 'Anxiety']"
anxiety and nervousness insomnia abusing alcohol drug abuse excessive anger,Depression,Drug Abuse (Opioids),0.3069017922129132,1.8304356127024097,"['Drug Abuse (Opioids)', 'Depression', 'Post-Traumatic Stress Disorder (Ptsd)']"
abusing alcohol drug abuse excessive anger temper problems,Post-Traumatic Stress Disorder (Ptsd),Drug Abuse (Opioids),0.27331367923572686,1.940363928949572,"['Drug Abuse (Opioids)', 'Marijuana Abuse', 'Depression']"
wrist pain wrist swelling elbow swelling,Injury To The Arm,Fracture Of The Arm,0.39429083247753477,1.8109728258474544,"['Fracture Of The Arm', 'Rheumatoid Arthritis', 'Injury To The Arm']"
insomnia hostile behavior delusions or hallucinations temper problems,Psychotic Disorder,Post-Traumatic Stress Disorder (Ptsd),0.31032004250339246,2.165250652613672,"['Post-Traumatic Stress Disorder (Ptsd)', 'Personality Disorder', 'Depression']"
sharp chest pain back pain weakness,Hyponatremia,Pleural Effusion,0.3004086347737213,3.042577742389371,"['Pleural Effusion', 'Hyponatremia', 'Pulmonary Embolism']"
toothache facial pain peripheral edema,Tooth Abscess,Dental Caries,0.24457720434967398,2.863320696378833,"['Dental Caries', 'Gum Disease', 'Tooth Disorder']"
abnormal appearing skin acne or pimples irregular appearing scalp itching of skin skin dryness peeling scaliness or roughness,Eczema,Fungal Infection Of The Skin,0.15252600356776674,2.412574540419387,"['Fungal Infection Of The Skin', 'Skin Pigmentation Disorder', 'Eczema']"
sharp abdominal pain nausea lower abdominal pain intermenstrual bleeding,Ovarian Cyst,Pelvic Inflammatory Disease,0.4119261860321411,2.6129310811278907,"['Pelvic Inflammatory Disease', 'Ovarian Cyst', 'Diverticulosis']"
anxiety and nervousness depressive or psychotic symptoms insomnia excessive anger delusions or hallucinations temper problems low self esteem,Schizophrenia,Personality Disorder,0.5245800837061505,1.182547405176479,"['Personality Disorder', 'Schizophrenia', 'Marijuana Abuse']"
shortness of breath palpitations increased heart rate,Angina,Sinus Bradycardia,0.31474700434698855,2.573580782045983,"['Sinus Bradycardia', 'Anxiety', 'Angina']"
abnormal appearing skin skin lesion skin growth irregular appearing scalp symptoms of the face itching of skin,Seborrheic Dermatitis,Actinic Keratosis,0.709428522850421,1.0547637017228098,"['Actinic Keratosis', 'Seborrheic Dermatitis', 'Seborrheic Keratosis']"
retention of urine painful urination involuntary urination frequent urination blood in urine,Urge Incontinence,Temporary Or Benign Blood In Urine,0.23082717340309122,2.1120123294491258,"['Temporary Or Benign Blood In Urine', 'Cystitis', 'Urge Incontinence']"
shortness of breath cough nasal congestion vomiting difficulty breathing coryza,Pneumonia,Acute Bronchospasm,0.3925887642109253,1.5359460447569813,"['Acute Bronchospasm', 'Acute Bronchiolitis', 'Pneumonia']"
diminished vision symptoms of eye pain in eye foreign body sensation in eye eyelid swelling,Corneal Abrasion,Chalazion,0.4475499147540492,1.6572538941379358,"['Chalazion', 'Corneal Abrasion', 'Macular Degeneration']"
shortness of breath sharp chest pain dizziness palpitations irregular heartbeat,Heart Block,Angina,0.34060532890889983,1.9767582934383798,"['Angina', 'Sinus Bradycardia', 'Heart Block']"
skin lesion skin moles itching of skin warts skin rash,Skin Pigmentation Disorder,Seborrheic Keratosis,0.5397470303413411,1.1639273827721541,"['Seborrheic Keratosis', 'Skin Pigmentation Disorder', 'Molluscum Contagiosum']"
back pain neck pain,Sprain Or Strain,Concussion,0.0784549994517543,3.466610276462592,"['Concussion', 'Sprain Or Strain', 'Lymphadenitis']"
anxiety and nervousness depression depressive or psychotic symptoms hostile behavior drug abuse excessive anger temper problems fears and phobias,Marijuana Abuse,Personality Disorder,0.530770892313969,1.2388831911906584,"['Personality Disorder', 'Marijuana Abuse', 'Post-Traumatic Stress Disorder (Ptsd)']"
insomnia hostile behavior excessive anger delusions or hallucinations,Schizophrenia,Adjustment Reaction,0.2143738620978041,2.3361979418820997,"['Adjustment Reaction', 'Post-Traumatic Stress Disorder (Ptsd)', 'Personality Disorder']"
back pain low back pain paresthesia leg weakness,Spondylolisthesis,Herniated Disk,0.5264900879907854,1.6982762319826263,"['Herniated Disk', 'Spondylolisthesis', 'Ankylosing Spondylitis']"
diminished vision double vision spots or clouds in vision lacrimation blindness,Cataract,Macular Degeneration,0.48461054458261554,1.457006551072479,"['Macular Degeneration', 'Cataract', 'Corneal Disorder']"
leg pain hip pain back pain low back pain loss of sensation paresthesia lower body pain,Spondylosis,Degenerative Disc Disease,0.30784072161983256,1.6412267712200859,"['Degenerative Disc Disease', 'Spinal Stenosis', 'Spondylosis']"
abnormal appearing skin skin lesion acne or pimples skin rash,Seborrheic Dermatitis,Molluscum Contagiosum,0.13577069692614605,2.9229195965490566,"['Molluscum Contagiosum', 'Seborrheic Keratosis', 'Callus']"
hip pain arm pain back pain loss of sensation,Neuralgia,Herniated Disk,0.27647213307245344,2.3014053366363383,"['Herniated Disk', 'Neuralgia', 'Spondylosis']"
sharp abdominal pain vomiting nausea back pain lower body pain upper abdominal pain,Acute Pancreatitis,Cholecystitis,0.3413113253668203,1.4595551566248144,"['Cholecystitis', 'Gallstone', 'Acute Pancreatitis']"
sharp chest pain hurts to breath,Heart Failure,Fracture Of The Rib,0.27612891833159225,2.5988064611299615,"['Fracture Of The Rib', 'Pleural Effusion', 'Heart Failure']"
depression depressive or psychotic symptoms sharp chest pain abnormal involuntary movements,Acute Stress Reaction,Anxiety,0.39904671659389446,1.7525304287281838,"['Anxiety', 'Acute Stress Reaction', 'Alcohol Withdrawal']"
hip pain back pain neck pain loss of sensation,Spondylosis,Neuralgia,0.19598383707297345,2.337587264345369,"['Neuralgia', 'Chronic Back Pain', 'Spondylosis']"
lip swelling abnormal appearing skin skin lesion irregular appearing scalp skin moles skin dryness peeling scaliness or roughness,Hemangioma,Skin Cancer,0.4485350829595528,1.6615819255655488,"['Skin Cancer', 'Hemangioma', 'Skin Pigmentation Disorder']"
depressive or psychotic symptoms excessive anger delusions or hallucinations,Depression,Neurosis,0.09812921310832765,3.398336296049804,"['Neurosis', 'Social Phobia', 'Personality Disorder']"
skin swelling fluid retention itching of skin,Envenomation From Spider Or Animal Bite,Allergy,0.2748132090291232,2.446825113453185,"['Allergy', 'Envenomation From Spider Or Animal Bite', 'Insect Bite']"
leg pain hip pain neck pain paresthesia,Herniated Disk,Spondylosis,0.23241704614529368,2.3761892074763766,"['Spondylosis', 'Herniated Disk', 'Spondylolisthesis']"
white discharge from eye diminished vision symptoms of eye foreign body sensation in eye spots or clouds in vision,Dry Eye Of Unknown Cause,Chronic Glaucoma,0.3188815164355711,1.687490171163361,"['Chronic Glaucoma', 'Dry Eye Of Unknown Cause', 'Corneal Disorder']"
skin swelling skin lesion skin moles itching of skin skin irritation,Seborrheic Keratosis,Skin Polyp,0.2104740711149529,2.103215785706256,"['Skin Polyp', 'Skin Disorder', 'Contact Dermatitis']"
skin swelling abnormal appearing skin skin lesion irregular appearing scalp itching of skin skin dryness peeling scaliness or roughness skin rash,Psoriasis,Eczema,0.17020653249160622,2.5404369871275545,"['Eczema', 'Psoriasis', 'Skin Pigmentation Disorder']"
skin swelling allergic reaction skin rash,Eczema,Contact Dermatitis,0.26536017640201254,2.7139063183984042,"['Contact Dermatitis', 'Eczema', 'Allergy']"
diminished hearing ear pain plugged feeling in ear,Otitis Externa (Swimmer'S Ear),Acute Otitis Media,0.22972681599794784,2.5176717661954444,"['Acute Otitis Media', 'Labyrinthitis', 'Otitis Media']"
sharp chest pain difficulty in swallowing sharp abdominal pain nausea upper abdominal pain,Hiatal Hernia,Esophagitis,0.44231519820614423,1.5006252637666506,"['Esophagitis', 'Hiatal Hernia', 'Gastroesophageal Reflux Disease (Gerd)']"
anxiety and nervousness depression depressive or psychotic symptoms drug abuse delusions or hallucinations temper problems,Drug Abuse (Opioids),Depression,0.20495678930046887,2.2379023047499844,"['Depression', 'Drug Abuse (Opioids)', 'Post-Traumatic Stress Disorder (Ptsd)']"
skin swelling acne or pimples itching of skin warts,Molluscum Contagiosum,Skin Polyp,0.26755409787839624,2.384719727971068,"['Skin Polyp', 'Seborrheic Keratosis', 'Molluscum Contagiosum']"
leg pain arm pain back pain low back pain loss of sensation,Spondylosis,Herniated Disk,0.23315711907046482,2.333304376506789,"['Herniated Disk', 'Muscle Spasm', 'Spondylosis']"
skin swelling abnormal appearing skin skin lesion acne or pimples skin moles,Dermatitis Due To Sun Exposure,Atrophic Skin Condition,0.12045817915148865,2.756090105953979,"['Atrophic Skin Condition', 'Rosacea', 'Skin Polyp']"
sharp abdominal pain burning abdominal pain decreased appetite,Noninfectious Gastroenteritis,Appendicitis,0.4961884417634184,2.254405535357619,"['Appendicitis', 'Infectious Gastroenteritis', 'Noninfectious Gastroenteritis']"
sore throat headache difficulty breathing nosebleed,Deviated Nasal Septum,Nose Disorder,0.48342306310015953,1.7448315185692205,"['Nose Disorder', 'Deviated Nasal Septum', 'Acute Bronchitis']"
sharp chest pain vomiting nausea back pain burning abdominal pain side pain upper abdominal pain,Gallstone,Acute Pancreatitis,0.35935373432714357,1.5514589651565178,"['Acute Pancreatitis', 'Gallstone', 'Cholecystitis']"
sharp abdominal pain lower abdominal pain intermenstrual bleeding pelvic pain blood clots during menstrual periods,Vaginal Cyst,Threatened Pregnancy,0.31291360665196405,1.935901840635698,"['Threatened Pregnancy', 'Vaginal Cyst', 'Spontaneous Abortion']"
suprapubic pain lower abdominal pain low back pain,Kidney Stone,Pyelonephritis,0.40121605238174374,2.508588252730005,"['Pyelonephritis', 'Kidney Stone', 'Pain After An Operation']"
blood in stool sharp abdominal pain vomiting nausea burning abdominal pain decreased appetite fluid retention,Noninfectious Gastroenteritis,Infectious Gastroenteritis,0.5452545735057843,0.9959225338635457,"['Infectious Gastroenteritis', 'Noninfectious Gastroenteritis', 'Diabetic Ketoacidosis']"
anxiety and nervousness depression depressive or psychotic symptoms hostile behavior,Personality Disorder,Attention Deficit Hyperactivity Disorder (Adhd),0.14071169494957836,3.12175256181032,"['Attention Deficit Hyperactivity Disorder (Adhd)', 'Post-Traumatic Stress Disorder (Ptsd)', 'Neurosis']"
leg pain back pain low back pain paresthesia,Spondylolisthesis,Ankylosing Spondylitis,0.246030033439038,2.7460476488091072,"['Ankylosing Spondylitis', 'Complex Regional Pain Syndrome', 'Spondylosis']"
diminished hearing plugged feeling in ear fever,Ear Wax Impaction,Acute Otitis Media,0.34174377648084386,2.3927776149731046,"['Acute Otitis Media', 'Ear Wax Impaction', 'Otitis Media']"
diminished vision double vision abnormal movement of eyelid spots or clouds in vision itchiness of eye,Dry Eye Of Unknown Cause,Diabetic Retinopathy,0.31915810833757,1.5871071959138066,"['Diabetic Retinopathy', 'Cataract', 'Macular Degeneration']"
double vision symptoms of eye pain in eye abnormal movement of eyelid lacrimation,Diabetic Retinopathy,Cataract,0.28879047961550275,1.639224925251202,"['Cataract', 'Diabetic Retinopathy', 'Dry Eye Of Unknown Cause']"
double vision symptoms of eye pain in eye spots or clouds in vision lacrimation,Dry Eye Of Unknown Cause,Cataract,0.24642618036748673,2.080240069724877,"['Cataract', 'Macular Degeneration', 'Corneal Disorder']"
shortness of breath sharp chest pain chest tightness nasal congestion wheezing fever,Acute Bronchospasm,Chronic Obstructive Pulmonary Disease (Copd),0.3432381343247159,1.6791209944679848,"['Chronic Obstructive Pulmonary Disease (Copd)', 'Asthma', 'Acute Bronchospasm']"
abusing alcohol hostile behavior excessive anger,Depression,Post-Traumatic Stress Disorder (Ptsd),0.2588787620502281,2.2156282491592396,"['Post-Traumatic Stress Disorder (Ptsd)', 'Conduct Disorder', 'Marijuana Abuse']"
lower abdominal pain vaginal discharge intermenstrual bleeding problems during pregnancy blood clots during menstrual periods,Vaginal Cyst,Threatened Pregnancy,0.5175961211637928,1.0412492967949154,"['Threatened Pregnancy', 'Vaginal Cyst', 'Idiopathic Excessive Menstruation']"
shortness of breath sharp chest pain cough wheezing coughing up sputum coryza,Acute Bronchitis,Chronic Obstructive Pulmonary Disease (Copd),0.41818937736659095,1.3295942437797488,"['Chronic Obstructive Pulmonary Disease (Copd)', 'Asthma', 'Acute Bronchitis']"
vomiting side pain lower body pain,Acute Pancreatitis,Cholecystitis,0.2904364239344955,2.9847912191734314,"['Cholecystitis', 'Gallstone', 'Acute Pancreatitis']"
dizziness sharp abdominal pain vomiting nausea vomiting blood weakness,Hyperemesis Gravidarum,Gastrointestinal Hemorrhage,0.4629658684157285,1.198405107989085,"['Gastrointestinal Hemorrhage', 'Hyperemesis Gravidarum', 'Acute Kidney Injury']"
sharp chest pain dizziness chest tightness fainting weight gain,Paroxysmal Ventricular Tachycardia,Heart Block,0.5900557723348886,1.0895061457560664,"['Heart Block', 'Paroxysmal Ventricular Tachycardia', 'Sinus Bradycardia']"
sharp abdominal pain intermenstrual bleeding long menstrual periods unpredictable menstruation painful menstruation frequent menstruation,Idiopathic Irregular Menstrual Cycle,Idiopathic Excessive Menstruation,0.6238744414386848,0.7811704045669493,"['Idiopathic Excessive Menstruation', 'Idiopathic Irregular Menstrual Cycle', 'Idiopathic Painful Menstruation']"
leg pain low back pain problems with movement loss of sensation lower body pain,Sciatica,Spinal Stenosis,0.552598652339228,1.2860136296722096,"['Spinal Stenosis', 'Sciatica', 'Complex Regional Pain Syndrome']"
headache back pain neck pain paresthesia shoulder pain,Brachial Neuritis,Spinal Stenosis,0.44463141366291864,1.5920751875361565,"['Spinal Stenosis', 'Brachial Neuritis', 'Degenerative Disc Disease']"
white discharge from eye pain in eye foreign body sensation in eye lacrimation,Dry Eye Of Unknown Cause,Corneal Abrasion,0.2647074869138917,2.1209190884067803,"['Corneal Abrasion', 'Corneal Disorder', 'Dry Eye Of Unknown Cause']"
abnormal appearing skin skin lesion itching of skin skin dryness peeling scaliness or roughness skin irritation skin rash,Contact Dermatitis,Eczema,0.2880449798813473,2.1607954357832444,"['Eczema', 'Contact Dermatitis', 'Actinic Keratosis']"
sore throat nasal congestion diminished hearing fluid in ear,Otitis Media,Acute Otitis Media,0.46452322806158464,1.9139744216094798,"['Acute Otitis Media', 'Otitis Media', 'Eustachian Tube Dysfunction (Ear Disorder)']"
blood in stool burning abdominal pain decreased appetite fever fluid retention,Noninfectious Gastroenteritis,Infectious Gastroenteritis,0.6209093346574621,0.9295843965853539,"['Infectious Gastroenteritis', 'Noninfectious Gastroenteritis', 'Appendicitis']"
blood in stool vomiting burning abdominal pain changes in stool appearance,Chronic Constipation,Gastroduodenal Ulcer,0.6373602333406287,1.1152235098689744,"['Gastroduodenal Ulcer', 'Chronic Constipation', 'Gastrointestinal Hemorrhage']"
hip pain neck pain low back pain loss of sensation paresthesia shoulder pain,Spondylosis,Degenerative Disc Disease,0.30751267492273743,1.6735752813305595,"['Degenerative Disc Disease', 'Spondylosis', 'Spinal Stenosis']"
ear pain fever painful sinuses,Chronic Otitis Media,Nose Disorder,0.2941745375217732,2.413800845033763,"['Nose Disorder', 'Chronic Otitis Media', 'Chronic Sinusitis']"
sore throat fever coryza,Common Cold,Flu,0.11549222580234707,3.195661405756427,"['Flu', 'Conjunctivitis', 'Acute Sinusitis']"
skin swelling abnormal appearing skin skin lesion skin growth irregular appearing scalp skin moles skin rash,Psoriasis,Skin Pigmentation Disorder,0.19216497693099166,2.490302547157134,"['Skin Pigmentation Disorder', 'Psoriasis', 'Seborrheic Keratosis']"
suprapubic pain painful urination frequent urination lower abdominal pain symptoms of bladder,Cystitis,Temporary Or Benign Blood In Urine,0.3840944744309754,1.4425378016666626,"['Temporary Or Benign Blood In Urine', 'Cystitis', 'Bladder Disorder']"
skin swelling skin lesion skin rash,Impetigo,Psoriasis,0.10727034581141172,3.372374714508568,"['Psoriasis', 'Pyogenic Skin Infection', 'Impetigo']"
sharp abdominal pain pain during pregnancy burning abdominal pain,Hyperemesis Gravidarum,Vulvodynia,0.36784873984301375,2.2431466246603797,"['Vulvodynia', 'Spontaneous Abortion', 'Hyperemesis Gravidarum']"
skin lesion itching of skin skin dryness peeling scaliness or roughness skin irritation skin rash,Contact Dermatitis,Eczema,0.30276598823913214,1.960902342562336,"['Eczema', 'Contact Dermatitis', 'Actinic Keratosis']"
abnormal appearing skin acne or pimples itching of skin skin rash,Contact Dermatitis,Molluscum Contagiosum,0.18219524165625214,2.838590381434193,"['Molluscum Contagiosum', 'Seborrheic Keratosis', 'Fungal Infection Of The Skin']"
anxiety and nervousness depression depressive or psychotic symptoms abusing alcohol hostile behavior drug abuse,Alcohol Abuse,Post-Traumatic Stress Disorder (Ptsd),0.2621184433606513,1.9873118750725316,"['Post-Traumatic Stress Disorder (Ptsd)', 'Depression', 'Marijuana Abuse']"
sharp chest pain sore throat nasal congestion wheezing fever coughing up sputum congestion in chest,Acute Bronchitis,Chronic Obstructive Pulmonary Disease (Copd),0.5023683376964955,0.7756049520236205,"['Chronic Obstructive Pulmonary Disease (Copd)', 'Acute Bronchitis', 'Pneumonia']"
headache double vision,Fracture Of The Facial Bones,Concussion,0.257085317717559,3.823587356814291,"['Concussion', 'Cataract', 'Corneal Disorder']"
anxiety and nervousness insomnia hostile behavior,Adjustment Reaction,Schizophrenia,0.17251474681136303,2.9033683662243863,"['Schizophrenia', 'Post-Traumatic Stress Disorder (Ptsd)', 'Adjustment Reaction']"
cough fever,Oral Thrush (Yeast Infection),Asthma,0.046257963354277,4.720842040492022,"['Asthma', 'Interstitial Lung Disease', 'Teething Syndrome']"
retention of urine suprapubic pain frequent urination side pain,Kidney Stone,Urinary Tract Infection,0.24332853295214535,2.1644095596585737,"['Urinary Tract Infection', 'Kidney Stone', 'Urinary Tract Obstruction']"
leg pain hip pain arm pain back pain neck pain low back pain loss of sensation shoulder pain ache all over,Neuralgia,Spondylosis,0.47927336745006993,1.2893518322042734,"['Spondylosis', 'Neuralgia', 'Herniated Disk']"
facial pain painful sinuses nosebleed,Nose Disorder,Deviated Nasal Septum,0.4900374291147469,1.1248918523196223,"['Deviated Nasal Septum', 'Nose Disorder', 'Chronic Sinusitis']"
painful urination frequent urination back pain fever,Prostatitis,Urinary Tract Infection,0.5412868917628938,1.9994021889982987,"['Urinary Tract Infection', 'Prostatitis', 'Urinary Tract Obstruction']"
skin lesion skin moles skin irritation,Skin Cancer,Contact Dermatitis,0.21573815143667804,2.3653178187252046,"['Contact Dermatitis', 'Skin Disorder', 'Actinic Keratosis']"
sharp chest pain sore throat cough nasal congestion difficulty breathing,Acute Bronchitis,Acute Bronchospasm,0.3359899726762227,1.7641612880983861,"['Acute Bronchospasm', 'Pneumonia', 'Acute Bronchitis']"
sharp chest pain fainting seizures,Alcohol Withdrawal,Hyponatremia,0.36832836544244013,3.037342832984872,"['Hyponatremia', 'Alcohol Withdrawal', 'Hypokalemia']"
shortness of breath sharp chest pain cough coryza,Acute Bronchitis,Chronic Obstructive Pulmonary Disease (Copd),0.20599013307905925,3.181072584190466,"['Chronic Obstructive Pulmonary Disease (Copd)', 'Acute Bronchitis', 'Pneumonia']"
depression insomnia hostile behavior delusions or hallucinations,Post-Traumatic Stress Disorder (Ptsd),Adjustment Reaction,0.1900292459074702,2.4620585070675016,"['Adjustment Reaction', 'Post-Traumatic Stress Disorder (Ptsd)', 'Neurosis']"
shortness of breath chest tightness cough difficulty breathing,Asthma,Acute Bronchospasm,0.25060106664662934,2.3902616691721423,"['Acute Bronchospasm', 'Heart Failure', 'Asthma']"
headache nausea diarrhea,Ileus,Gastritis,0.23914656496133713,2.675926019257153,"['Gastritis', 'Flu', 'Ileus']"
problems with movement disturbance of memory paresthesia leg weakness,Multiple Sclerosis,Peripheral Nerve Disorder,0.5357242978433936,1.149442958927741,"['Peripheral Nerve Disorder', 'Multiple Sclerosis', 'Spondylolisthesis']"
double vision symptoms of eye pain in eye abnormal movement of eyelid foreign body sensation in eye spots or clouds in vision,Diabetic Retinopathy,Dry Eye Of Unknown Cause,0.3523849364273785,1.2722759375129937,"['Dry Eye Of Unknown Cause', 'Diabetic Retinopathy', 'Macular Degeneration']"
sharp chest pain leg pain arm pain neck pain,Muscle Spasm,Fibromyalgia,0.3453124626890033,2.2370239552488504,"['Fibromyalgia', 'Muscle Spasm', 'Herniated Disk']"
skin swelling lip swelling skin lesion skin growth warts,Viral Warts,Skin Cancer,0.5132396572636886,1.3409197664962735,"['Skin Cancer', 'Viral Warts', 'Hemangioma']"
skin swelling abnormal appearing skin skin lesion skin moles skin dryness peeling scaliness or roughness skin irritation warts,Skin Cancer,Skin Polyp,0.48830695063992385,1.6741161955287436,"['Skin Polyp', 'Skin Cancer', 'Contact Dermatitis']"
hostile behavior seizures,Conduct Disorder,Autism,0.2785301394258915,3.3085330841679363,"['Autism', 'Conduct Disorder', 'Developmental Disability']"
anxiety and nervousness depression depressive or psychotic symptoms insomnia hostile behavior,Post-Traumatic Stress Disorder (Ptsd),Neurosis,0.1720484192225681,2.6298358055755133,"['Neurosis', 'Psychotic Disorder', 'Schizophrenia']"
anxiety and nervousness shortness of breath depressive or psychotic symptoms abnormal involuntary movements,Acute Stress Reaction,Anxiety,0.4009459308408646,1.5737848804440366,"['Anxiety', 'Acute Stress Reaction', 'Panic Disorder']"
abnormal appearing skin fever,Breast Infection (Mastitis),Viral Exanthem,0.22309793720491858,4.340890568616645,"['Viral Exanthem', 'Impetigo', 'Breast Infection (Mastitis)']"
skin lesion leg swelling,Lymphedema,Insect Bite,0.37061346520146315,3.075165089578113,"['Insect Bite', 'Pyogenic Skin Infection', 'Lymphedema']"
depression hostile behavior drug abuse smoking problems delusions or hallucinations,Neurosis,Drug Abuse,0.4628711444901359,1.1933429894388836,"['Drug Abuse', 'Neurosis', 'Alcohol Abuse']"
facial pain frontal headache fever sinus congestion painful sinuses,Acute Sinusitis,Chronic Sinusitis,0.6111807394820121,0.8279676338309746,"['Chronic Sinusitis', 'Acute Sinusitis', 'Nose Disorder']"
skin swelling abnormal appearing skin too little hair skin rash,Onychomycosis,Fungal Infection Of The Skin,0.5099668789353804,1.9610718114968781,"['Fungal Infection Of The Skin', 'Onychomycosis', 'Seborrheic Dermatitis']"
depressive or psychotic symptoms dizziness vomiting,Hyperkalemia,Intracerebral Hemorrhage,0.22017400144138907,2.9729678300992965,"['Intracerebral Hemorrhage', 'Alcohol Withdrawal', 'Hyperkalemia']"
skin swelling abnormal appearing skin skin lesion acne or pimples skin moles skin rash,Dermatitis Due To Sun Exposure,Seborrheic Keratosis,0.1769343634294848,2.8167706252625875,"['Seborrheic Keratosis', 'Skin Pigmentation Disorder', 'Contact Dermatitis']"
skin swelling abnormal appearing skin skin dryness peeling scaliness or roughness,Acne,Rosacea,0.10444860118660056,3.3141209871359383,"['Rosacea', 'Eczema', 'Skin Polyp']"
anxiety and nervousness depressive or psychotic symptoms insomnia abusing alcohol drug abuse temper problems,Drug Abuse (Opioids),Post-Traumatic Stress Disorder (Ptsd),0.3185920532295482,1.773117728823126,"['Post-Traumatic Stress Disorder (Ptsd)', 'Drug Abuse (Opioids)', 'Depression']"
abnormal appearing skin skin growth irregular appearing scalp itching of skin skin dryness peeling scaliness or roughness,Fungal Infection Of The Hair,Skin Disorder,0.16727244275656114,2.5354391267930523,"['Skin Disorder', 'Skin Pigmentation Disorder', 'Fungal Infection Of The Hair']"
skin lesion acne or pimples itching of skin skin dryness peeling scaliness or roughness skin rash,Fungal Infection Of The Skin,Eczema,0.1708572498569916,2.473365711104258,"['Eczema', 'Molluscum Contagiosum', 'Contact Dermatitis']"
nasal congestion eye redness swollen eye,Conjunctivitis,Conjunctivitis Due To Virus,0.2935127111998441,2.2683939340394907,"['Conjunctivitis Due To Virus', 'Conjunctivitis', 'Conjunctivitis Due To Allergy']"
skin swelling abnormal appearing skin skin moles,Psoriasis,Contact Dermatitis,0.09149011679740468,3.3382819266548553,"['Contact Dermatitis', 'Skin Polyp', 'Viral Warts']"
hip pain side pain,Chronic Back Pain,Osteoarthritis,0.126874658208203,3.414881863323683,"['Osteoarthritis', 'Fracture Of The Rib', 'Spondylitis']"
shortness of breath vomiting difficulty breathing,Acute Bronchiolitis,Acute Bronchospasm,0.3161698255741407,2.9946714647878947,"['Acute Bronchospasm', 'Sepsis', 'Acute Bronchiolitis']"
suprapubic pain vomiting nausea painful urination frequent urination back pain,Pyelonephritis,Urinary Tract Infection,0.5327942635221182,1.132131513439005,"['Urinary Tract Infection', 'Pyelonephritis', 'Pelvic Inflammatory Disease']"
diminished vision abnormal movement of eyelid foreign body sensation in eye lacrimation itchiness of eye,Dry Eye Of Unknown Cause,Diabetic Retinopathy,0.425030766644474,1.5979094100219722,"['Diabetic Retinopathy', 'Macular Degeneration', 'Dry Eye Of Unknown Cause']"
nausea lower abdominal pain back pain pelvic pain,Problem During Pregnancy,Vulvodynia,0.36360424402069275,2.155061976038034,"['Vulvodynia', 'Problem During Pregnancy', 'Cystitis']"
skin swelling skin growth irregular appearing scalp itching of skin skin dryness peeling scaliness or roughness,Skin Polyp,Skin Pigmentation Disorder,0.21314498555718464,2.359767882291644,"['Skin Pigmentation Disorder', 'Psoriasis', 'Skin Polyp']"
sharp abdominal pain vomiting headache lower abdominal pain back pain,Problem During Pregnancy,Pain After An Operation,0.563265765059768,1.7580360977354126,"['Pain After An Operation', 'Problem During Pregnancy', 'Ileus']"
hip pain low back pain ache all over,Chronic Pain Disorder,Neuralgia,0.22996978692874268,2.184881240324553,"['Neuralgia', 'Fibromyalgia', 'Sickle Cell Crisis']"
diminished vision double vision spots or clouds in vision lacrimation itchiness of eye,Dry Eye Of Unknown Cause,Corneal Disorder,0.27363951615274634,2.127438245835351,"['Corneal Disorder', 'Macular Degeneration', 'Cataract']"
retention of urine suprapubic pain painful urination involuntary urination frequent urination blood in urine back pain,Temporary Or Benign Blood In Urine,Cystitis,0.4772245658799231,1.570625603588294,"['Cystitis', 'Temporary Or Benign Blood In Urine', 'Bladder Disorder']"
diminished vision spots or clouds in vision itchiness of eye,Macular Degeneration,Chronic Glaucoma,0.16348374279621822,3.008745813687588,"['Chronic Glaucoma', 'Glaucoma', 'Blepharitis']"
depression insomnia excessive anger fears and phobias hysterical behavior,Schizophrenia,Psychotic Disorder,0.5195987533723495,0.9404309988082729,"['Psychotic Disorder', 'Schizophrenia', 'Adjustment Reaction']"
skin swelling skin lesion acne or pimples skin growth skin moles skin dryness peeling scaliness or roughness warts,Skin Polyp,Skin Pigmentation Disorder,0.44148642190146037,1.500011976825573,"['Skin Pigmentation Disorder', 'Skin Polyp', 'Rosacea']"
retention of urine sharp abdominal pain painful urination frequent urination lower abdominal pain back pain,Prostatitis,Kidney Stone,0.24175389635927416,2.047854877925711,"['Kidney Stone', 'Cystitis', 'Prostatitis']"
headache nausea diarrhea vomiting blood,Hyperemesis Gravidarum,Gastritis,0.5939383672979931,1.2615024496857947,"['Gastritis', 'Hyperemesis Gravidarum', 'Gastrointestinal Hemorrhage']"
diminished vision lacrimation itchiness of eye,Cornea Infection,Conjunctivitis Due To Virus,0.21541053337706068,3.0888929640813125,"['Conjunctivitis Due To Virus', 'Chronic Glaucoma', 'Glaucoma']"
shortness of breath chest tightness irregular heartbeat increased heart rate sweating,Heart Attack,Mitral Valve Disease,0.42225993859792665,1.623113632036168,"['Mitral Valve Disease', 'Heart Attack', 'Angina']"
skin swelling abnormal appearing skin skin lesion itching of skin skin rash,Fungal Infection Of The Hair,Impetigo,0.11476397578068889,3.1543009520922802,"['Impetigo', 'Insect Bite', 'Eczema']"
nasal congestion diminished hearing plugged feeling in ear fluid in ear fever,Acute Otitis Media,Ear Wax Impaction,0.3990946582078007,1.6145481214008823,"['Ear Wax Impaction', 'Acute Otitis Media', 'Otitis Media']"
sharp chest pain sore throat cough wheezing fever congestion in chest,Acute Bronchitis,Chronic Obstructive Pulmonary Disease (Copd),0.6445091899550743,0.9861094844804555,"['Chronic Obstructive Pulmonary Disease (Copd)', 'Acute Bronchitis', 'Pneumonia']"
abnormal appearing skin skin lesion itching of skin warts,Eczema,Seborrheic Keratosis,0.21060672186673296,2.5597398197552823,"['Seborrheic Keratosis', 'Eczema', 'Molluscum Contagiosum']"
skin swelling skin lesion skin growth irregular appearing scalp skin moles itching of skin warts skin rash,Seborrheic Keratosis,Skin Pigmentation Disorder,0.49678519948155564,1.1021632094531684,"['Skin Pigmentation Disorder', 'Seborrheic Keratosis', 'Psoriasis']"
anxiety and nervousness depressive or psychotic symptoms abusing alcohol temper problems,Depression,Bipolar Disorder,0.24138196938244888,2.760468396723457,"['Bipolar Disorder', 'Marijuana Abuse', 'Psychotic Disorder']"
sharp chest pain dizziness chest tightness irregular heartbeat decreased heart rate,Paroxysmal Ventricular Tachycardia,Sinus Bradycardia,0.48408142336624965,1.2144530816512762,"['Sinus Bradycardia', 'Paroxysmal Ventricular Tachycardia', 'Mitral Valve Disease']"
sharp abdominal pain diarrhea burning abdominal pain,Noninfectious Gastroenteritis,Rectal Disorder,0.12633845965899693,3.198134797773422,"['Rectal Disorder', 'Acute Pancreatitis', 'Gastritis']"
arm pain back pain neck pain low back pain lower body pain,Spondylosis,Spinal Stenosis,0.27152624937641584,2.23303533846573,"['Spinal Stenosis', 'Degenerative Disc Disease', 'Spondylosis']"
blood in stool vomiting nausea diarrhea burning abdominal pain decreased appetite fever fluid retention,Infectious Gastroenteritis,Noninfectious Gastroenteritis,0.5338306009570684,0.7854640168059305,"['Noninfectious Gastroenteritis', 'Infectious Gastroenteritis', 'Appendicitis']"
retention of urine sharp abdominal pain painful urination frequent urination blood in urine side pain,Urinary Tract Obstruction,Prostatitis,0.20931968756330885,2.0859027048139316,"['Prostatitis', 'Cystitis', 'Kidney Stone']"
hand or finger pain back pain low back pain loss of sensation paresthesia,Brachial Neuritis,Complex Regional Pain Syndrome,0.4464803320338331,1.4427322595222107,"['Complex Regional Pain Syndrome', 'Brachial Neuritis', 'Carpal Tunnel Syndrome']"
sharp abdominal pain lower abdominal pain intermenstrual bleeding,Vaginal Cyst,Threatened Pregnancy,0.21022832229015287,3.0628857216707144,"['Threatened Pregnancy', 'Pelvic Inflammatory Disease', 'Spontaneous Abortion']"
abnormal appearing skin skin lesion irregular appearing scalp itching of skin skin dryness peeling scaliness or roughness skin irritation skin rash,Fungal Infection Of The Hair,Eczema,0.29159922161796786,1.9920260195029758,"['Eczema', 'Fungal Infection Of The Hair', 'Actinic Keratosis']"
skin swelling skin lesion acne or pimples warts,Skin Pigmentation Disorder,Viral Warts,0.18602109675405337,2.840429925737743,"['Viral Warts', 'Eczema', 'Molluscum Contagiosum']"
wrist swelling arm swelling elbow pain,Fracture Of The Arm,Injury To The Arm,0.6341594639379443,1.3231646740959822,"['Injury To The Arm', 'Fracture Of The Arm', 'Carpal Tunnel Syndrome']"
hoarse voice plugged feeling in ear fluid in ear,Sensorineural Hearing Loss,Conductive Hearing Loss,0.4834443388570709,1.8504207136477486,"['Conductive Hearing Loss', 'Sensorineural Hearing Loss', 'Ear Wax Impaction']"
blood in stool headache nausea fever fluid retention,Infectious Gastroenteritis,Noninfectious Gastroenteritis,0.47826450516104385,1.0870519681613042,"['Noninfectious Gastroenteritis', 'Infectious Gastroenteritis', 'Flu']"
skin swelling skin growth,Sebaceous Cyst,Skin Polyp,0.0800791893653333,3.6363993519017637,"['Skin Polyp', 'Onychomycosis', 'Psoriasis']"
skin swelling abnormal appearing skin skin lesion skin moles,Skin Cancer,Contact Dermatitis,0.08384666461815041,3.196847683338498,"['Contact Dermatitis', 'Rosacea', 'Viral Warts']"
sore throat nasal congestion ear pain plugged feeling in ear,Acute Otitis Media,Eustachian Tube Dysfunction (Ear Disorder),0.243189002038092,2.5285510690834725,"['Eustachian Tube Dysfunction (Ear Disorder)', 'Acute Otitis Media', 'Otitis Media']"
leg pain hip pain back pain low back pain loss of sensation paresthesia lower body pain,Spinal Stenosis,Degenerative Disc Disease,0.30784072161983256,1.6412267712200859,"['Degenerative Disc Disease', 'Spinal Stenosis', 'Spondylosis']"
abusing alcohol hostile behavior,Conduct Disorder,Post-Traumatic Stress Disorder (Ptsd),0.2106659155045986,2.7052633524843337,"['Post-Traumatic Stress Disorder (Ptsd)', 'Psychotic Disorder', 'Depression']"
sharp chest pain back pain rib pain,Pleural Effusion,Injury To The Trunk,0.33353869439128186,2.0721080548296267,"['Injury To The Trunk', 'Pleural Effusion', 'Fracture Of The Rib']"
sharp abdominal pain involuntary urination frequent urination blood in urine,Bladder Disorder,Cystitis,0.4193889773307508,2.2103416001534413,"['Cystitis', 'Temporary Or Benign Blood In Urine', 'Bladder Disorder']"
shortness of breath sharp chest pain sharp abdominal pain vomiting nausea,Hypokalemia,Hyponatremia,0.2917671079941802,2.433814189519859,"['Hyponatremia', 'Hypokalemia', 'Esophagitis']"
dizziness chest tightness palpitations irregular heartbeat,Heart Block,Sinus Bradycardia,0.3208796832182819,1.7400015045064359,"['Sinus Bradycardia', 'Panic Disorder', 'Angina']"
double vision symptoms of eye foreign body sensation in eye spots or clouds in vision lacrimation itchiness of eye,Diabetic Retinopathy,Corneal Disorder,0.24143476679451478,1.9028784411881223,"['Corneal Disorder', 'Macular Degeneration', 'Dry Eye Of Unknown Cause']"
retention of urine sharp abdominal pain painful urination involuntary urination frequent urination back pain symptoms of bladder,Temporary Or Benign Blood In Urine,Cystitis,0.5509175759286401,1.088207985552367,"['Cystitis', 'Temporary Or Benign Blood In Urine', 'Bladder Disorder']"
sharp abdominal pain problems during pregnancy cramps and spasms,Problem During Pregnancy,Threatened Pregnancy,0.38992155778591736,1.8168083535629846,"['Threatened Pregnancy', 'Problem During Pregnancy', 'Spontaneous Abortion']"
depression depressive or psychotic symptoms drug abuse low self esteem,Personality Disorder,Marijuana Abuse,0.3620278063373567,2.391483103234539,"['Marijuana Abuse', 'Personality Disorder', 'Alcohol Abuse']"
anxiety and nervousness depressive or psychotic symptoms smoking problems,Alcohol Abuse,Neurosis,0.35713320870067256,2.748128228596418,"['Neurosis', 'Drug Abuse', 'Alcohol Abuse']"
sharp abdominal pain back pain burning abdominal pain lower body pain upper abdominal pain regurgitation 1,Cholecystitis,Gallstone,0.5881777465553968,1.0050060441531241,"['Gallstone', 'Cholecystitis', 'Acute Pancreatitis']"
suprapubic pain vomiting painful urination lower abdominal pain back pain,Pelvic Inflammatory Disease,Urinary Tract Infection,0.3558246986297986,1.5310030110031891,"['Urinary Tract Infection', 'Kidney Stone', 'Pelvic Inflammatory Disease']"
depression depressive or psychotic symptoms insomnia abusing alcohol excessive anger,Drug Abuse (Opioids),Bipolar Disorder,0.3123656628395957,2.137569924424161,"['Bipolar Disorder', 'Social Phobia', 'Psychotic Disorder']"
sharp abdominal pain vomiting frequent urination lower abdominal pain back pain side pain,Pyelonephritis,Kidney Stone,0.41559400938673835,1.6732654762949395,"['Kidney Stone', 'Pyelonephritis', 'Urinary Tract Infection']"
pain in eye,Corneal Abrasion,Conjunctivitis Due To Allergy,0.0917419552952855,3.93557831881909,"['Conjunctivitis Due To Allergy', 'Conjunctivitis', 'Fracture Of The Facial Bones']"
depressive or psychotic symptoms hostile behavior temper problems antisocial behavior,Autism,Attention Deficit Hyperactivity Disorder (Adhd),0.3322985117848589,2.358168064501667,"['Attention Deficit Hyperactivity Disorder (Adhd)', 'Developmental Disability', 'Autism']"
sharp abdominal pain pelvic pain cramps and spasms,Uterine Fibroids,Problem During Pregnancy,0.320629635350611,2.3506362000701495,"['Problem During Pregnancy', 'Vulvodynia', 'Threatened Pregnancy']"
suprapubic pain sharp abdominal pain vomiting frequent urination lower abdominal pain blood in urine,Kidney Stone,Pyelonephritis,0.5475727685008337,1.3065039334227828,"['Pyelonephritis', 'Kidney Stone', 'Urinary Tract Infection']"
shortness of breath sharp chest pain sharp abdominal pain back pain,Hyponatremia,Pleural Effusion,0.2230294699354906,3.1362075041588198,"['Pleural Effusion', 'Hyponatremia', 'Hypokalemia']"
diminished vision symptoms of eye pain in eye eye redness lacrimation,Glaucoma,Conjunctivitis Due To Allergy,0.23002285076851675,2.6239243762664053,"['Conjunctivitis Due To Allergy', 'Chalazion', 'Corneal Abrasion']"
skin swelling itching of skin,Eczema,Insect Bite,0.1336662677419903,3.6431441796311956,"['Insect Bite', 'Envenomation From Spider Or Animal Bite', 'Viral Exanthem']"
insomnia excessive anger,Depression,Dysthymic Disorder,0.16412693922631716,3.6551235337223993,"['Dysthymic Disorder', 'Social Phobia', 'Bipolar Disorder']"
leg pain neck pain,Degenerative Disc Disease,Pain After An Operation,0.1795237872682978,3.1913083277957637,"['Pain After An Operation', 'Spondylolisthesis', 'Chronic Back Pain']"
changes in stool appearance constipation,Hemorrhoids,Chronic Constipation,0.5511212765843696,1.9777432377929325,"['Chronic Constipation', 'Hemorrhoids', 'Gastrointestinal Hemorrhage']"
suprapubic pain sharp abdominal pain painful urination involuntary urination lower abdominal pain blood in urine symptoms of bladder,Cystitis,Bladder Disorder,0.38467428287299194,1.2139675062188522,"['Bladder Disorder', 'Temporary Or Benign Blood In Urine', 'Cystitis']"
sharp chest pain cough nasal congestion wheezing coughing up sputum congestion in chest,Acute Bronchitis,Chronic Obstructive Pulmonary Disease (Copd),0.5597000291010755,0.9147975223636294,"['Chronic Obstructive Pulmonary Disease (Copd)', 'Acute Bronchitis', 'Asthma']"
sharp abdominal pain vomiting nausea diarrhea heartburn,Indigestion,White Blood Cell Disease,0.27491255659015423,2.4733122233955513,"['White Blood Cell Disease', 'Diverticulosis', 'Indigestion']"
cough nausea chills,Flu,White Blood Cell Disease,0.3264742955911919,3.4907926368383313,"['White Blood Cell Disease', 'Flu', 'Noninfectious Gastroenteritis']"
depressive or psychotic symptoms insomnia abusing alcohol hostile behavior excessive anger temper problems,Psychotic Disorder,Post-Traumatic Stress Disorder (Ptsd),0.4026931604923079,1.5503491025769087,"['Post-Traumatic Stress Disorder (Ptsd)', 'Psychotic Disorder', 'Depression']"
shortness of breath sharp chest pain heartburn,Hypertensive Heart Disease,Esophagitis,0.27933916689915056,3.0071816704058847,"['Esophagitis', 'Heart Attack', 'Hypertensive Heart Disease']"
sharp abdominal pain nausea upper abdominal pain,Gallstone,Diverticulosis,0.12070141432554825,3.3144238484798825,"['Diverticulosis', 'Esophagitis', 'Liver Disease']"
painful urination frequent urination blood in urine back pain,Temporary Or Benign Blood In Urine,Pyelonephritis,0.19033013669195453,2.434336915681564,"['Pyelonephritis', 'Urinary Tract Infection', 'Urinary Tract Obstruction']"
hand or finger pain arm pain back pain loss of sensation paresthesia,Brachial Neuritis,Complex Regional Pain Syndrome,0.42568207396638114,1.8236033208190716,"['Complex Regional Pain Syndrome', 'Brachial Neuritis', 'Carpal Tunnel Syndrome']"
vomiting burning abdominal pain upper abdominal pain,Cholecystitis,Esophagitis,0.19515156794088914,2.6593658790040866,"['Esophagitis', 'Acute Pancreatitis', 'Gallstone']"
leg pain hip pain arm pain paresthesia shoulder pain lower body pain,Spondylosis,Spinal Stenosis,0.3688626602453062,1.3456210669868849,"['Spinal Stenosis', 'Spondylosis', 'Degenerative Disc Disease']"
leg pain hip pain back pain paresthesia ache all over lower body pain,Spondylosis,Ankylosing Spondylitis,0.5947601210159464,0.9639823909015226,"['Ankylosing Spondylitis', 'Spondylosis', 'Arthritis Of The Hip']"
suprapubic pain frequent urination,Pelvic Organ Prolapse,Urinary Tract Infection,0.16918549755470594,3.226533697235784,"['Urinary Tract Infection', 'Urinary Tract Obstruction', 'Benign Vaginal Discharge (Leukorrhea)']"
shortness of breath palpitations,Angina,Pulmonary Hypertension,0.10396838997325297,3.9308980175114483,"['Pulmonary Hypertension', 'Heart Failure', 'Heart Block']"
anxiety and nervousness depressive or psychotic symptoms sharp chest pain insomnia abnormal involuntary movements,Acute Stress Reaction,Anxiety,0.4761330217213693,1.1483672008352512,"['Anxiety', 'Acute Stress Reaction', 'Panic Disorder']"
skin growth itching of skin,Skin Pigmentation Disorder,Seborrheic Keratosis,0.18314657999014827,3.357043438678741,"['Seborrheic Keratosis', 'Fungal Infection Of The Hair', 'Actinic Keratosis']"
anxiety and nervousness depression depressive or psychotic symptoms excessive anger,Drug Abuse (Opioids),Dysthymic Disorder,0.11742318145025789,3.269360467005763,"['Dysthymic Disorder', 'Bipolar Disorder', 'Social Phobia']"
skin swelling skin growth itching of skin skin irritation warts,Skin Polyp,Seborrheic Keratosis,0.4654506026109946,1.2807625199770718,"['Seborrheic Keratosis', 'Skin Polyp', 'Eczema']"
sharp chest pain cough vomiting wheezing fever difficulty breathing,Pneumonia,Acute Bronchospasm,0.6461701116109169,1.0695465506519126,"['Acute Bronchospasm', 'Pneumonia', 'Asthma']"
depressive or psychotic symptoms abusing alcohol temper problems,Marijuana Abuse,Bipolar Disorder,0.19163208188676942,3.1275465301817835,"['Bipolar Disorder', 'Conduct Disorder', 'Marijuana Abuse']"
cough diminished vision pain in eye eye redness swollen eye,Conjunctivitis Due To Virus,Conjunctivitis Due To Allergy,0.36849283975604247,1.7886488673609673,"['Conjunctivitis Due To Allergy', 'Conjunctivitis Due To Virus', 'Chalazion']"
cough skin swelling fever,Viral Exanthem,Lymphadenitis,0.2953553926302574,2.7558508818855856,"['Lymphadenitis', 'Viral Exanthem', 'Impetigo']"
abnormal appearing skin skin lesion acne or pimples skin growth skin moles itching of skin skin dryness peeling scaliness or roughness,Skin Polyp,Skin Disorder,0.27580500952814707,2.0947860135767224,"['Skin Disorder', 'Skin Polyp', 'Rosacea']"
painful urination frequent urination lower abdominal pain blood in urine,Kidney Stone,Pyelonephritis,0.20653394273438877,2.2021031345489157,"['Pyelonephritis', 'Bladder Disorder', 'Urinary Tract Infection']"
sharp abdominal pain lower abdominal pain back pain problems during pregnancy cramps and spasms,Problem During Pregnancy,Threatened Pregnancy,0.4458422445634911,1.7937114917580828,"['Threatened Pregnancy', 'Problem During Pregnancy', 'Spontaneous Abortion']"
ear pain ringing in ear plugged feeling in ear fluid in ear,Conductive Hearing Loss,Otitis Externa (Swimmer'S Ear),0.25829474459744034,1.9982835036479707,"[""Otitis Externa (Swimmer'S Ear)"", 'Ear Wax Impaction', 'Ear Drum Damage']"
leg pain back pain knee pain,Chronic Pain Disorder,Sprain Or Strain,0.18012329016961676,2.6873607250548632,"['Sprain Or Strain', 'Spondylosis', 'Osteoarthritis']"
vomiting frequent urination blood in urine,Pyelonephritis,Urinary Tract Infection,0.23874119306639355,2.7983511175850797,"['Urinary Tract Infection', 'Kidney Stone', 'Pyelonephritis']"
anxiety and nervousness depression insomnia disturbance of memory temper problems,Dysthymic Disorder,Depression,0.5845017206154578,1.5844010899071375,"['Depression', 'Dysthymic Disorder', 'Bipolar Disorder']"
lower abdominal pain intermenstrual bleeding painful menstruation,Uterine Fibroids,Ovarian Cyst,0.4375046149724635,2.3140614331050426,"['Ovarian Cyst', 'Idiopathic Irregular Menstrual Cycle', 'Uterine Fibroids']"
double vision symptoms of eye pain in eye abnormal movement of eyelid spots or clouds in vision blindness,Macular Degeneration,Cataract,0.4679420823167507,1.102835559065959,"['Cataract', 'Macular Degeneration', 'Diabetic Retinopathy']"
retention of urine painful urination frequent urination lower abdominal pain back pain side pain,Kidney Stone,Cystitis,0.2683086162413606,1.9497080318585174,"['Cystitis', 'Urinary Tract Infection', 'Kidney Stone']"
shortness of breath sore throat wheezing fever abnormal breathing sounds,Croup,Interstitial Lung Disease,0.5536067419866194,1.2123987283619084,"['Interstitial Lung Disease', 'Croup', 'Acute Bronchitis']"
anxiety and nervousness depressive or psychotic symptoms excessive anger delusions or hallucinations,Social Phobia,Neurosis,0.11935190613468688,3.0127376339864718,"['Neurosis', 'Personality Disorder', 'Bipolar Disorder']"
vomiting painful urination frequent urination blood in urine back pain,Pyelonephritis,Kidney Stone,0.355195366541045,1.8255110760750488,"['Kidney Stone', 'Urinary Tract Infection', 'Pyelonephritis']"
anxiety and nervousness insomnia hostile behavior excessive anger,Schizophrenia,Post-Traumatic Stress Disorder (Ptsd),0.21230712797019669,2.4861729771678696,"['Post-Traumatic Stress Disorder (Ptsd)', 'Adjustment Reaction', 'Schizophrenia']"
white discharge from eye diminished vision symptoms of eye pain in eye lacrimation itchiness of eye,Corneal Disorder,Corneal Abrasion,0.32851805730369393,2.040583046071924,"['Corneal Abrasion', 'Chronic Glaucoma', 'Corneal Disorder']"
skin swelling skin lesion skin moles skin rash,Skin Pigmentation Disorder,Psoriasis,0.16116526442896917,2.9595098428104976,"['Psoriasis', 'Contact Dermatitis', 'Actinic Keratosis']"
white discharge from eye symptoms of eye foreign body sensation in eye,Dry Eye Of Unknown Cause,Corneal Abrasion,0.2808992000509966,1.9506947605117373,"['Corneal Abrasion', 'Chronic Glaucoma', 'Corneal Disorder']"
sharp chest pain sharp abdominal pain back pain lower body pain upper abdominal pain,Acute Pancreatitis,Cholecystitis,0.34592801922315897,1.5188636038232293,"['Cholecystitis', 'Gallstone', 'Acute Pancreatitis']"
hip pain back pain neck pain low back pain,Fibromyalgia,Chronic Back Pain,0.1380078371157809,2.6819567531258977,"['Chronic Back Pain', 'Spondylitis', 'Fibromyalgia']"
sharp abdominal pain vomiting headache nausea pain during pregnancy problems during pregnancy,Hyperemesis Gravidarum,Problem During Pregnancy,0.6538188880065915,0.9564392825484092,"['Problem During Pregnancy', 'Hyperemesis Gravidarum', 'Pain After An Operation']"
vomiting headache fever fluid retention,Infectious Gastroenteritis,Noninfectious Gastroenteritis,0.5173225700788335,2.1118665567877266,"['Noninfectious Gastroenteritis', 'Infectious Gastroenteritis', 'Strep Throat']"
sore throat nasal congestion headache facial pain nosebleed,Deviated Nasal Septum,Nose Disorder,0.612853655118457,1.2054845341129043,"['Nose Disorder', 'Deviated Nasal Septum', 'Interstitial Lung Disease']"
anxiety and nervousness depressive or psychotic symptoms insomnia fears and phobias,Schizophrenia,Anxiety,0.2489036675233286,2.359528031668594,"['Anxiety', 'Schizophrenia', 'Bipolar Disorder']"
anxiety and nervousness abusing alcohol drug abuse excessive anger delusions or hallucinations temper problems,Marijuana Abuse,Depression,0.2930520064714935,1.7250956071589167,"['Depression', 'Marijuana Abuse', 'Drug Abuse (Opioids)']"
groin mass symptoms of the scrotum and testes ache all over swollen abdomen,Abdominal Hernia,Inguinal Hernia,0.7500187621952434,1.179432748810906,"['Inguinal Hernia', 'Abdominal Hernia', 'Injury To The Trunk']"
sharp abdominal pain nausea diarrhea lower abdominal pain upper abdominal pain,Diverticulosis,Diverticulitis,0.2320392157328512,2.130039721287906,"['Diverticulitis', 'Diverticulosis', 'Appendicitis']"
sore throat abnormal breathing sounds,Eustachian Tube Dysfunction (Ear Disorder),Interstitial Lung Disease,0.21997222577016057,2.9369886743698843,"['Interstitial Lung Disease', 'Deviated Nasal Septum', 'Croup']"
retention of urine vomiting painful urination back pain,Urinary Tract Infection,Kidney Stone,0.6254189989048616,1.4137691271389448,"['Kidney Stone', 'Urinary Tract Infection', 'Epididymitis']"
ear pain allergic reaction,Seasonal Allergies (Hay Fever),Eustachian Tube Dysfunction (Ear Disorder),0.3562275318017381,3.1744423182800974,"['Eustachian Tube Dysfunction (Ear Disorder)', 'Seasonal Allergies (Hay Fever)', 'Chronic Otitis Media']"
vomiting diarrhea,Gastrointestinal Hemorrhage,Diaper Rash,0.10966201259046594,3.9243789150812773,"['Diaper Rash', 'Diverticulitis', 'Gastrointestinal Hemorrhage']"
headache back pain neck pain low back pain,Muscle Spasm,Pain After An Operation,0.166277900042153,2.6059637033739946,"['Pain After An Operation', 'Neuralgia', 'Fibromyalgia']"
sharp chest pain chest tightness cough leg swelling weakness,Heart Failure,Pulmonary Embolism,0.40456786774652254,1.6321713133699602,"['Pulmonary Embolism', 'Pulmonary Congestion', 'Heart Failure']"
skin swelling acne or pimples skin moles itching of skin skin irritation,Seborrheic Keratosis,Skin Polyp,0.3349616684478012,1.7540155699750937,"['Skin Polyp', 'Skin Disorder', 'Seborrheic Keratosis']"
skin growth foot or toe pain foot or toe swelling,Ingrown Toe Nail,Callus,0.5112693756030815,2.1835528939615747,"['Callus', 'Ingrown Toe Nail', 'Diabetic Peripheral Neuropathy']"
sharp abdominal pain nausea lower abdominal pain,Vulvodynia,Pain After An Operation,0.10493018811726468,3.2802622260623555,"['Pain After An Operation', 'Diverticulosis', 'Pyelonephritis']"
back pain low back pain loss of sensation shoulder pain,Brachial Neuritis,Degenerative Disc Disease,0.21812719418194063,2.2888524745556786,"['Degenerative Disc Disease', 'Neuralgia', 'Spondylosis']"
dizziness hoarse voice diminished hearing ear pain fluid in ear,Sensorineural Hearing Loss,Conductive Hearing Loss,0.4858148570222254,1.2126606824581914,"['Conductive Hearing Loss', 'Sensorineural Hearing Loss', 'Acute Otitis Media']"
shortness of breath cough difficulty breathing hemoptysis,Pulmonary Hypertension,Pulmonary Embolism,0.44733573916340846,2.5998109922093127,"['Pulmonary Embolism', 'Pulmonary Hypertension', 'Sepsis']"
abnormal appearing skin itching of skin,Envenomation From Spider Or Animal Bite,Drug Reaction,0.0931992523183223,3.8393997569897627,"['Drug Reaction', 'Food Allergy', 'Viral Exanthem']"
headache facial pain,Tooth Disorder,Deviated Nasal Septum,0.2701853349254335,2.9771755987944877,"['Deviated Nasal Septum', 'Concussion', 'Nose Disorder']"
skin lesion itching of skin skin dryness peeling scaliness or roughness,Skin Disorder,Eczema,0.1487705367249342,3.0576613432892685,"['Eczema', 'Rosacea', 'Fungal Infection Of The Skin']"
sharp abdominal pain headache,Ileus,Gastritis,0.1543880477178665,3.6166139909269934,"['Gastritis', 'Chronic Pain Disorder', 'Ileus']"
leg pain knee pain elbow pain,Osteoarthritis,Ankylosing Spondylitis,0.41838781239007866,1.9040496741480708,"['Ankylosing Spondylitis', 'Osteoarthritis', 'Bursitis']"
arm swelling shoulder pain shoulder stiffness or tightness,Fracture Of The Arm,Bursitis,0.5381993089120334,1.256675667917972,"['Bursitis', 'Fracture Of The Arm', 'Injury To The Shoulder']"
white discharge from eye diminished vision pain in eye lacrimation itchiness of eye,Blepharitis,Conjunctivitis Due To Virus,0.3317468940579739,1.887096509901422,"['Conjunctivitis Due To Virus', 'Corneal Abrasion', 'Chronic Glaucoma']"
diminished vision symptoms of eye foreign body sensation in eye lacrimation,Diabetic Retinopathy,Iridocyclitis,0.12028109341602099,2.7344456384333666,"['Iridocyclitis', 'Corneal Abrasion', 'Cornea Infection']"
white discharge from eye symptoms of eye foreign body sensation in eye eye redness lacrimation itchiness of eye,Dry Eye Of Unknown Cause,Corneal Abrasion,0.42017512093305337,1.6585692463555781,"['Corneal Abrasion', 'Dry Eye Of Unknown Cause', 'Corneal Disorder']"
shortness of breath sharp chest pain chest tightness cough wheezing fever difficulty breathing,Acute Respiratory Distress Syndrome (Ards),Asthma,0.3522763776191433,1.528342079299922,"['Asthma', 'Acute Respiratory Distress Syndrome (Ards)', 'Acute Bronchospasm']"
hand or finger swelling wrist swelling joint pain,Rheumatoid Arthritis,Gout,0.4300488549621407,1.3900810323941544,"['Gout', 'Rheumatoid Arthritis', 'Injury To The Arm']"
skin swelling abnormal appearing skin skin lesion acne or pimples skin dryness peeling scaliness or roughness skin irritation,Eczema,Skin Disorder,0.27313671419055835,2.1852954459495573,"['Skin Disorder', 'Skin Polyp', 'Eczema']"
sharp abdominal pain vomiting nausea lower abdominal pain low back pain side pain,Pyelonephritis,Pain After An Operation,0.42929454396593275,1.6033752406141422,"['Pain After An Operation', 'Pyelonephritis', 'Diverticulitis']"
sharp abdominal pain nausea painful urination lower abdominal pain vaginal discharge pelvic pain,Pelvic Inflammatory Disease,Vulvodynia,0.5515576181522125,1.265711576485499,"['Vulvodynia', 'Pelvic Inflammatory Disease', 'Vaginitis']"
diminished hearing ear pain,Ear Wax Impaction,Acute Otitis Media,0.18715715562657798,3.0534222205161194,"['Acute Otitis Media', 'Eustachian Tube Dysfunction (Ear Disorder)', 'Injury To The Face']"
problems with movement weakness,Hemiplegia,Multiple Sclerosis,0.23112469218306492,3.012165568632163,"['Multiple Sclerosis', 'Hypoglycemia', 'Benign Paroxysmal Positional Vertical (Bppv)']"
skin swelling abnormal appearing skin skin growth skin moles itching of skin skin dryness peeling scaliness or roughness,Skin Disorder,Skin Polyp,0.19167965215454036,2.375587089742958,"['Skin Polyp', 'Skin Disorder', 'Psoriasis']"
skin swelling fever itching of skin skin rash,Impetigo,Viral Exanthem,0.3875096402943307,2.432420728818784,"['Viral Exanthem', 'Impetigo', 'Psoriasis']"
blood in urine fever,Prostatitis,Urinary Tract Infection,0.29714546384541,3.3426907822810588,"['Urinary Tract Infection', 'Prostatitis', 'Pelvic Organ Prolapse']"
sharp abdominal pain lower abdominal pain intermenstrual bleeding cramps and spasms heavy menstrual flow painful menstruation,Uterine Fibroids,Idiopathic Irregular Menstrual Cycle,0.5331951790545335,1.4680524897215919,"['Idiopathic Irregular Menstrual Cycle', 'Uterine Fibroids', 'Spontaneous Abortion']"
depression depressive or psychotic symptoms lack of growth hostile behavior temper problems,Conduct Disorder,Attention Deficit Hyperactivity Disorder (Adhd),0.4423508927256087,1.9275119385174841,"['Attention Deficit Hyperactivity Disorder (Adhd)', 'Conduct Disorder', 'Obsessive Compulsive Disorder (Ocd)']"
nausea lower abdominal pain back pain pelvic pain,Pelvic Inflammatory Disease,Vulvodynia,0.36360424402069275,2.155061976038034,"['Vulvodynia', 'Problem During Pregnancy', 'Cystitis']"
sharp abdominal pain nausea,White Blood Cell Disease,Pyelonephritis,0.14342955863303145,3.921659665189849,"['Pyelonephritis', 'Irritable Bowel Syndrome', 'Pain After An Operation']"
abnormal appearing skin skin lesion skin growth itchy scalp,Psoriasis,Fungal Infection Of The Hair,0.5315918896915292,1.9980292576594065,"['Fungal Infection Of The Hair', 'Psoriasis', 'Fungal Infection Of The Skin']"
sharp abdominal pain nausea diarrhea,Hyperemesis Gravidarum,Liver Disease,0.07997801510717246,3.4463614850403297,"['Liver Disease', 'Gastritis', 'Diverticulosis']"
diminished vision pain in eye foreign body sensation in eye blindness,Myopia,Macular Degeneration,0.4865459453823906,1.9963929584907083,"['Macular Degeneration', 'Myopia', 'Chalazion']"
skin growth irregular appearing scalp itching of skin skin rash,Seborrheic Keratosis,Skin Pigmentation Disorder,0.22368223854201733,2.221502667482683,"['Skin Pigmentation Disorder', 'Psoriasis', 'Seborrheic Keratosis']"
abnormal appearing skin skin lesion peripheral edema foot or toe swelling,Lymphedema,Pyogenic Skin Infection,0.672097667167878,1.3283202939421708,"['Pyogenic Skin Infection', 'Lymphedema', 'Callus']"
shortness of breath sharp chest pain irregular heartbeat weight gain,Paroxysmal Ventricular Tachycardia,Heart Block,0.4804875329983341,2.0501491634354356,"['Heart Block', 'Paroxysmal Ventricular Tachycardia', 'Heart Failure']"
toothache mouth ulcer peripheral edema,Gum Disease,Tooth Disorder,0.46034677397544976,1.802714100070831,"['Tooth Disorder', 'Gum Disease', 'Oral Mucosal Lesion']"
leg pain knee pain foot or toe pain knee swelling,Ganglion Cyst,Injury To The Leg,0.5567655797065654,1.9535028849306557,"['Injury To The Leg', 'Ganglion Cyst', 'Sprain Or Strain']"
sore throat sinus congestion,Nose Disorder,Acute Sinusitis,0.35272802904257466,2.041254637615289,"['Acute Sinusitis', 'Nose Disorder', 'Chronic Sinusitis']"
sharp chest pain arm pain low back pain,Muscle Spasm,Fibromyalgia,0.3133858951671618,2.3664299846210093,"['Fibromyalgia', 'Sickle Cell Crisis', 'Muscle Spasm']"
leg pain foot or toe pain ankle pain,Sprain Or Strain,Mononeuritis,0.2624978558753775,2.0827811547813466,"['Mononeuritis', 'Sprain Or Strain', 'Injury To The Leg']"
skin swelling abnormal appearing skin irregular appearing scalp skin moles skin dryness peeling scaliness or roughness skin irritation,Skin Cancer,Skin Disorder,0.23897582289046795,2.19491327822597,"['Skin Disorder', 'Skin Polyp', 'Skin Cancer']"
vomiting upper abdominal pain,Gastroduodenal Ulcer,Esophagitis,0.2058811819133803,3.750999639832685,"['Esophagitis', 'Diverticulosis', 'Appendicitis']"
blood in stool vomiting nausea lower abdominal pain,Diverticulitis,Diverticulosis,0.34890097276247345,2.0391741665134244,"['Diverticulosis', 'Diverticulitis', 'Chronic Constipation']"
diminished vision symptoms of eye pain in eye spots or clouds in vision lacrimation,Blepharitis,Cornea Infection,0.12070732961780545,2.7171059640517488,"['Cornea Infection', 'Cataract', 'Glaucoma']"
leg pain back pain problems with movement,Arthritis Of The Hip,Peripheral Nerve Disorder,0.21202942097177696,2.659184594274186,"['Peripheral Nerve Disorder', 'Spinal Stenosis', 'Complex Regional Pain Syndrome']"
sharp abdominal pain headache nausea burning abdominal pain fever chills,Noninfectious Gastroenteritis,Infectious Gastroenteritis,0.4405633977034695,1.6912389879030225,"['Infectious Gastroenteritis', 'Noninfectious Gastroenteritis', 'Gastritis']"
anxiety and nervousness depression,Schizophrenia,Panic Disorder,0.12408416242925192,3.546946436372269,"['Panic Disorder', 'Acute Stress Reaction', 'Anxiety']"
depressive or psychotic symptoms abusing alcohol fears and phobias,Marijuana Abuse,Bipolar Disorder,0.29238588948715094,2.8028064677089666,"['Bipolar Disorder', 'Marijuana Abuse', 'Social Phobia']"
skin swelling skin lesion skin rash,Fungal Infection Of The Hair,Psoriasis,0.10727034581141172,3.372374714508568,"['Psoriasis', 'Pyogenic Skin Infection', 'Impetigo']"
depressive or psychotic symptoms abusing alcohol hysterical behavior,Conduct Disorder,Psychotic Disorder,0.4180430430895069,2.1547839328891243,"['Psychotic Disorder', 'Conduct Disorder', 'Alcohol Withdrawal']"
suprapubic pain vomiting back pain side pain,Kidney Stone,Urinary Tract Infection,0.362408817459504,2.4489290152650054,"['Urinary Tract Infection', 'Kidney Stone', 'Pyelonephritis']"
nasal congestion headache facial pain painful sinuses nosebleed,Deviated Nasal Septum,Nose Disorder,0.6315980250172476,0.771584959135016,"['Nose Disorder', 'Deviated Nasal Septum', 'Chronic Sinusitis']"
anxiety and nervousness insomnia delusions or hallucinations,Post-Traumatic Stress Disorder (Ptsd),Schizophrenia,0.1454767558723846,3.252898073377743,"['Schizophrenia', 'Adjustment Reaction', 'Bipolar Disorder']"
skin swelling skin lesion skin growth skin moles,Skin Disorder,Psoriasis,0.13274247674932943,2.9669543745088616,"['Psoriasis', 'Skin Polyp', 'Actinic Keratosis']"
abusing alcohol drug abuse,Drug Abuse (Opioids),Smoking Or Tobacco Addiction,0.23444883861900312,2.5391081887860016,"['Smoking Or Tobacco Addiction', 'Depression', 'Marijuana Abuse']"
diminished vision symptoms of eye spots or clouds in vision itchiness of eye,Blepharitis,Chronic Glaucoma,0.16211624171510156,2.592540855943554,"['Chronic Glaucoma', 'Glaucoma', 'Cornea Infection']"
blood in stool vomiting headache nausea diarrhea burning abdominal pain fever chills fluid retention,Infectious Gastroenteritis,Noninfectious Gastroenteritis,0.5041477194274548,0.7513381445664037,"['Noninfectious Gastroenteritis', 'Infectious Gastroenteritis', 'Diverticulitis']"
sharp abdominal pain painful urination vaginal discharge pain during pregnancy,Vaginitis,Vulvodynia,0.4685556988920876,1.5766619577436198,"['Vulvodynia', 'Benign Vaginal Discharge (Leukorrhea)', 'Vaginitis']"
depression insomnia hostile behavior delusions or hallucinations temper problems fears and phobias,Personality Disorder,Psychotic Disorder,0.3528986464629819,1.5667787607955044,"['Psychotic Disorder', 'Personality Disorder', 'Schizophrenia']"
shortness of breath vomiting wheezing fever,Acute Bronchiolitis,Acute Bronchospasm,0.3344105788430951,2.311868972533018,"['Acute Bronchospasm', 'Croup', 'Pneumonia']"
facial pain mouth ulcer ear pain jaw swelling bleeding gums pain in gums,Gum Disease,Tooth Disorder,0.492025294265731,0.8544016098770822,"['Tooth Disorder', 'Gum Disease', 'Dental Caries']"
depression depressive or psychotic symptoms temper problems low self esteem,Schizophrenia,Personality Disorder,0.4295484565140833,2.2017040428528425,"['Personality Disorder', 'Schizophrenia', 'Obsessive Compulsive Disorder (Ocd)']"
headache diarrhea burning abdominal pain decreased appetite chills fluid retention,Infectious Gastroenteritis,Noninfectious Gastroenteritis,0.555652965964346,0.7711542888511038,"['Noninfectious Gastroenteritis', 'Infectious Gastroenteritis', 'Appendicitis']"
sore throat cough headache coryza,Acute Bronchitis,Flu,0.31347663264986286,2.5275383350420113,"['Flu', 'Seasonal Allergies (Hay Fever)', 'Acute Bronchitis']"
nasal congestion vomiting fever difficulty breathing,Acute Bronchiolitis,Acute Bronchospasm,0.4137734337380087,1.948296148269793,"['Acute Bronchospasm', 'Pneumonia', 'Acute Bronchiolitis']"
depression depressive or psychotic symptoms hostile behavior excessive anger delusions or hallucinations temper problems hysterical behavior,Schizophrenia,Psychotic Disorder,0.454568751901519,1.5079660616083428,"['Psychotic Disorder', 'Schizophrenia', 'Conduct Disorder']"
abusing alcohol drug abuse excessive anger delusions or hallucinations,Post-Traumatic Stress Disorder (Ptsd),Depression,0.2769054351280491,2.0144656610613647,"['Depression', 'Marijuana Abuse', 'Drug Abuse (Opioids)']"
sharp abdominal pain heavy menstrual flow,Idiopathic Excessive Menstruation,Vaginal Cyst,0.14960923950474703,3.640249719643894,"['Vaginal Cyst', 'Idiopathic Painful Menstruation', 'Idiopathic Irregular Menstrual Cycle']"
shortness of breath chest tightness increased heart rate sweating,Mitral Valve Disease,Angina,0.2973268381940162,2.1138861101855655,"['Angina', 'Heart Attack', 'Mitral Valve Disease']"
leg pain hip pain problems with movement paresthesia,Spondylolisthesis,Spinal Stenosis,0.4324614540303812,1.9297679664816942,"['Spinal Stenosis', 'Spondylolisthesis', 'Arthritis Of The Hip']"
sharp abdominal pain headache diarrhea burning abdominal pain decreased appetite fluid retention,Noninfectious Gastroenteritis,Infectious Gastroenteritis,0.48118423267513816,0.9882432433015382,"['Infectious Gastroenteritis', 'Noninfectious Gastroenteritis', 'Diabetic Ketoacidosis']"
sore throat vomiting,Esophagitis,Flu,0.22657767385099023,3.3883383416396953,"['Flu', 'Otitis Media', 'Acute Bronchospasm']"
abnormal appearing skin neck mass back mass or lump,Lipoma,Sebaceous Cyst,0.5027822252287599,1.5056478672150804,"['Sebaceous Cyst', 'Lipoma', 'Spondylitis']"
vomiting painful urination frequent urination lower abdominal pain blood in urine side pain,Pyelonephritis,Kidney Stone,0.34833834776587447,1.539921097549108,"['Kidney Stone', 'Urinary Tract Infection', 'Pyelonephritis']"
retention of urine suprapubic pain involuntary urination blood in urine back pain,Temporary Or Benign Blood In Urine,Cystitis,0.5740902075377122,1.638203606929352,"['Cystitis', 'Temporary Or Benign Blood In Urine', 'Pelvic Organ Prolapse']"
sharp chest pain sharp abdominal pain vomiting nausea side pain lower body pain upper abdominal pain regurgitation 1,Cholecystitis,Gallstone,0.5466715493449015,0.9077398966568027,"['Gallstone', 'Cholecystitis', 'Acute Pancreatitis']"
symptoms of eye spots or clouds in vision blindness,Macular Degeneration,Cataract,0.29964215765643637,2.297074299176826,"['Cataract', 'Myopia', 'Macular Degeneration']"
sharp chest pain sharp abdominal pain vomiting side pain regurgitation 1,Cholecystitis,Gallstone,0.37806589488717757,1.9829976858264127,"['Gallstone', 'Cholecystitis', 'Gastritis']"
suprapubic pain vaginal itching lower abdominal pain vaginal redness,Vaginitis,Vaginal Yeast Infection,0.5628543369269512,1.1961952021701379,"['Vaginal Yeast Infection', 'Vaginitis', 'Benign Vaginal Discharge (Leukorrhea)']"
symptoms of eye eye redness eye burns or stings,Blepharitis,Conjunctivitis Due To Allergy,0.3172869095321827,1.9823976782799027,"['Conjunctivitis Due To Allergy', 'Blepharitis', 'Stye']"
skin swelling skin growth skin moles,Seborrheic Keratosis,Psoriasis,0.14382893843838487,3.07620917427348,"['Psoriasis', 'Skin Polyp', 'Viral Warts']"
shortness of breath chest tightness cough leg swelling weakness,Pulmonary Congestion,Pulmonary Embolism,0.34190521304143373,1.5084634303867892,"['Pulmonary Embolism', 'Pulmonary Congestion', 'Heart Failure']"
cough nasal congestion headache ear pain coryza,Common Cold,Nose Disorder,0.35364192320085663,2.014705860528515,"['Nose Disorder', 'Common Cold', 'Seasonal Allergies (Hay Fever)']"
sharp chest pain sharp abdominal pain nausea back pain side pain lower body pain upper abdominal pain,Acute Pancreatitis,Cholecystitis,0.3601812392112783,1.3951960287290701,"['Cholecystitis', 'Gallstone', 'Acute Pancreatitis']"
skin swelling hand or finger swelling abnormal appearing skin skin lesion peripheral edema leg swelling skin rash,Pyogenic Skin Infection,Insect Bite,0.6194634291624764,0.8189232544654463,"['Insect Bite', 'Pyogenic Skin Infection', 'Lymphedema']"
diminished vision foreign body sensation in eye eye redness,Corneal Abrasion,Chalazion,0.16009528992029282,2.6381272333897234,"['Chalazion', 'Dry Eye Of Unknown Cause', 'Iridocyclitis']"
jaundice upper abdominal pain,Choledocholithiasis,Liver Disease,0.3886251926606586,3.017289500431168,"['Liver Disease', 'Choledocholithiasis', 'Esophagitis']"
leg pain hip pain low back pain,Chronic Back Pain,Fibromyalgia,0.1995529164723395,2.851252979180877,"['Fibromyalgia', 'Neuralgia', 'Sickle Cell Crisis']"
diarrhea lower abdominal pain burning abdominal pain constipation,Ileus,Diverticulitis,0.5441984115300642,1.1292165037253308,"['Diverticulitis', 'Ileus', 'Chronic Constipation']"
abusing alcohol,Drug Abuse (Opioids),Acute Pancreatitis,0.206737537712539,3.2553844770672455,"['Acute Pancreatitis', 'Conduct Disorder', 'Alcohol Withdrawal']"
insomnia abusing alcohol hostile behavior drug abuse temper problems,Depression,Post-Traumatic Stress Disorder (Ptsd),0.6587513170474666,1.1197306733054162,"['Post-Traumatic Stress Disorder (Ptsd)', 'Depression', 'Marijuana Abuse']"
acne or pimples irregular appearing scalp skin moles skin dryness peeling scaliness or roughness,Dermatitis Due To Sun Exposure,Skin Pigmentation Disorder,0.2275223695393157,2.35695243989797,"['Skin Pigmentation Disorder', 'Dermatitis Due To Sun Exposure', 'Skin Polyp']"
sharp abdominal pain intermenstrual bleeding pain during pregnancy spotting or bleeding during pregnancy cramps and spasms blood clots during menstrual periods heavy menstrual flow,Spontaneous Abortion,Vaginal Cyst,0.5267819343244099,0.8182283040335194,"['Vaginal Cyst', 'Spontaneous Abortion', 'Threatened Pregnancy']"
skin swelling abnormal appearing skin irregular appearing scalp skin moles skin dryness peeling scaliness or roughness skin rash,Skin Pigmentation Disorder,Acne,0.20373875340610456,2.5115159665185844,"['Acne', 'Psoriasis', 'Actinic Keratosis']"
shortness of breath sharp chest pain chest tightness fever,Pulmonary Congestion,Acute Respiratory Distress Syndrome (Ards),0.21300840138883875,2.9155573436691835,"['Acute Respiratory Distress Syndrome (Ards)', 'Chronic Obstructive Pulmonary Disease (Copd)', 'Asthma']"
nausea side pain upper abdominal pain stomach bloating,Appendicitis,Cholecystitis,0.8094993406625633,0.7963041967715825,"['Cholecystitis', 'Appendicitis', 'Intestinal Obstruction']"
skin swelling skin lesion acne or pimples skin growth,Seborrheic Keratosis,Callus,0.12486939271598117,2.8043377191475765,"['Callus', 'Atrophic Skin Condition', 'Skin Polyp']"
depression hostile behavior temper problems fears and phobias low self esteem,Schizophrenia,Personality Disorder,0.4030595088571412,1.3547770872570326,"['Personality Disorder', 'Schizophrenia', 'Marijuana Abuse']"
sore throat cough nasal congestion diminished hearing fluid in ear,Otitis Media,Acute Otitis Media,0.5720434949865525,1.5920030409100936,"['Acute Otitis Media', 'Otitis Media', 'Ear Wax Impaction']"
hip pain back pain low back pain knee pain lower body pain,Ankylosing Spondylitis,Spondylosis,0.3863165706361763,1.825145717183439,"['Spondylosis', 'Ankylosing Spondylitis', 'Arthritis Of The Hip']"
back pain loss of sensation paresthesia,Brachial Neuritis,Degenerative Disc Disease,0.1541784637634121,3.1489968763521623,"['Degenerative Disc Disease', 'Herniated Disk', 'Complex Regional Pain Syndrome']"
anxiety and nervousness insomnia abusing alcohol excessive anger delusions or hallucinations temper problems,Post-Traumatic Stress Disorder (Ptsd),Bipolar Disorder,0.3261149591318239,1.893337527282541,"['Bipolar Disorder', 'Post-Traumatic Stress Disorder (Ptsd)', 'Psychotic Disorder']"
sharp chest pain vomiting nausea burning abdominal pain lower body pain,Cholecystitis,Gallstone,0.3009931940941519,1.8510454603928217,"['Gallstone', 'Cholecystitis', 'Acute Pancreatitis']"
pain in eye eye redness eyelid swelling,Corneal Abrasion,Chalazion,0.4146209120535338,2.014138465593794,"['Chalazion', 'Blepharitis', 'Stye']"
sharp chest pain chest tightness difficulty breathing,Ischemic Heart Disease,Acute Respiratory Distress Syndrome (Ards),0.13882527998552344,2.9762706425277865,"['Acute Respiratory Distress Syndrome (Ards)', 'Acute Bronchospasm', 'Hypertensive Heart Disease']"
sharp chest pain sharp abdominal pain vomiting headache nausea fever,Gastritis,Hypokalemia,0.5069155412770793,1.695704229121806,"['Hypokalemia', 'Gastritis', 'Pain After An Operation']"
skin swelling abnormal appearing skin skin moles skin dryness peeling scaliness or roughness skin irritation,Contact Dermatitis,Skin Disorder,0.22999579651174973,2.2034833153305144,"['Skin Disorder', 'Contact Dermatitis', 'Skin Polyp']"
sharp abdominal pain nausea lower abdominal pain burning abdominal pain upper abdominal pain,Diverticulitis,Appendicitis,0.1938908520876925,2.828064371647688,"['Appendicitis', 'Diverticulitis', 'Irritable Bowel Syndrome']"
symptoms of eye spots or clouds in vision itchiness of eye,Macular Degeneration,Chronic Glaucoma,0.16698151377085416,2.647751890698161,"['Chronic Glaucoma', 'Blepharitis', 'Glaucoma']"
white discharge from eye diminished vision double vision symptoms of eye pain in eye lacrimation itchiness of eye,Dry Eye Of Unknown Cause,Corneal Disorder,0.5708632138289143,1.499120541881184,"['Corneal Disorder', 'Dry Eye Of Unknown Cause', 'Corneal Abrasion']"
anxiety and nervousness depression depressive or psychotic symptoms excessive anger temper problems hysterical behavior,Schizophrenia,Psychotic Disorder,0.447547492147947,1.5728619976901652,"['Psychotic Disorder', 'Schizophrenia', 'Conduct Disorder']"
lower abdominal pain vaginal discharge pelvic pain problems during pregnancy,Vaginal Cyst,Threatened Pregnancy,0.3486773999328577,2.0730658587341857,"['Threatened Pregnancy', 'Vaginal Cyst', 'Vaginitis']"
sharp abdominal pain intermenstrual bleeding cramps and spasms heavy menstrual flow painful menstruation frequent menstruation,Idiopathic Excessive Menstruation,Idiopathic Irregular Menstrual Cycle,0.5231230204284479,0.9403007366349369,"['Idiopathic Irregular Menstrual Cycle', 'Idiopathic Excessive Menstruation', 'Uterine Fibroids']"
painful urination lower abdominal pain vaginal discharge pain during pregnancy pelvic pain vaginal pain,Vaginitis,Vulvodynia,0.6369441643489859,0.8828112899631162,"['Vulvodynia', 'Vaginitis', 'Vaginal Cyst']"
skin swelling skin lesion acne or pimples irregular appearing scalp skin moles skin dryness peeling scaliness or roughness skin irritation,Skin Polyp,Skin Disorder,0.35764423668792533,1.8989966643147473,"['Skin Disorder', 'Skin Polyp', 'Dermatitis Due To Sun Exposure']"
white discharge from eye diminished vision symptoms of eye pain in eye foreign body sensation in eye spots or clouds in vision eye redness lacrimation,Corneal Disorder,Dry Eye Of Unknown Cause,0.4840110807320764,1.5270623859499508,"['Dry Eye Of Unknown Cause', 'Corneal Disorder', 'Chronic Glaucoma']"
sharp abdominal pain pelvic pain problems during pregnancy cramps and spasms uterine contractions,Spontaneous Abortion,Threatened Pregnancy,0.7693196670516012,0.711542869360256,"['Threatened Pregnancy', 'Spontaneous Abortion', 'Problem During Pregnancy']"
sore throat nasal congestion fever skin rash,Oral Thrush (Yeast Infection),Strep Throat,0.4554164403495979,2.6680715933833783,"['Strep Throat', 'Oral Thrush (Yeast Infection)', 'Impetigo']"
abnormal appearing skin skin growth skin moles itching of skin skin irritation,Seborrheic Keratosis,Skin Disorder,0.35789711856315887,1.9002685468141436,"['Skin Disorder', 'Seborrheic Keratosis', 'Skin Polyp']"
difficulty speaking loss of sensation,Hemiplegia,Transient Ischemic Attack,0.23547030348988396,3.795018272057679,"['Transient Ischemic Attack', 'Hemiplegia', 'Marijuana Abuse']"
skin swelling skin growth skin dryness peeling scaliness or roughness,Hemangioma,Psoriasis,0.114812057957956,3.0816824324574403,"['Psoriasis', 'Onychomycosis', 'Skin Polyp']"
skin swelling acne or pimples skin growth irregular appearing scalp skin moles itching of skin skin dryness peeling scaliness or roughness,Skin Disorder,Skin Polyp,0.3452698474533532,1.7270234917247054,"['Skin Polyp', 'Skin Pigmentation Disorder', 'Skin Disorder']"
sharp chest pain leg pain headache arm pain neck pain low back pain,Muscle Spasm,Fibromyalgia,0.4715220104677244,1.2969806649387303,"['Fibromyalgia', 'Muscle Spasm', 'Pain After An Operation']"
white discharge from eye symptoms of eye pain in eye foreign body sensation in eye eye redness lacrimation itchiness of eye,Corneal Disorder,Corneal Abrasion,0.3803292769269107,1.7783428140861752,"['Corneal Abrasion', 'Corneal Disorder', 'Dry Eye Of Unknown Cause']"
suprapubic pain sharp abdominal pain frequent urination lower abdominal pain blood in urine,Bladder Disorder,Pyelonephritis,0.32093198615232116,2.0805743951998585,"['Pyelonephritis', 'Cystitis', 'Bladder Disorder']"
back pain paresthesia,Spondylolisthesis,Ankylosing Spondylitis,0.39772243834991367,3.1145653931909933,"['Ankylosing Spondylitis', 'Complex Regional Pain Syndrome', 'Degenerative Disc Disease']"
white discharge from eye diminished vision symptoms of eye pain in eye itchiness of eye eye burns or stings,Blepharitis,Chronic Glaucoma,0.4614702322216416,1.5321665995076454,"['Chronic Glaucoma', 'Blepharitis', 'Corneal Abrasion']"
skin swelling lip swelling abnormal appearing skin skin growth skin moles,Skin Cancer,Viral Warts,0.2838970337892138,2.193723455619581,"['Viral Warts', 'Atrophic Skin Condition', 'Skin Cancer']"
cough leg swelling weakness,Heart Failure,Pulmonary Embolism,0.3506653022562017,2.37630989917993,"['Pulmonary Embolism', 'Heart Failure', 'Pulmonary Congestion']"
foreign body sensation in eye itchiness of eye,Chronic Glaucoma,Dry Eye Of Unknown Cause,0.1363792690754226,3.0558719142886064,"['Dry Eye Of Unknown Cause', 'Glaucoma', 'Corneal Abrasion']"
skin swelling skin lesion foot or toe pain skin rash,Callus,Pyogenic Skin Infection,0.7491318534994508,1.373565476096137,"['Pyogenic Skin Infection', 'Callus', 'Onychomycosis']"
cough fever,Otitis Externa (Swimmer'S Ear),Asthma,0.046257963354277,4.720842040492022,"['Asthma', 'Interstitial Lung Disease', 'Teething Syndrome']"
skin swelling acne or pimples itching of skin skin dryness peeling scaliness or roughness skin irritation,Eczema,Skin Disorder,0.21170475616249151,2.135369426297377,"['Skin Disorder', 'Eczema', 'Skin Polyp']"
sharp abdominal pain back pain regurgitation 1,Cholecystitis,Gallstone,0.4230446720522358,2.0870381213846154,"['Gallstone', 'Cholecystitis', 'Hiatal Hernia']"
depressive or psychotic symptoms hostile behavior excessive anger delusions or hallucinations fears and phobias,Marijuana Abuse,Personality Disorder,0.3035868281703565,2.1106335539414136,"['Personality Disorder', 'Marijuana Abuse', 'Psychotic Disorder']"
skin swelling irregular appearing scalp itching of skin skin dryness peeling scaliness or roughness warts,Eczema,Skin Pigmentation Disorder,0.3843785660155746,1.7140523994106593,"['Skin Pigmentation Disorder', 'Skin Polyp', 'Eczema']"
hip pain neck pain loss of sensation paresthesia shoulder pain,Spinal Stenosis,Degenerative Disc Disease,0.31336795613111723,1.664224509454829,"['Degenerative Disc Disease', 'Spondylosis', 'Spinal Stenosis']"
sharp chest pain sharp abdominal pain vomiting side pain,Choledocholithiasis,Sickle Cell Crisis,0.32324313997765897,2.5622597266666007,"['Sickle Cell Crisis', 'Pain After An Operation', 'Hyponatremia']"
diminished vision double vision symptoms of eye abnormal movement of eyelid spots or clouds in vision,Cataract,Diabetic Retinopathy,0.3014556799211775,1.5493808327270222,"['Diabetic Retinopathy', 'Cataract', 'Macular Degeneration']"
abnormal involuntary movements back pain low back pain,Muscle Spasm,Complex Regional Pain Syndrome,0.30067463155275653,3.1081048865651457,"['Complex Regional Pain Syndrome', 'Muscle Spasm', 'Bell Palsy']"
sore throat facial pain ear pain sinus congestion,Nose Disorder,Acute Sinusitis,0.35819012198799016,1.7298042151164172,"['Acute Sinusitis', 'Chronic Sinusitis', 'Nose Disorder']"
diminished vision symptoms of eye pain in eye eye redness lacrimation,Dry Eye Of Unknown Cause,Conjunctivitis Due To Allergy,0.23002285076851675,2.6239243762664053,"['Conjunctivitis Due To Allergy', 'Chalazion', 'Corneal Abrasion']"
abnormal appearing skin acne or pimples skin growth irregular appearing scalp itching of skin skin irritation,Seborrheic Keratosis,Skin Disorder,0.31836054189098195,1.7954259302725157,"['Skin Disorder', 'Seborrheic Keratosis', 'Fungal Infection Of The Hair']"
back pain low back pain side pain,Pain After An Operation,Kidney Stone,0.2044196513742985,2.9561440829770733,"['Kidney Stone', 'Pyelonephritis', 'Pain After An Operation']"
anxiety and nervousness depressive or psychotic symptoms insomnia abusing alcohol excessive anger temper problems,Drug Abuse (Opioids),Bipolar Disorder,0.3291551406347177,1.9540321125310942,"['Bipolar Disorder', 'Psychotic Disorder', 'Post-Traumatic Stress Disorder (Ptsd)']"
acne or pimples skin growth irregular appearing scalp itching of skin skin rash,Seborrheic Dermatitis,Skin Pigmentation Disorder,0.2798148941422792,1.9011360596814912,"['Skin Pigmentation Disorder', 'Fungal Infection Of The Hair', 'Seborrheic Keratosis']"
sharp chest pain chest tightness fainting decreased heart rate increased heart rate,Paroxysmal Ventricular Tachycardia,Sinus Bradycardia,0.5174093981596314,1.1414808565363448,"['Sinus Bradycardia', 'Paroxysmal Ventricular Tachycardia', 'Heart Attack']"
cough nasal congestion plugged feeling in ear fluid in ear pulling at ears,Ear Drum Damage,Ear Wax Impaction,0.3777878002983774,1.6703076872062916,"['Ear Wax Impaction', 'Ear Drum Damage', 'Otitis Media']"
retention of urine sharp abdominal pain painful urination back pain,Urinary Tract Obstruction,Prostatitis,0.22694357721708794,2.4340159063387494,"['Prostatitis', 'Urinary Tract Obstruction', 'Kidney Stone']"
anxiety and nervousness depression insomnia excessive anger,Personality Disorder,Adjustment Reaction,0.1476038352095275,2.884164358497605,"['Adjustment Reaction', 'Dysthymic Disorder', 'Bipolar Disorder']"
shortness of breath sharp chest pain cough,Pulmonary Hypertension,Esophagitis,0.13863913640290904,3.239380819355808,"['Esophagitis', 'Pulmonary Congestion', 'Chronic Obstructive Pulmonary Disease (Copd)']"
symptoms of eye foreign body sensation in eye lacrimation itchiness of eye eye burns or stings,Chronic Glaucoma,Cornea Infection,0.43090476400347827,1.8054134381852096,"['Cornea Infection', 'Chronic Glaucoma', 'Iridocyclitis']"
depression depressive or psychotic symptoms insomnia delusions or hallucinations fears and phobias,Bipolar Disorder,Psychotic Disorder,0.2211084300121962,2.2149517676422215,"['Psychotic Disorder', 'Bipolar Disorder', 'Schizophrenia']"
depression insomnia excessive anger delusions or hallucinations temper problems,Schizophrenia,Bipolar Disorder,0.18099325735924465,2.500933304976557,"['Bipolar Disorder', 'Schizophrenia', 'Post-Traumatic Stress Disorder (Ptsd)']"
cough ear pain plugged feeling in ear fluid in ear fever,Otitis Externa (Swimmer'S Ear),Chronic Otitis Media,0.24747612527245189,2.118493082048381,"['Chronic Otitis Media', ""Otitis Externa (Swimmer'S Ear)"", 'Ear Wax Impaction']"
skin swelling lip swelling abnormal appearing skin skin lesion,Atrophic Skin Condition,Viral Warts,0.2306892324678628,2.3291782244728836,"['Viral Warts', 'Insect Bite', 'Skin Cancer']"
skin lesion skin growth,Skin Disorder,Fungal Infection Of The Hair,0.08857037548245106,3.571677789204509,"['Fungal Infection Of The Hair', 'Skin Cancer', 'Rosacea']"
skin swelling skin lesion itching of skin skin irritation,Seborrheic Keratosis,Skin Disorder,0.19888519188728074,2.6538256115871266,"['Skin Disorder', 'Eczema', 'Skin Polyp']"
cough diminished hearing ear pain fluid in ear pulling at ears,Ear Wax Impaction,Otitis Media,0.4262230036985564,1.5835694391694624,"['Otitis Media', 'Ear Wax Impaction', 'Ear Drum Damage']"
sharp abdominal pain vomiting side pain upper abdominal pain,Choledocholithiasis,Cholecystitis,0.25678158424267244,2.6203553046056154,"['Cholecystitis', 'Gallstone', 'Acute Pancreatitis']"
leg pain arm pain back pain neck pain low back pain shoulder pain,Herniated Disk,Sprain Or Strain,0.2381893841882936,2.1320636413122998,"['Sprain Or Strain', 'Herniated Disk', 'Spondylosis']"
weight gain fatigue,Iron Deficiency Anemia,Paroxysmal Ventricular Tachycardia,0.32017488167655034,2.635391652134498,"['Paroxysmal Ventricular Tachycardia', 'Obstructive Sleep Apnea (Osa)', 'Iron Deficiency Anemia']"
sharp abdominal pain vomiting,Gastrointestinal Hemorrhage,Sickle Cell Crisis,0.11052363097027239,3.7389141842143827,"['Sickle Cell Crisis', 'Pyelonephritis', 'Kidney Stone']"
leg pain back pain neck pain paresthesia,Complex Regional Pain Syndrome,Spondylosis,0.17513501309163465,2.704753731588886,"['Spondylosis', 'Complex Regional Pain Syndrome', 'Degenerative Disc Disease']"
dizziness fatigue,Ischemic Heart Disease,Acute Stress Reaction,0.14938302619016694,4.215549867362593,"['Acute Stress Reaction', 'Mitral Valve Disease', 'Paroxysmal Ventricular Tachycardia']"
anxiety and nervousness depression insomnia excessive anger delusions or hallucinations fears and phobias hysterical behavior,Schizophrenia,Psychotic Disorder,0.5058065288076784,1.0145604121968717,"['Psychotic Disorder', 'Schizophrenia', 'Adjustment Reaction']"
arm pain low back pain loss of sensation shoulder pain ache all over,Spondylosis,Neuralgia,0.44272533982460965,1.3699948795631127,"['Neuralgia', 'Spondylosis', 'Herniated Disk']"
constipation,Chronic Constipation,Diverticulitis,0.30575098197563816,2.980515252018253,"['Diverticulitis', 'Oral Thrush (Yeast Infection)', 'Chronic Constipation']"
headache double vision pain in eye,Fracture Of The Facial Bones,Corneal Disorder,0.13674853243244284,3.482651320590053,"['Corneal Disorder', 'Fracture Of The Facial Bones', 'Concussion']"
back pain loss of sensation,Spondylosis,Muscle Spasm,0.07764001024880164,3.773120968092819,"['Muscle Spasm', 'Degenerative Disc Disease', 'Neuralgia']"
painful urination frequent urination back pain,Kidney Stone,Urinary Tract Obstruction,0.160062902474122,3.034142795427706,"['Urinary Tract Obstruction', 'Pyelonephritis', 'Cystitis']"
white discharge from eye double vision symptoms of eye foreign body sensation in eye itchiness of eye,Dry Eye Of Unknown Cause,Corneal Disorder,0.501276969712029,1.2825351295355896,"['Corneal Disorder', 'Dry Eye Of Unknown Cause', 'Corneal Abrasion']"
depression insomnia abusing alcohol excessive anger,Psychotic Disorder,Bipolar Disorder,0.35208365411729486,2.1939459554996494,"['Bipolar Disorder', 'Social Phobia', 'Psychotic Disorder']"
retention of urine suprapubic pain vomiting frequent urination lower abdominal pain,Kidney Stone,Urinary Tract Infection,0.5326050226878603,1.1113442365957729,"['Urinary Tract Infection', 'Kidney Stone', 'Bladder Disorder']"
skin moles itching of skin skin irritation,Seborrheic Keratosis,Skin Disorder,0.2542299169544058,1.845911025654516,"['Skin Disorder', 'Seborrheic Keratosis', 'Contact Dermatitis']"
sharp chest pain sore throat cough fever difficulty breathing,Acute Bronchitis,Pneumonia,0.3400665796802339,1.8688951488208594,"['Pneumonia', 'Acute Bronchospasm', 'Acute Bronchitis']"
sharp abdominal pain vaginal discharge cramps and spasms,Idiopathic Painful Menstruation,Vulvodynia,0.2509950488877475,2.903444186543597,"['Vulvodynia', 'Threatened Pregnancy', 'Idiopathic Painful Menstruation']"
sharp abdominal pain vomiting blood in urine low back pain side pain,Pyelonephritis,Kidney Stone,0.5397989975073246,1.0978015077098735,"['Kidney Stone', 'Pyelonephritis', 'Pain After An Operation']"
anxiety and nervousness depression insomnia abusing alcohol delusions or hallucinations temper problems fears and phobias,Bipolar Disorder,Psychotic Disorder,0.4838139761133173,1.1788683121248729,"['Psychotic Disorder', 'Bipolar Disorder', 'Marijuana Abuse']"
skin lesion acne or pimples irregular appearing scalp skin dryness peeling scaliness or roughness,Fungal Infection Of The Hair,Fungal Infection Of The Skin,0.16742641911453468,2.472754047980395,"['Fungal Infection Of The Skin', 'Eczema', 'Dermatitis Due To Sun Exposure']"
sharp chest pain chest tightness cough leg swelling,Pulmonary Congestion,Pulmonary Embolism,0.3836703373830036,1.938074718122825,"['Pulmonary Embolism', 'Pulmonary Congestion', 'Heart Failure']"
skin swelling skin lesion skin growth irregular appearing scalp skin moles itching of skin skin dryness peeling scaliness or roughness,Skin Disorder,Skin Pigmentation Disorder,0.24726289510509505,2.071960497384347,"['Skin Pigmentation Disorder', 'Skin Polyp', 'Psoriasis']"
hand or finger pain elbow pain paresthesia,Carpal Tunnel Syndrome,Brachial Neuritis,0.6498707052334195,1.2368996387244935,"['Brachial Neuritis', 'Carpal Tunnel Syndrome', 'Ankylosing Spondylitis']"
suprapubic pain sharp abdominal pain lower abdominal pain blood in urine back pain side pain,Kidney Stone,Pyelonephritis,0.40625062988597505,1.7948582983630361,"['Pyelonephritis', 'Cystitis', 'Kidney Stone']"
anxiety and nervousness insomnia abusing alcohol delusions or hallucinations,Social Phobia,Bipolar Disorder,0.2814841902927601,2.4064504562687863,"['Bipolar Disorder', 'Psychotic Disorder', 'Drug Abuse (Opioids)']"
anxiety and nervousness depression abusing alcohol hostile behavior temper problems,Psychotic Disorder,Post-Traumatic Stress Disorder (Ptsd),0.28104469597067494,2.247765812915877,"['Post-Traumatic Stress Disorder (Ptsd)', 'Depression', 'Psychotic Disorder']"
skin swelling abnormal appearing skin skin lesion back mass or lump arm lump or mass,Sebaceous Cyst,Lipoma,0.5312665763673659,1.3263913801393192,"['Lipoma', 'Sebaceous Cyst', 'Molluscum Contagiosum']"
sharp abdominal pain vomiting burning abdominal pain,Gastritis,Sickle Cell Crisis,0.13588061881583086,3.4660971119960284,"['Sickle Cell Crisis', 'Esophagitis', 'Acute Pancreatitis']"
anxiety and nervousness depressive or psychotic symptoms hostile behavior temper problems,Personality Disorder,Post-Traumatic Stress Disorder (Ptsd),0.1755137522818165,2.9748963477243984,"['Post-Traumatic Stress Disorder (Ptsd)', 'Attention Deficit Hyperactivity Disorder (Adhd)', 'Personality Disorder']"
suprapubic pain vomiting painful urination frequent urination lower abdominal pain blood in urine back pain,Kidney Stone,Urinary Tract Infection,0.3911576976176838,1.2930257585003806,"['Urinary Tract Infection', 'Kidney Stone', 'Pyelonephritis']"
cough skin swelling abnormal appearing skin allergic reaction skin rash,Allergy,Eczema,0.5107316336951773,1.7616086626570757,"['Eczema', 'Allergy', 'Food Allergy']"
sharp abdominal pain diarrhea decreased appetite fever,Hypovolemia,Infectious Gastroenteritis,0.21284024385756461,2.5887153274305215,"['Infectious Gastroenteritis', 'Appendicitis', 'Hypovolemia']"
painful urination frequent urination lower abdominal pain blood in urine side pain,Cystitis,Pyelonephritis,0.26414023011219145,2.008799726379875,"['Pyelonephritis', 'Urinary Tract Infection', 'Cystitis']"
sore throat cough ear pain fever sinus congestion,Acute Sinusitis,Chronic Sinusitis,0.34172553903864494,1.8728434777569245,"['Chronic Sinusitis', 'Acute Sinusitis', 'Nose Disorder']"
blood in stool sharp abdominal pain melena rectal bleeding constipation,Rectal Disorder,Hemorrhoids,0.3562340880224888,1.6460810068747918,"['Hemorrhoids', 'Rectal Disorder', 'Diverticulosis']"
skin swelling lip swelling abnormal appearing skin skin moles,Skin Cancer,Viral Warts,0.28086913315909184,2.2733764699259513,"['Viral Warts', 'Hemangioma', 'Skin Cancer']"
retention of urine vomiting painful urination lower abdominal pain blood in urine side pain,Urinary Tract Infection,Kidney Stone,0.5333372370990155,1.1325003804569511,"['Kidney Stone', 'Urinary Tract Infection', 'Prostatitis']"
weakness loss of sensation symptoms of the face,Transient Ischemic Attack,Bell Palsy,0.5145831633597739,1.83723530643302,"['Bell Palsy', 'Transient Ischemic Attack', 'Actinic Keratosis']"
diminished vision symptoms of eye spots or clouds in vision lacrimation itchiness of eye eye burns or stings,Cornea Infection,Chronic Glaucoma,0.3174070502941636,1.5961667409805753,"['Chronic Glaucoma', 'Blepharitis', 'Cornea Infection']"
abusing alcohol hostile behavior excessive anger,Conduct Disorder,Post-Traumatic Stress Disorder (Ptsd),0.2588787620502281,2.2156282491592396,"['Post-Traumatic Stress Disorder (Ptsd)', 'Conduct Disorder', 'Marijuana Abuse']"
diminished vision double vision pain in eye foreign body sensation in eye lacrimation itchiness of eye,Dry Eye Of Unknown Cause,Corneal Disorder,0.3199228932439974,1.9334533114102617,"['Corneal Disorder', 'Macular Degeneration', 'Dry Eye Of Unknown Cause']"
skin swelling abnormal appearing skin itching of skin skin dryness peeling scaliness or roughness,Skin Polyp,Rosacea,0.11115546784347699,3.1926004174111897,"['Rosacea', 'Skin Disorder', 'Skin Polyp']"
skin swelling acne or pimples skin moles itching of skin skin irritation,Skin Disorder,Skin Polyp,0.3349616684478012,1.7540155699750937,"['Skin Polyp', 'Skin Disorder', 'Seborrheic Keratosis']"
toothache mouth ulcer ear pain jaw swelling gum pain pain in gums,Gum Disease,Tooth Disorder,0.5336075335832114,1.0059872781041783,"['Tooth Disorder', 'Gum Disease', 'Dental Caries']"
shortness of breath sharp chest pain cough vomiting fever coryza,Pneumonia,Acute Bronchospasm,0.5123802743376648,1.6736701221832115,"['Acute Bronchospasm', 'Pneumonia', 'Chronic Obstructive Pulmonary Disease (Copd)']"
symptoms of eye foreign body sensation in eye,Diabetic Retinopathy,Dry Eye Of Unknown Cause,0.11705191826259122,3.0657279185323354,"['Dry Eye Of Unknown Cause', 'Iridocyclitis', 'Corneal Abrasion']"
dizziness abnormal involuntary movements loss of sensation leg weakness,Peripheral Nerve Disorder,Multiple Sclerosis,0.5607155266824491,1.3790836790436307,"['Multiple Sclerosis', 'Peripheral Nerve Disorder', 'Bell Palsy']"
leg pain hip pain back pain neck pain low back pain shoulder pain,Degenerative Disc Disease,Neuralgia,0.2246447723809484,2.3271002969543946,"['Neuralgia', 'Spondylosis', 'Herniated Disk']"
mouth ulcer peripheral edema ear pain gum pain bleeding gums,Gum Disease,Tooth Disorder,0.6130987754091736,0.7790158950242545,"['Tooth Disorder', 'Gum Disease', 'Dental Caries']"
skin swelling skin lesion irregular appearing scalp skin dryness peeling scaliness or roughness itchy scalp skin rash,Fungal Infection Of The Skin,Psoriasis,0.4427355888262622,1.5694059778371123,"['Psoriasis', 'Fungal Infection Of The Skin', 'Fungal Infection Of The Hair']"
sharp abdominal pain vomiting burning abdominal pain fever,Noninfectious Gastroenteritis,Diverticulitis,0.1747894452856713,3.0662454748906502,"['Diverticulitis', 'Gastritis', 'Appendicitis']"
diminished vision symptoms of eye pain in eye spots or clouds in vision itchiness of eye,Cornea Infection,Chronic Glaucoma,0.15085705267926072,2.5793476376366677,"['Chronic Glaucoma', 'Cornea Infection', 'Glaucoma']"
skin swelling abnormal appearing skin acne or pimples itching of skin skin rash,Fungal Infection Of The Skin,Molluscum Contagiosum,0.16019968604531126,2.9284149356645877,"['Molluscum Contagiosum', 'Seborrheic Keratosis', 'Fungal Infection Of The Skin']"
depression depressive or psychotic symptoms excessive anger delusions or hallucinations fears and phobias low self esteem,Schizophrenia,Personality Disorder,0.40419187674847495,1.4094128526136844,"['Personality Disorder', 'Marijuana Abuse', 'Schizophrenia']"
retention of urine suprapubic pain involuntary urination frequent urination lower abdominal pain symptoms of bladder,Bladder Disorder,Cystitis,0.4965085322851835,1.1855010201168223,"['Cystitis', 'Temporary Or Benign Blood In Urine', 'Bladder Disorder']"
sore throat cough nasal congestion vomiting wheezing fever coryza,Croup,Acute Bronchospasm,0.34531809206966263,1.6564573929655855,"['Acute Bronchospasm', 'Croup', 'Pneumonia']"
cough,Gastroesophageal Reflux Disease (Gerd),Eczema,0.0976729747598082,4.212539854634272,"['Eczema', 'Teething Syndrome', 'Food Allergy']"
skin swelling abnormal appearing skin skin lesion irregular appearing scalp skin moles,Skin Polyp,Hemangioma,0.1441504059401326,2.7991594003792377,"['Hemangioma', 'Psoriasis', 'Skin Polyp']"
hand or finger pain hand or finger swelling abnormal appearing skin foot or toe pain foot or toe swelling,Paronychia,Pyogenic Skin Infection,0.5727170558843068,1.5449692265512134,"['Pyogenic Skin Infection', 'Paronychia', 'Gout']"
sharp abdominal pain painful urination vaginal discharge pelvic pain,Pelvic Inflammatory Disease,Vulvodynia,0.3352560627525889,2.4803881603276325,"['Vulvodynia', 'Vaginitis', 'Pelvic Inflammatory Disease']"
skin swelling abnormal appearing skin skin moles itching of skin skin dryness peeling scaliness or roughness,Psoriasis,Skin Polyp,0.17474501391395095,2.508877687109328,"['Skin Polyp', 'Skin Disorder', 'Contact Dermatitis']"
lower abdominal pain pelvic pain problems during pregnancy spotting or bleeding during pregnancy heavy menstrual flow,Spontaneous Abortion,Vaginal Cyst,0.5229872952487117,1.1885451701793137,"['Vaginal Cyst', 'Spontaneous Abortion', 'Problem During Pregnancy']"
skin swelling skin growth skin moles itching of skin,Actinic Keratosis,Skin Polyp,0.1977059177327143,2.481586670383276,"['Skin Polyp', 'Psoriasis', 'Skin Pigmentation Disorder']"
shortness of breath chest tightness fatigue,Paroxysmal Ventricular Tachycardia,Mitral Valve Disease,0.19123101408210372,3.330357597370365,"['Mitral Valve Disease', 'Ischemic Heart Disease', 'Hypertensive Heart Disease']"
headache neck pain low back pain paresthesia,Spinal Stenosis,Brachial Neuritis,0.30195399461933126,2.914102880049011,"['Brachial Neuritis', 'Spinal Stenosis', 'Complex Regional Pain Syndrome']"
vomiting nausea painful urination frequent urination lower abdominal pain blood in urine,Urinary Tract Infection,Pyelonephritis,0.4992748928428467,1.2123777256485033,"['Pyelonephritis', 'Urinary Tract Infection', 'Bladder Disorder']"
skin swelling irregular appearing scalp skin irritation,Fungal Infection Of The Hair,Skin Polyp,0.20473090125167936,2.5212440680432273,"['Skin Polyp', 'Eczema', 'Skin Cancer']"
sharp chest pain palpitations leg swelling difficulty breathing,Heart Failure,Hypertensive Heart Disease,0.5559901971295051,1.7598446509436878,"['Hypertensive Heart Disease', 'Heart Failure', 'Aortic Valve Disease']"
leg pain arm pain back pain neck pain low back pain loss of sensation shoulder pain,Degenerative Disc Disease,Herniated Disk,0.2543835969120045,1.9200695151508158,"['Herniated Disk', 'Spondylosis', 'Degenerative Disc Disease']"
white discharge from eye diminished vision foreign body sensation in eye eye redness lacrimation,Corneal Abrasion,Dry Eye Of Unknown Cause,0.32670048873851143,1.7087201564294237,"['Dry Eye Of Unknown Cause', 'Corneal Disorder', 'Corneal Abrasion']"
sharp chest pain dizziness chest tightness palpitations,Angina,Ischemic Heart Disease,0.2743333345943338,2.204545121122698,"['Ischemic Heart Disease', 'Sinus Bradycardia', 'Angina']"
leg pain arm pain neck pain low back pain loss of sensation paresthesia,Complex Regional Pain Syndrome,Herniated Disk,0.29871500806632667,1.925103035711227,"['Herniated Disk', 'Spondylosis', 'Degenerative Disc Disease']"
abnormal appearing skin skin lesion irregular appearing scalp skin dryness peeling scaliness or roughness itchy scalp skin rash,Fungal Infection Of The Hair,Psoriasis,0.33903466308968305,1.7315123934962395,"['Psoriasis', 'Fungal Infection Of The Skin', 'Fungal Infection Of The Hair']"
retention of urine sharp abdominal pain painful urination involuntary urination lower abdominal pain blood in urine symptoms of bladder,Cystitis,Bladder Disorder,0.39376713459479473,1.2194401260971763,"['Bladder Disorder', 'Temporary Or Benign Blood In Urine', 'Cystitis']"
sharp abdominal pain vomiting burning abdominal pain rectal bleeding,Chronic Constipation,Noninfectious Gastroenteritis,0.312488982936521,2.632685260742133,"['Noninfectious Gastroenteritis', 'Chronic Constipation', 'Diverticulosis']"
anxiety and nervousness insomnia hostile behavior drug abuse,Depression,Post-Traumatic Stress Disorder (Ptsd),0.31789371363875596,2.1927476950404454,"['Post-Traumatic Stress Disorder (Ptsd)', 'Neurosis', 'Personality Disorder']"
retention of urine pain in testicles involuntary urination blood in urine symptoms of prostate,Benign Prostatic Hyperplasia (Bph),Erectile Dysfunction,0.4747758510484749,1.3248522767428268,"['Erectile Dysfunction', 'Benign Prostatic Hyperplasia (Bph)', 'Urinary Tract Obstruction']"
skin swelling skin lesion acne or pimples irregular appearing scalp itching of skin skin dryness peeling scaliness or roughness skin irritation,Fungal Infection Of The Hair,Skin Disorder,0.2644917703299078,1.8733691687092118,"['Skin Disorder', 'Eczema', 'Skin Polyp']"
depression shortness of breath depressive or psychotic symptoms abnormal involuntary movements palpitations irregular heartbeat,Panic Disorder,Anxiety,0.5633897823448464,0.8654873074492004,"['Anxiety', 'Panic Disorder', 'Acute Stress Reaction']"
white discharge from eye diminished vision pain in eye eye redness swollen eye,Blepharitis,Conjunctivitis Due To Virus,0.5065752431051637,1.6638760402618535,"['Conjunctivitis Due To Virus', 'Blepharitis', 'Corneal Abrasion']"
sharp abdominal pain vomiting nausea back pain upper abdominal pain regurgitation 1,Cholecystitis,Gallstone,0.5343137088074642,1.254432643356261,"['Gallstone', 'Cholecystitis', 'Hiatal Hernia']"
sharp abdominal pain lower abdominal pain pelvic pain,Problem During Pregnancy,Cystitis,0.23778545726636272,3.1872580572028233,"['Cystitis', 'Pelvic Inflammatory Disease', 'Threatened Pregnancy']"
symptoms of eye mass on eyelid,Stye,Chronic Glaucoma,0.45267244237153503,1.8582230161108961,"['Chronic Glaucoma', 'Stye', 'Chalazion']"
double vision symptoms of eye pain in eye abnormal movement of eyelid foreign body sensation in eye lacrimation,Diabetic Retinopathy,Macular Degeneration,0.36211828273611546,1.3162142079479962,"['Macular Degeneration', 'Dry Eye Of Unknown Cause', 'Diabetic Retinopathy']"
suprapubic pain sharp abdominal pain painful urination blood in urine,Kidney Stone,Urinary Tract Obstruction,0.18747676227157067,2.4707335699110424,"['Urinary Tract Obstruction', 'Pyelonephritis', 'Temporary Or Benign Blood In Urine']"
depression depressive or psychotic symptoms insomnia excessive anger delusions or hallucinations hysterical behavior,Schizophrenia,Psychotic Disorder,0.464274715986239,1.1728731663734475,"['Psychotic Disorder', 'Schizophrenia', 'Neurosis']"
lower abdominal pain cramps and spasms long menstrual periods heavy menstrual flow unpredictable menstruation painful menstruation,Idiopathic Painful Menstruation,Idiopathic Irregular Menstrual Cycle,0.5132206609067637,1.0312444564042271,"['Idiopathic Irregular Menstrual Cycle', 'Idiopathic Painful Menstruation', 'Idiopathic Excessive Menstruation']"
vaginal itching lower abdominal pain vaginal discharge vaginal pain vaginal redness,Vaginitis,Vaginal Yeast Infection,0.6250640071881609,1.1618122629739434,"['Vaginal Yeast Infection', 'Vaginitis', 'Yeast Infection']"
ear pain plugged feeling in ear,Eustachian Tube Dysfunction (Ear Disorder),Labyrinthitis,0.12676284220257955,3.028373752664313,"['Labyrinthitis', 'Chronic Otitis Media', 'Acute Otitis Media']"
hip pain low back pain problems with movement loss of sensation leg weakness,Sciatica,Spondylolisthesis,0.5705102821669388,1.0961153973836346,"['Spondylolisthesis', 'Sciatica', 'Spinal Stenosis']"
diminished vision foreign body sensation in eye spots or clouds in vision lacrimation,Corneal Disorder,Macular Degeneration,0.1559971690224444,2.575288852982398,"['Macular Degeneration', 'Glaucoma', 'Diabetic Retinopathy']"
abnormal appearing skin acne or pimples skin moles itching of skin,Skin Disorder,Seborrheic Keratosis,0.24344573848623535,2.3522821777684895,"['Seborrheic Keratosis', 'Skin Polyp', 'Skin Disorder']"
chest tightness fainting decreased heart rate increased heart rate,Paroxysmal Ventricular Tachycardia,Sinus Bradycardia,0.49324630201145225,1.100134193373861,"['Sinus Bradycardia', 'Paroxysmal Ventricular Tachycardia', 'Heart Attack']"
sharp chest pain chest tightness leg swelling,Pulmonary Congestion,Hypertensive Heart Disease,0.2843114747084691,2.5526509148680057,"['Hypertensive Heart Disease', 'Pulmonary Embolism', 'Pulmonary Congestion']"
insomnia excessive anger temper problems,Personality Disorder,Dysthymic Disorder,0.2596792294830302,2.967616407053654,"['Dysthymic Disorder', 'Schizophrenia', 'Personality Disorder']"
hip pain back pain low back pain paresthesia lower body pain,Spinal Stenosis,Ankylosing Spondylitis,0.4244285419487888,1.7692566717873164,"['Ankylosing Spondylitis', 'Spondylosis', 'Degenerative Disc Disease']"
sore throat cough vomiting wheezing,Croup,Acute Bronchospasm,0.4391402021062581,1.9669845180759964,"['Acute Bronchospasm', 'Pneumonia', 'Common Cold']"
blood in stool sharp abdominal pain headache nausea diarrhea fever,Infectious Gastroenteritis,Noninfectious Gastroenteritis,0.42222314835932007,1.7322347676359313,"['Noninfectious Gastroenteritis', 'Infectious Gastroenteritis', 'Gastritis']"
nasal congestion white discharge from eye pain in eye itchiness of eye,Conjunctivitis Due To Virus,Conjunctivitis,0.44477426319323443,1.894467230669945,"['Conjunctivitis', 'Conjunctivitis Due To Virus', 'Chronic Glaucoma']"
depression difficulty speaking hostile behavior,Delirium,Marijuana Abuse,0.4723796113604424,2.354784809552884,"['Marijuana Abuse', 'Delirium', 'Autism']"
foreign body sensation in eye lacrimation,Diabetic Retinopathy,Iridocyclitis,0.17124750455598678,3.3532195715549253,"['Iridocyclitis', 'Macular Degeneration', 'Cornea Infection']"
intermenstrual bleeding cramps and spasms long menstrual periods painful menstruation frequent menstruation,Idiopathic Irregular Menstrual Cycle,Idiopathic Excessive Menstruation,0.514090163655087,0.7824524447840306,"['Idiopathic Excessive Menstruation', 'Idiopathic Irregular Menstrual Cycle', 'Idiopathic Painful Menstruation']"
depressive or psychotic symptoms palpitations irregular heartbeat,Anxiety,Panic Disorder,0.4234116296919066,2.6124383146643506,"['Panic Disorder', 'Anxiety', 'Aortic Valve Disease']"
pain in eye abnormal movement of eyelid foreign body sensation in eye spots or clouds in vision,Dry Eye Of Unknown Cause,Diabetic Retinopathy,0.40071786879086335,1.3728666825498137,"['Diabetic Retinopathy', 'Dry Eye Of Unknown Cause', 'Macular Degeneration']"
diminished vision double vision symptoms of eye pain in eye foreign body sensation in eye lacrimation,Dry Eye Of Unknown Cause,Macular Degeneration,0.28313578376805076,2.000962684297954,"['Macular Degeneration', 'Corneal Disorder', 'Dry Eye Of Unknown Cause']"
white discharge from eye diminished vision symptoms of eye foreign body sensation in eye lacrimation,Chronic Glaucoma,Corneal Abrasion,0.36043946961227297,1.808162159330082,"['Corneal Abrasion', 'Dry Eye Of Unknown Cause', 'Chronic Glaucoma']"
white discharge from eye pain in eye foreign body sensation in eye spots or clouds in vision eye redness lacrimation,Corneal Disorder,Dry Eye Of Unknown Cause,0.4762020156841129,1.454950554825893,"['Dry Eye Of Unknown Cause', 'Corneal Disorder', 'Glaucoma']"
cough nasal congestion eye redness,Conjunctivitis Due To Virus,Conjunctivitis,0.2424426610118952,2.904456334044136,"['Conjunctivitis', 'Conjunctivitis Due To Allergy', 'Conjunctivitis Due To Virus']"
retention of urine painful urination lower abdominal pain blood in urine symptoms of bladder,Cystitis,Bladder Disorder,0.4491851927964048,1.6691531896558307,"['Bladder Disorder', 'Temporary Or Benign Blood In Urine', 'Cystitis']"
suprapubic pain lower abdominal pain blood in urine,Temporary Or Benign Blood In Urine,Urinary Tract Infection,0.25723280077864297,2.5554175087446156,"['Urinary Tract Infection', 'Pyelonephritis', 'Cystitis']"
anxiety and nervousness hostile behavior drug abuse delusions or hallucinations,Personality Disorder,Post-Traumatic Stress Disorder (Ptsd),0.1707825815881235,2.4368777928704777,"['Post-Traumatic Stress Disorder (Ptsd)', 'Marijuana Abuse', 'Neurosis']"
hand or finger pain wrist pain,Gout,Carpal Tunnel Syndrome,0.2263225880225441,2.396412699761146,"['Carpal Tunnel Syndrome', 'Sprain Or Strain', 'Injury To The Arm']"
diminished vision eye redness itchiness of eye,Glaucoma,Conjunctivitis Due To Virus,0.1716792218110978,2.7062292120592075,"['Conjunctivitis Due To Virus', 'Glaucoma', 'Dry Eye Of Unknown Cause']"
skin swelling abnormal appearing skin skin lesion acne or pimples itching of skin skin rash,Fungal Infection Of The Skin,Molluscum Contagiosum,0.1688820093324555,2.8502669079125833,"['Molluscum Contagiosum', 'Seborrheic Keratosis', 'Fungal Infection Of The Skin']"
foreign body sensation in eye eye redness lacrimation itchiness of eye,Glaucoma,Dry Eye Of Unknown Cause,0.2253460669553062,2.37505069435542,"['Dry Eye Of Unknown Cause', 'Corneal Abrasion', 'Cornea Infection']"
suprapubic pain vomiting painful urination lower abdominal pain blood in urine low back pain,Pyelonephritis,Kidney Stone,0.5336306209885966,0.9233915248365835,"['Kidney Stone', 'Pyelonephritis', 'Urinary Tract Infection']"
sharp abdominal pain lower abdominal pain pelvic pain long menstrual periods painful menstruation,Idiopathic Painful Menstruation,Idiopathic Irregular Menstrual Cycle,0.5595712058171513,1.4431580941095554,"['Idiopathic Irregular Menstrual Cycle', 'Idiopathic Painful Menstruation', 'Idiopathic Absence Of Menstruation']"
skin swelling abnormal appearing skin itching of skin skin dryness peeling scaliness or roughness warts skin rash,Skin Pigmentation Disorder,Eczema,0.3448725656722171,1.9840370325017687,"['Eczema', 'Skin Pigmentation Disorder', 'Molluscum Contagiosum']"
abnormal appearing skin skin irritation warts skin rash,Eczema,Seborrheic Keratosis,0.5521073132725355,0.9955614765097113,"['Seborrheic Keratosis', 'Eczema', 'Molluscum Contagiosum']"
sharp abdominal pain vomiting nausea lower abdominal pain back pain,Pyelonephritis,Pain After An Operation,0.28321675602804336,2.598598201047202,"['Pain After An Operation', 'Pyelonephritis', 'Diverticulitis']"
cough sharp abdominal pain vomiting chills,White Blood Cell Disease,Sepsis,0.3543039374099444,2.797167098068669,"['Sepsis', 'White Blood Cell Disease', 'Esophagitis']"
sharp chest pain cough sharp abdominal pain,Gastroesophageal Reflux Disease (Gerd),Pleural Effusion,0.28460762683455043,2.9598379270209776,"['Pleural Effusion', 'Esophagitis', 'Gastroesophageal Reflux Disease (Gerd)']"
hand or finger pain knee pain foot or toe pain shoulder pain,Tendinitis,Sprain Or Strain,0.688206622938825,1.1259219218873366,"['Sprain Or Strain', 'Tendinitis', 'Gout']"
diminished vision double vision symptoms of eye lacrimation,Macular Degeneration,Cataract,0.2749411983230012,2.248656374303755,"['Cataract', 'Macular Degeneration', 'Corneal Disorder']"
skin swelling abnormal appearing skin skin lesion skin dryness peeling scaliness or roughness itchy scalp,Fungal Infection Of The Skin,Psoriasis,0.3691022745330713,1.811571491905283,"['Psoriasis', 'Fungal Infection Of The Hair', 'Fungal Infection Of The Skin']"
anxiety and nervousness depression excessive anger hysterical behavior,Schizophrenia,Psychotic Disorder,0.39818091406308953,2.0629727982021056,"['Psychotic Disorder', 'Schizophrenia', 'Conduct Disorder']"
shortness of breath sharp chest pain chest tightness weakness difficulty breathing,Pulmonary Embolism,Hypertensive Heart Disease,0.2254702108634143,2.5666191671312677,"['Hypertensive Heart Disease', 'Pulmonary Embolism', 'Heart Failure']"
facial pain peripheral edema,Tooth Disorder,Bell Palsy,0.14641352249827924,3.4544242765626034,"['Bell Palsy', 'Dental Caries', 'Sialoadenitis']"
blood in stool sharp abdominal pain vomiting nausea lower abdominal pain upper abdominal pain,Diverticulosis,Diverticulitis,0.5112768025094987,1.6635173729827764,"['Diverticulitis', 'Diverticulosis', 'Gastroduodenal Ulcer']"
shortness of breath abnormal breathing sounds,Interstitial Lung Disease,Obstructive Sleep Apnea (Osa),0.3718903218338138,2.5673020764339056,"['Obstructive Sleep Apnea (Osa)', 'Croup', 'Interstitial Lung Disease']"
pain during pregnancy burning abdominal pain,Hyperemesis Gravidarum,Spontaneous Abortion,0.4094357450081787,1.7865584559960794,"['Spontaneous Abortion', 'Hyperemesis Gravidarum', 'Vulvodynia']"
diminished vision symptoms of eye pain in eye foreign body sensation in eye spots or clouds in vision eye redness lacrimation,Corneal Disorder,Dry Eye Of Unknown Cause,0.2558819402586892,2.018754793317542,"['Dry Eye Of Unknown Cause', 'Cornea Infection', 'Glaucoma']"
headache nausea decreased appetite chills fluid retention,Noninfectious Gastroenteritis,Infectious Gastroenteritis,0.49809335347099354,0.9455932664262083,"['Infectious Gastroenteritis', 'Noninfectious Gastroenteritis', 'Diabetic Ketoacidosis']"
symptoms of eye spots or clouds in vision eye redness,Dry Eye Of Unknown Cause,Blepharitis,0.22763433742865916,2.3260633934025354,"['Blepharitis', 'Dry Eye Of Unknown Cause', 'Cornea Infection']"
diminished hearing ear pain,Ear Drum Damage,Acute Otitis Media,0.18715715562657798,3.0534222205161194,"['Acute Otitis Media', 'Eustachian Tube Dysfunction (Ear Disorder)', 'Injury To The Face']"
sharp abdominal pain nausea painful urination lower abdominal pain vaginal discharge back pain pelvic pain burning abdominal pain,Pelvic Inflammatory Disease,Vulvodynia,0.5048509157744054,0.8023967452754912,"['Vulvodynia', 'Pelvic Inflammatory Disease', 'Ovarian Cyst']"
hip pain headache back pain,Fibromyalgia,Neuralgia,0.44523571805089357,2.141193946188471,"['Neuralgia', 'Spinal Stenosis', 'Chronic Pain Disorder']"
skin swelling abnormal appearing skin skin lesion acne or pimples skin growth itching of skin skin rash,Fungal Infection Of The Hair,Seborrheic Keratosis,0.2798916143783216,2.590965554489847,"['Seborrheic Keratosis', 'Fungal Infection Of The Hair', 'Skin Pigmentation Disorder']"
skin swelling acne or pimples skin moles skin dryness peeling scaliness or roughness,Rosacea,Skin Polyp,0.2317714984880912,2.4988382177666435,"['Skin Polyp', 'Contact Dermatitis', 'Skin Pigmentation Disorder']"
cough headache coryza,Common Cold,Seasonal Allergies (Hay Fever),0.21029352298551535,3.2517970505359046,"['Seasonal Allergies (Hay Fever)', 'Flu', 'Acute Bronchitis']"
toothache facial pain mouth ulcer peripheral edema ear pain,Tooth Disorder,Gum Disease,0.5521569030659459,1.0763353422871378,"['Gum Disease', 'Tooth Disorder', 'Dental Caries']"
sharp abdominal pain problems during pregnancy cramps and spasms,Spontaneous Abortion,Threatened Pregnancy,0.38992155778591736,1.8168083535629846,"['Threatened Pregnancy', 'Problem During Pregnancy', 'Spontaneous Abortion']"
back pain low back pain problems with movement loss of sensation paresthesia,Spondylolisthesis,Spinal Stenosis,0.45459841890558544,1.5551640104993139,"['Spinal Stenosis', 'Complex Regional Pain Syndrome', 'Spondylolisthesis']"
leg pain knee swelling problems with movement leg swelling,Injury To The Leg,Fracture Of The Leg,0.4910081231784308,1.4625065075991244,"['Fracture Of The Leg', 'Injury To The Leg', 'Bursitis']"
cough nausea fever chills,White Blood Cell Disease,Flu,0.3639365392871372,2.395954743575989,"['Flu', 'White Blood Cell Disease', 'Infectious Gastroenteritis']"
abnormal appearing skin skin growth skin dryness peeling scaliness or roughness too little hair skin rash,Onychomycosis,Seborrheic Dermatitis,0.43092035708853355,1.4592504407567715,"['Seborrheic Dermatitis', 'Onychomycosis', 'Fungal Infection Of The Skin']"
anxiety and nervousness depression insomnia excessive anger temper problems low self esteem,Personality Disorder,Schizophrenia,0.42085637246577456,1.543175653193475,"['Schizophrenia', 'Personality Disorder', 'Dysthymic Disorder']"
depressive or psychotic symptoms insomnia hostile behavior temper problems,Depression,Schizophrenia,0.25252980237674566,2.5160945090363986,"['Schizophrenia', 'Post-Traumatic Stress Disorder (Ptsd)', 'Personality Disorder']"
leg pain hand or finger pain knee pain,Ganglion Cyst,Osteoarthritis,0.24979975911072846,2.375356079753158,"['Osteoarthritis', 'Sprain Or Strain', 'Tendinitis']"
leg pain arm pain foot or toe pain problems with movement paresthesia,Peripheral Nerve Disorder,Complex Regional Pain Syndrome,0.458101445239828,1.1929563576886428,"['Complex Regional Pain Syndrome', 'Peripheral Nerve Disorder', 'Diabetic Peripheral Neuropathy']"
cough white discharge from eye swollen eye,Conjunctivitis,Conjunctivitis Due To Virus,0.5071170316736903,1.4494875366413866,"['Conjunctivitis Due To Virus', 'Conjunctivitis', 'Blepharitis']"
sore throat cough,Nose Disorder,Flu,0.11982969721625265,3.346758346020337,"['Flu', 'Conjunctivitis', 'Esophagitis']"
diminished vision symptoms of eye pain in eye spots or clouds in vision itchiness of eye blindness,Cataract,Macular Degeneration,0.34845703453885535,1.9312688958304112,"['Macular Degeneration', 'Cataract', 'Chronic Glaucoma']"
sharp abdominal pain burning abdominal pain side pain lower body pain upper abdominal pain,Acute Pancreatitis,Gallstone,0.33686762240516016,1.6495710273114284,"['Gallstone', 'Acute Pancreatitis', 'Cholecystitis']"
sharp abdominal pain vomiting painful urination frequent urination blood in urine back pain,Pyelonephritis,Kidney Stone,0.4472839326370773,1.306914377236685,"['Kidney Stone', 'Pyelonephritis', 'Urinary Tract Infection']"
sharp chest pain vomiting nausea,Indigestion,Pain After An Operation,0.12454923089120919,3.365113571661543,"['Pain After An Operation', 'Hyponatremia', 'Hypokalemia']"
fluid in ear fever,Chronic Otitis Media,Ear Wax Impaction,0.26639182305001124,2.4062388866689055,"['Ear Wax Impaction', ""Otitis Externa (Swimmer'S Ear)"", 'Acute Otitis Media']"
leg pain,Degenerative Disc Disease,Pulmonary Embolism,0.18964860565355288,3.670953179645374,"['Pulmonary Embolism', 'Sciatica', 'Pain After An Operation']"
anxiety and nervousness depressive or psychotic symptoms drug abuse temper problems low self esteem,Marijuana Abuse,Personality Disorder,0.509581677234455,1.368671601703586,"['Personality Disorder', 'Marijuana Abuse', 'Obsessive Compulsive Disorder (Ocd)']"
paresthesia shoulder pain,Degenerative Disc Disease,Spinal Stenosis,0.2342148686220498,2.769462733285891,"['Spinal Stenosis', 'Brachial Neuritis', 'Degenerative Disc Disease']"
insomnia excessive anger,Social Phobia,Dysthymic Disorder,0.16412693922631716,3.6551235337223993,"['Dysthymic Disorder', 'Social Phobia', 'Bipolar Disorder']"
dizziness diminished hearing ringing in ear redness in ear,Conductive Hearing Loss,Eustachian Tube Dysfunction (Ear Disorder),0.43883825594365056,1.9638802227089083,"['Eustachian Tube Dysfunction (Ear Disorder)', 'Conductive Hearing Loss', 'Ear Drum Damage']"
abnormal appearing skin skin lesion skin growth irregular appearing scalp skin moles warts skin rash,Skin Pigmentation Disorder,Seborrheic Keratosis,0.49079679632637835,1.4628916781285677,"['Seborrheic Keratosis', 'Skin Pigmentation Disorder', 'Skin Cancer']"
skin swelling neck swelling gum pain mouth pain,Dental Caries,Tooth Abscess,0.6160719216163227,1.0077047012094833,"['Tooth Abscess', 'Dental Caries', 'Oral Mucosal Lesion']"
hip pain arm pain low back pain paresthesia shoulder pain,Spinal Stenosis,Herniated Disk,0.30139550282506977,1.6947463395409756,"['Herniated Disk', 'Spondylosis', 'Degenerative Disc Disease']"
sharp chest pain nausea burning abdominal pain side pain lower body pain,Gallstone,Cholecystitis,0.31932979618493823,1.8001010168490286,"['Cholecystitis', 'Gallstone', 'Acute Pancreatitis']"
depression,Marijuana Abuse,Acute Stress Reaction,0.11786890418317114,4.3996602717026505,"['Acute Stress Reaction', 'Panic Disorder', 'Anxiety']"
intermenstrual bleeding heavy menstrual flow,Idiopathic Irregular Menstrual Cycle,Iron Deficiency Anemia,0.5032475664603298,2.184815430402108,"['Iron Deficiency Anemia', 'Spontaneous Abortion', 'Vaginal Cyst']"
cough ear pain plugged feeling in ear fluid in ear,Otitis Media,Chronic Otitis Media,0.23847330983278847,2.488538021594974,"['Chronic Otitis Media', 'Acute Otitis Media', ""Otitis Externa (Swimmer'S Ear)""]"
white discharge from eye pain in eye foreign body sensation in eye spots or clouds in vision eye redness,Corneal Disorder,Dry Eye Of Unknown Cause,0.46245318657592155,1.5300963914206407,"['Dry Eye Of Unknown Cause', 'Corneal Disorder', 'Chronic Glaucoma']"
leg pain neck pain low back pain lower body pain,Spinal Stenosis,Chronic Back Pain,0.17436362016985912,2.351129431130683,"['Chronic Back Pain', 'Degenerative Disc Disease', 'Spinal Stenosis']"
foreign body sensation in eye eye redness,Corneal Abrasion,Dry Eye Of Unknown Cause,0.18946970091845644,2.6512186070605277,"['Dry Eye Of Unknown Cause', 'Iridocyclitis', 'Myopia']"
diminished vision pain in eye eye redness itchiness of eye,Cornea Infection,Conjunctivitis Due To Virus,0.16620905440978778,2.692371655311337,"['Conjunctivitis Due To Virus', 'Conjunctivitis Due To Allergy', 'Corneal Abrasion']"
insomnia abusing alcohol hostile behavior temper problems,Psychotic Disorder,Post-Traumatic Stress Disorder (Ptsd),0.41734574782379125,1.8163833322867255,"['Post-Traumatic Stress Disorder (Ptsd)', 'Psychotic Disorder', 'Depression']"
hand or finger pain knee pain ankle pain,Gout,Sprain Or Strain,0.4257691355410017,1.6950370044487753,"['Sprain Or Strain', 'Osteoarthritis', 'Gout']"
diminished vision double vision symptoms of eye foreign body sensation in eye spots or clouds in vision,Dry Eye Of Unknown Cause,Macular Degeneration,0.2518388286560538,1.872054475237511,"['Macular Degeneration', 'Corneal Disorder', 'Dry Eye Of Unknown Cause']"
wrist pain wrist swelling ankle pain knee swelling,Joint Effusion,Gout,0.4652391607238056,1.2017650251157834,"['Gout', 'Joint Effusion', 'Ganglion Cyst']"
sharp chest pain palpitations irregular heartbeat increased heart rate,Angina,Anxiety,0.3451900148753045,1.751083415085438,"['Anxiety', 'Sinus Bradycardia', 'Angina']"
vaginal discharge vaginal pain,Vaginal Yeast Infection,Vaginal Cyst,0.2563371491676587,2.505040172924631,"['Vaginal Cyst', 'Vaginal Yeast Infection', 'Vulvodynia']"
diarrhea fever,White Blood Cell Disease,Flu,0.12630537266824263,3.4886918556705773,"['Flu', 'Hypovolemia', 'Gastritis']"
sharp abdominal pain pain of the anus,Chronic Constipation,Rectal Disorder,0.2400391834447651,3.1304463829203812,"['Rectal Disorder', 'Ileus', 'Hemorrhoids']"
cough fever sinus congestion painful sinuses,Nose Disorder,Chronic Sinusitis,0.3355506522931683,1.8887416531468921,"['Chronic Sinusitis', 'Acute Sinusitis', 'Nose Disorder']"
hip pain arm pain back pain loss of sensation paresthesia shoulder pain,Spinal Stenosis,Herniated Disk,0.301873408969524,1.608885293350136,"['Herniated Disk', 'Degenerative Disc Disease', 'Spinal Stenosis']"
back pain low back pain loss of sensation ache all over,Complex Regional Pain Syndrome,Neuralgia,0.3182885808486236,1.8907305957890412,"['Neuralgia', 'Complex Regional Pain Syndrome', 'Spondylosis']"
leg pain hip pain problems with movement lower body pain,Spinal Stenosis,Arthritis Of The Hip,0.359896883023871,1.6143830098503122,"['Arthritis Of The Hip', 'Spinal Stenosis', 'Sciatica']"
chest tightness wheezing coughing up sputum coryza,Chronic Obstructive Pulmonary Disease (Copd),Asthma,0.5155022494540764,1.3412199192668885,"['Asthma', 'Chronic Obstructive Pulmonary Disease (Copd)', 'Acute Bronchitis']"
sharp abdominal pain nausea pain of the anus burning abdominal pain constipation,Intestinal Obstruction,Chronic Constipation,0.3917496744446979,1.7701988352114757,"['Chronic Constipation', 'Ileus', 'Intestinal Obstruction']"
diminished hearing fever,Otitis Externa (Swimmer'S Ear),Acute Otitis Media,0.20383863007417932,4.336857257461217,"['Acute Otitis Media', 'Ear Wax Impaction', 'Otitis Media']"
sharp abdominal pain vaginal discharge pelvic pain cramps and spasms,Idiopathic Painful Menstruation,Vulvodynia,0.5342915949011262,1.7657034405642427,"['Vulvodynia', 'Idiopathic Painful Menstruation', 'Threatened Pregnancy']"
skin swelling skin lesion acne or pimples irregular appearing scalp skin moles itching of skin warts,Skin Polyp,Skin Pigmentation Disorder,0.40250101015504597,1.3732983980362032,"['Skin Pigmentation Disorder', 'Skin Polyp', 'Seborrheic Keratosis']"
white discharge from eye diminished vision symptoms of eye foreign body sensation in eye lacrimation itchiness of eye,Dry Eye Of Unknown Cause,Corneal Abrasion,0.4073604156628331,1.6697669839679632,"['Corneal Abrasion', 'Chronic Glaucoma', 'Corneal Disorder']"
arm pain neck pain loss of sensation paresthesia,Spinal Stenosis,Herniated Disk,0.19458457901271145,2.2514463021189046,"['Herniated Disk', 'Spinal Stenosis', 'Degenerative Disc Disease']"
blood in stool sharp abdominal pain vomiting nausea decreased appetite chills,Noninfectious Gastroenteritis,Infectious Gastroenteritis,0.48578454407482097,1.2881300296791878,"['Infectious Gastroenteritis', 'Noninfectious Gastroenteritis', 'Choledocholithiasis']"
abnormal appearing skin skin lesion acne or pimples irregular appearing scalp skin dryness peeling scaliness or roughness too little hair skin rash,Seborrheic Dermatitis,Fungal Infection Of The Skin,0.5776084564868093,1.1138869218197882,"['Fungal Infection Of The Skin', 'Seborrheic Dermatitis', 'Eczema']"
depressive or psychotic symptoms abusing alcohol hostile behavior excessive anger delusions or hallucinations,Marijuana Abuse,Post-Traumatic Stress Disorder (Ptsd),0.31550109739414994,2.034217072264373,"['Post-Traumatic Stress Disorder (Ptsd)', 'Marijuana Abuse', 'Psychotic Disorder']"
nausea painful urination lower abdominal pain vaginal discharge back pain pelvic pain,Pelvic Inflammatory Disease,Vulvodynia,0.6129973543543864,0.8749607719090062,"['Vulvodynia', 'Pelvic Inflammatory Disease', 'Vaginitis']"
sharp abdominal pain knee pain ache all over,Chronic Pain Disorder,Sickle Cell Crisis,0.40838686202774577,1.809057669897883,"['Sickle Cell Crisis', 'Chronic Pain Disorder', 'Spondylosis']"
symptoms of eye pain in eye lacrimation itchiness of eye,Glaucoma,Conjunctivitis Due To Allergy,0.17928459662627946,3.0516305984949263,"['Conjunctivitis Due To Allergy', 'Corneal Abrasion', 'Cornea Infection']"
cough coughing up sputum,Chronic Obstructive Pulmonary Disease (Copd),Asthma,0.30937070606089373,3.158648485639538,"['Asthma', 'Acute Sinusitis', 'Chronic Obstructive Pulmonary Disease (Copd)']"
diminished vision lacrimation eye burns or stings,Conjunctivitis Due To Allergy,Chronic Glaucoma,0.2033225660361712,2.3801991757055116,"['Chronic Glaucoma', 'Blepharitis', 'Cornea Infection']"
retention of urine blood in urine back pain side pain,Cystitis,Kidney Stone,0.2990231906155924,2.6372586037524237,"['Kidney Stone', 'Urinary Tract Infection', 'Cystitis']"
diminished vision pain in eye swollen eye eyelid swelling,Blepharitis,Chalazion,0.4863568288697653,1.2739686258632046,"['Chalazion', 'Blepharitis', 'Stye']"
skin swelling skin growth irregular appearing scalp skin moles itching of skin skin dryness peeling scaliness or roughness,Psoriasis,Skin Pigmentation Disorder,0.2684767045698248,2.0212652945141887,"['Skin Pigmentation Disorder', 'Skin Polyp', 'Psoriasis']"
hip pain back pain neck pain side pain,Spondylitis,Chronic Back Pain,0.21254588186255852,2.8722497920355217,"['Chronic Back Pain', 'Spondylitis', 'Spondylolisthesis']"
vomiting headache fever,Infectious Gastroenteritis,Strep Throat,0.22425598931694615,3.328444276879699,"['Strep Throat', 'Flu', 'Gastritis']"
abnormal appearing skin skin lesion itching of skin skin dryness peeling scaliness or roughness skin irritation skin rash,Actinic Keratosis,Eczema,0.2880449798813473,2.1607954357832444,"['Eczema', 'Contact Dermatitis', 'Actinic Keratosis']"
depression abusing alcohol hostile behavior excessive anger temper problems hysterical behavior,Conduct Disorder,Psychotic Disorder,0.516304171832402,1.1601839355688806,"['Psychotic Disorder', 'Conduct Disorder', 'Post-Traumatic Stress Disorder (Ptsd)']"
shortness of breath sharp chest pain sore throat cough nasal congestion fever coryza,Acute Bronchospasm,Pneumonia,0.34022714585825686,1.7502633918034842,"['Pneumonia', 'Chronic Obstructive Pulmonary Disease (Copd)', 'Acute Bronchospasm']"
sharp abdominal pain back pain side pain,Pyelonephritis,Vulvodynia,0.17329059706411054,3.25323137047237,"['Vulvodynia', 'Pleural Effusion', 'Pyelonephritis']"
nasal congestion pain in eye eye redness lacrimation swollen eye,Conjunctivitis,Conjunctivitis Due To Allergy,0.3630827526878827,1.7091536408961694,"['Conjunctivitis Due To Allergy', 'Conjunctivitis Due To Virus', 'Conjunctivitis']"
headache nausea,Hyperemesis Gravidarum,Flu,0.13787673704175574,3.3445772029996883,"['Flu', 'Drug Reaction', 'Gastritis']"
leg pain hip pain neck pain low back pain loss of sensation paresthesia shoulder pain,Spinal Stenosis,Degenerative Disc Disease,0.2683000073508744,1.6392659511365713,"['Degenerative Disc Disease', 'Spondylosis', 'Herniated Disk']"
retention of urine suprapubic pain painful urination frequent urination blood in urine back pain,Temporary Or Benign Blood In Urine,Urinary Tract Infection,0.28450304732375487,1.95947964399774,"['Urinary Tract Infection', 'Urinary Tract Obstruction', 'Cystitis']"
sore throat nasal congestion abnormal breathing sounds redness in ear,Tonsillitis,Eustachian Tube Dysfunction (Ear Disorder),0.4651781662438719,2.1808935917112198,"['Eustachian Tube Dysfunction (Ear Disorder)', 'Tonsillitis', 'Interstitial Lung Disease']"
suprapubic pain sharp abdominal pain vaginal itching vaginal discharge pelvic pain vaginal pain,Yeast Infection,Vaginitis,0.5055595587539663,1.3685151095978518,"['Vaginitis', 'Yeast Infection', 'Vaginal Yeast Infection']"
depression depressive or psychotic symptoms hostile behavior drug abuse smoking problems,Alcohol Abuse,Neurosis,0.3460773997077129,1.5976788443304732,"['Neurosis', 'Drug Abuse', 'Alcohol Abuse']"
blood in stool vomiting changes in stool appearance,Chronic Constipation,Gastroduodenal Ulcer,0.40592021335996636,1.9129881681655934,"['Gastroduodenal Ulcer', 'Gastrointestinal Hemorrhage', 'Chronic Constipation']"
abnormal appearing skin skin growth too little hair skin rash,Onychomycosis,Seborrheic Dermatitis,0.4125143379585432,1.8403893997848535,"['Seborrheic Dermatitis', 'Onychomycosis', 'Fungal Infection Of The Skin']"
skin swelling abnormal appearing skin skin growth itching of skin skin irritation skin rash,Actinic Keratosis,Seborrheic Keratosis,0.32459814017757266,2.0715444643443903,"['Seborrheic Keratosis', 'Fungal Infection Of The Hair', 'Actinic Keratosis']"
hip pain back pain neck pain low back pain paresthesia shoulder pain,Degenerative Disc Disease,Spondylosis,0.2860509757359383,1.807663047629248,"['Spondylosis', 'Degenerative Disc Disease', 'Herniated Disk']"
headache arm pain neck pain,Sprain Or Strain,Spinal Stenosis,0.2633556876718438,2.354061358353265,"['Spinal Stenosis', 'Neuralgia', 'Muscle Spasm']"
hip pain neck pain shoulder pain ache all over,Spondylosis,Neuralgia,0.5470229274540888,1.3153140182315346,"['Neuralgia', 'Spondylosis', 'Fracture Of The Rib']"
hip pain back pain neck pain low back pain paresthesia,Spondylolisthesis,Spondylosis,0.22000215431961725,2.4422271579162977,"['Spondylosis', 'Degenerative Disc Disease', 'Herniated Disk']"
anxiety and nervousness depression abusing alcohol excessive anger temper problems,Depression,Bipolar Disorder,0.29184850285310815,2.4405375744763544,"['Bipolar Disorder', 'Psychotic Disorder', 'Marijuana Abuse']"
anxiety and nervousness insomnia irregular heartbeat,Panic Disorder,Anxiety,0.2872292115112284,3.1205492237603147,"['Anxiety', 'Panic Disorder', 'Irritable Bowel Syndrome']"
depression depressive or psychotic symptoms drug abuse temper problems,Marijuana Abuse,Post-Traumatic Stress Disorder (Ptsd),0.17927243214294758,2.7553418679315147,"['Post-Traumatic Stress Disorder (Ptsd)', 'Attention Deficit Hyperactivity Disorder (Adhd)', 'Drug Abuse (Opioids)']"
toothache facial pain mouth ulcer jaw swelling bleeding gums pain in gums,Tooth Disorder,Gum Disease,0.646156534952771,0.8446692283437607,"['Gum Disease', 'Tooth Disorder', 'Tooth Abscess']"
skin swelling abnormal appearing skin skin lesion acne or pimples irregular appearing scalp itching of skin skin irritation,Seborrheic Keratosis,Skin Disorder,0.277609836981296,2.046702527292119,"['Skin Disorder', 'Eczema', 'Skin Polyp']"
sharp abdominal pain vomiting lower abdominal pain burning abdominal pain constipation,Chronic Constipation,Diverticulitis,0.39932990887219555,1.9895125935960762,"['Diverticulitis', 'Ileus', 'Chronic Constipation']"
leg pain hand or finger pain arm pain foot or toe pain ankle pain,Sprain Or Strain,Mononeuritis,0.4351541534787309,1.4108062208886414,"['Mononeuritis', 'Tendinitis', 'Sprain Or Strain']"
feeling ill weakness decreased heart rate,Hyperkalemia,Sinus Bradycardia,0.6360763623305185,1.1470422120676482,"['Sinus Bradycardia', 'Hyperkalemia', 'Sepsis']"
nasal congestion headache painful sinuses,Deviated Nasal Septum,Nose Disorder,0.43190054741145434,2.635294072540055,"['Nose Disorder', 'Deviated Nasal Septum', 'Chronic Otitis Media']"
back pain loss of sensation paresthesia shoulder pain,Brachial Neuritis,Degenerative Disc Disease,0.2981879286198862,2.00123914273353,"['Degenerative Disc Disease', 'Spinal Stenosis', 'Brachial Neuritis']"
diminished vision symptoms of eye spots or clouds in vision eye redness lacrimation itchiness of eye,Corneal Disorder,Glaucoma,0.2439434179201388,2.0913172990060023,"['Glaucoma', 'Cornea Infection', 'Blepharitis']"
shortness of breath leg swelling,Pulmonary Congestion,Pulmonary Embolism,0.2323072407178105,3.6425391733508783,"['Pulmonary Embolism', 'Heart Failure', 'Hypertensive Heart Disease']"
suprapubic pain sharp abdominal pain,Benign Vaginal Discharge (Leukorrhea),Pyelonephritis,0.15596132524859424,3.465889864443401,"['Pyelonephritis', 'Pelvic Inflammatory Disease', 'Sepsis']"
back pain neck pain muscle cramps contractures or spasms,Injury To The Shoulder,Muscle Spasm,0.5598530853450147,1.8142004097848878,"['Muscle Spasm', 'Injury To The Shoulder', 'Fibromyalgia']"
sharp abdominal pain headache nausea diarrhea burning abdominal pain,Ileus,Gastritis,0.3363865101149486,2.084281263370257,"['Gastritis', 'Noninfectious Gastroenteritis', 'Ileus']"
sharp abdominal pain vomiting nausea diarrhea vomiting blood weakness,Gastrointestinal Hemorrhage,Hyperemesis Gravidarum,0.42125026392503595,1.5084974329071899,"['Hyperemesis Gravidarum', 'Gastrointestinal Hemorrhage', 'Gastritis']"
hostile behavior excessive anger delusions or hallucinations low self esteem,Schizophrenia,Marijuana Abuse,0.38032320068251685,1.6699926948849404,"['Marijuana Abuse', 'Personality Disorder', 'Schizophrenia']"
skin swelling skin lesion irregular appearing scalp skin moles itching of skin,Skin Polyp,Skin Pigmentation Disorder,0.23484993615569627,2.248968987179685,"['Skin Pigmentation Disorder', 'Skin Polyp', 'Psoriasis']"
abnormal appearing skin acne or pimples,Molluscum Contagiosum,Rosacea,0.07520607997980172,3.7388667485380744,"['Rosacea', 'Atrophic Skin Condition', 'Molluscum Contagiosum']"
depression hostile behavior excessive anger temper problems fears and phobias,Psychotic Disorder,Personality Disorder,0.298637145018535,1.916642463178274,"['Personality Disorder', 'Marijuana Abuse', 'Psychotic Disorder']"
painful urination frequent urination lower abdominal pain blood in urine,Temporary Or Benign Blood In Urine,Pyelonephritis,0.20653394273438877,2.2021031345489157,"['Pyelonephritis', 'Bladder Disorder', 'Urinary Tract Infection']"
diminished vision symptoms of eye pain in eye foreign body sensation in eye lacrimation,Dry Eye Of Unknown Cause,Iridocyclitis,0.1347763571495014,2.674859715613489,"['Iridocyclitis', 'Cornea Infection', 'Corneal Abrasion']"
sharp abdominal pain vomiting nausea stomach bloating,Cholecystitis,Intestinal Obstruction,0.2376883688091541,2.8931366541897967,"['Intestinal Obstruction', 'Cholecystitis', 'Indigestion']"
sore throat cough wheezing fever coryza,Acute Bronchitis,Pneumonia,0.21525345728280745,2.5567644819778144,"['Pneumonia', 'Common Cold', 'Croup']"
weakness loss of sensation paresthesia,Transient Ischemic Attack,Multiple Sclerosis,0.3870536396344054,2.6852902677518258,"['Multiple Sclerosis', 'Transient Ischemic Attack', 'Herniated Disk']"
shortness of breath sore throat cough nasal congestion fever coughing up sputum coryza congestion in chest,Chronic Obstructive Pulmonary Disease (Copd),Acute Bronchitis,0.5314583105549783,0.8071699620904648,"['Acute Bronchitis', 'Chronic Obstructive Pulmonary Disease (Copd)', 'Acute Sinusitis']"
facial pain peripheral edema gum pain,Gum Disease,Dental Caries,0.23528392425425956,2.9835087527982505,"['Dental Caries', 'Tooth Disorder', 'Tooth Abscess']"
sharp abdominal pain nausea painful urination,Pelvic Inflammatory Disease,Pyelonephritis,0.44516201055187493,2.1017017292346503,"['Pyelonephritis', 'Pelvic Inflammatory Disease', 'Vulvodynia']"
retention of urine involuntary urination lower abdominal pain,Cystitis,Temporary Or Benign Blood In Urine,0.23652888062733474,2.568289293483108,"['Temporary Or Benign Blood In Urine', 'Bladder Disorder', 'Cystitis']"
sharp abdominal pain cramps and spasms painful menstruation frequent menstruation,Idiopathic Excessive Menstruation,Idiopathic Irregular Menstrual Cycle,0.6088017884180876,1.164514124286124,"['Idiopathic Irregular Menstrual Cycle', 'Idiopathic Excessive Menstruation', 'Uterine Fibroids']"
diminished vision lacrimation,Cataract,Conjunctivitis Due To Virus,0.1615174001045072,4.2022876668203875,"['Conjunctivitis Due To Virus', 'Cataract', 'Intracerebral Hemorrhage']"
sore throat cough headache ear pain frontal headache,Seasonal Allergies (Hay Fever),Chronic Sinusitis,0.5509573080216568,1.2220552303680683,"['Chronic Sinusitis', 'Seasonal Allergies (Hay Fever)', 'Strep Throat']"
vomiting decreased appetite fever,Strep Throat,Acute Bronchiolitis,0.16291509528547823,2.8649832613426245,"['Acute Bronchiolitis', 'Sepsis', 'Viral Exanthem']"
diminished vision spots or clouds in vision eye burns or stings,Cornea Infection,Blepharitis,0.45393492313250033,1.827117923970194,"['Blepharitis', 'Cornea Infection', 'Chronic Glaucoma']"
acne or pimples skin moles itching of skin,Skin Disorder,Seborrheic Keratosis,0.20585127900033315,2.282351550989679,"['Seborrheic Keratosis', 'Skin Polyp', 'Skin Pigmentation Disorder']"
skin swelling abnormal appearing skin skin lesion itching of skin skin dryness peeling scaliness or roughness skin rash,Molluscum Contagiosum,Eczema,0.1693854630708796,2.8851924689189263,"['Eczema', 'Psoriasis', 'Actinic Keratosis']"
pain during pregnancy pelvic pain spotting or bleeding during pregnancy blood clots during menstrual periods,Spontaneous Abortion,Vaginal Cyst,0.49663001874003,0.9945088599519537,"['Vaginal Cyst', 'Spontaneous Abortion', 'Problem During Pregnancy']"
leg pain problems with movement loss of sensation paresthesia,Spinal Stenosis,Peripheral Nerve Disorder,0.2826878133273049,1.9272890404945056,"['Peripheral Nerve Disorder', 'Spinal Stenosis', 'Complex Regional Pain Syndrome']"
leg pain hip pain arm pain back pain neck pain loss of sensation shoulder pain lower body pain,Spinal Stenosis,Spondylosis,0.32451409652369745,1.3809675598159126,"['Spondylosis', 'Degenerative Disc Disease', 'Spinal Stenosis']"
sharp chest pain sharp abdominal pain vomiting nausea side pain upper abdominal pain,Choledocholithiasis,Acute Pancreatitis,0.25721979176418547,2.10983955978845,"['Acute Pancreatitis', 'Cholecystitis', 'Gallstone']"
anxiety and nervousness shortness of breath depressive or psychotic symptoms insomnia abnormal involuntary movements,Panic Disorder,Acute Stress Reaction,0.4312240041834662,1.378410722503611,"['Acute Stress Reaction', 'Anxiety', 'Panic Disorder']"
vomiting chills,Noninfectious Gastroenteritis,Pneumonia,0.24052029365643912,3.7324728251797463,"['Pneumonia', 'Common Cold', 'Sepsis']"
suprapubic pain frequent urination lower abdominal pain back pain low back pain,Pyelonephritis,Kidney Stone,0.4532000241198244,1.4669954224571966,"['Kidney Stone', 'Pyelonephritis', 'Cystitis']"
burning abdominal pain decreased appetite fever fluid retention,Noninfectious Gastroenteritis,Infectious Gastroenteritis,0.49918418741936843,1.115126941256798,"['Infectious Gastroenteritis', 'Noninfectious Gastroenteritis', 'Appendicitis']"
skin swelling skin lesion irregular appearing scalp warts,Skin Cancer,Skin Pigmentation Disorder,0.2446019556553147,2.4103170447392612,"['Skin Pigmentation Disorder', 'Skin Cancer', 'Skin Polyp']"
abnormal appearing skin itching of skin,Itching Of Unknown Cause,Drug Reaction,0.0931992523183223,3.8393997569897627,"['Drug Reaction', 'Food Allergy', 'Viral Exanthem']"
irregular appearing scalp skin moles warts skin rash,Seborrheic Keratosis,Skin Pigmentation Disorder,0.4675691346023508,1.4064105850503412,"['Skin Pigmentation Disorder', 'Seborrheic Keratosis', 'Skin Cancer']"
sharp chest pain difficulty in swallowing regurgitation burning abdominal pain regurgitation 1,Gastroesophageal Reflux Disease (Gerd),Hiatal Hernia,0.7243390018783762,0.9551626011381558,"['Hiatal Hernia', 'Gastroesophageal Reflux Disease (Gerd)', 'Gastritis']"
abnormal appearing skin fluid retention,Insect Bite,Allergy,0.17083556313250275,3.6796269268036075,"['Allergy', 'Itching Of Unknown Cause', 'Lymphedema']"
sharp abdominal pain vomiting diarrhea,White Blood Cell Disease,Diverticulitis,0.12880985555409805,3.506055537198034,"['Diverticulitis', 'Gastritis', 'Acute Pancreatitis']"
back pain pelvic pain spotting or bleeding during pregnancy,Threatened Pregnancy,Problem During Pregnancy,0.4577460876555678,1.824091635856841,"['Problem During Pregnancy', 'Threatened Pregnancy', 'Vaginal Cyst']"
anxiety and nervousness depression insomnia drug abuse temper problems,Depression,Personality Disorder,0.220142715953197,2.3097133910829113,"['Personality Disorder', 'Drug Abuse (Opioids)', 'Post-Traumatic Stress Disorder (Ptsd)']"
skin swelling skin lesion acne or pimples itching of skin skin dryness peeling scaliness or roughness,Skin Polyp,Eczema,0.12412209380966267,2.6358090712050903,"['Eczema', 'Rosacea', 'Fungal Infection Of The Skin']"
skin swelling skin lesion acne or pimples irregular appearing scalp itching of skin,Fungal Infection Of The Skin,Skin Pigmentation Disorder,0.21446699665549254,2.431084374470233,"['Skin Pigmentation Disorder', 'Skin Polyp', 'Fungal Infection Of The Skin']"
cough pain in eye itchiness of eye fever swollen eye,Conjunctivitis Due To Virus,Conjunctivitis,0.5442569323302973,1.3504608510162455,"['Conjunctivitis', 'Conjunctivitis Due To Virus', 'Conjunctivitis Due To Allergy']"
sharp abdominal pain headache diarrhea decreased appetite fever chills,Noninfectious Gastroenteritis,Infectious Gastroenteritis,0.5078271481865917,1.119623102164681,"['Infectious Gastroenteritis', 'Noninfectious Gastroenteritis', 'Sepsis']"
sore throat cough headache fever coryza,Nose Disorder,Flu,0.4545308280995368,2.052100030127436,"['Flu', 'Acute Bronchitis', 'Common Cold']"
weakness side pain difficulty breathing,Pleural Effusion,Pulmonary Embolism,0.45590839920138765,2.45678594695438,"['Pulmonary Embolism', 'Pleural Effusion', 'Nose Disorder']"
depressive or psychotic symptoms hostile behavior drug abuse excessive anger delusions or hallucinations,Neurosis,Post-Traumatic Stress Disorder (Ptsd),0.2617566385535241,1.9958926669414505,"['Post-Traumatic Stress Disorder (Ptsd)', 'Personality Disorder', 'Neurosis']"
back pain,Spondylitis,Sprain Or Strain,0.1701359701717345,3.93144195740556,"['Sprain Or Strain', 'Vulvodynia', 'Pain After An Operation']"
abnormal appearing skin skin lesion skin moles itching of skin skin dryness peeling scaliness or roughness skin rash,Actinic Keratosis,Contact Dermatitis,0.22904651106820853,2.430854102761424,"['Contact Dermatitis', 'Actinic Keratosis', 'Psoriasis']"
shortness of breath dizziness chest tightness irregular heartbeat fainting decreased heart rate,Sinus Bradycardia,Paroxysmal Ventricular Tachycardia,0.5554382848858217,0.9425016940729518,"['Paroxysmal Ventricular Tachycardia', 'Sinus Bradycardia', 'Mitral Valve Disease']"
sharp chest pain difficulty in swallowing burning abdominal pain heartburn upper abdominal pain,Esophagitis,Hiatal Hernia,0.6019781438557129,1.053786345476368,"['Hiatal Hernia', 'Esophagitis', 'Gallstone']"
suprapubic pain sharp abdominal pain painful urination involuntary urination frequent urination lower abdominal pain blood in urine,Temporary Or Benign Blood In Urine,Cystitis,0.31995105806261337,1.5231446003627813,"['Cystitis', 'Temporary Or Benign Blood In Urine', 'Bladder Disorder']"
skin swelling abnormal appearing skin skin moles itching of skin skin rash,Contact Dermatitis,Seborrheic Keratosis,0.19972277486980142,2.7377536707722117,"['Seborrheic Keratosis', 'Psoriasis', 'Skin Pigmentation Disorder']"
chest tightness sharp abdominal pain burning abdominal pain,Gastroesophageal Reflux Disease (Gerd),Esophagitis,0.30753831249315167,3.09759726048469,"['Esophagitis', 'Gastroesophageal Reflux Disease (Gerd)', 'Sickle Cell Crisis']"
vomiting diarrhea lower abdominal pain burning abdominal pain,Ileus,Appendicitis,0.30195910535470355,2.02764449306454,"['Appendicitis', 'Ileus', 'Diverticulitis']"
retention of urine suprapubic pain painful urination frequent urination lower abdominal pain blood in urine back pain,Cystitis,Urinary Tract Infection,0.35916239197136685,1.7358040656572686,"['Urinary Tract Infection', 'Cystitis', 'Kidney Stone']"
leg pain hip pain low back pain side pain,Chronic Back Pain,Fibromyalgia,0.15479385639621537,2.9107393811832836,"['Fibromyalgia', 'Spondylitis', 'Spondylolisthesis']"
problems with movement loss of sensation leg weakness,Peripheral Nerve Disorder,Sciatica,0.2860084952050092,1.9148296362869208,"['Sciatica', 'Multiple Sclerosis', 'Peripheral Nerve Disorder']"
double vision symptoms of eye pain in eye abnormal movement of eyelid,Diabetic Retinopathy,Dry Eye Of Unknown Cause,0.2532170658356372,1.6337634268585748,"['Dry Eye Of Unknown Cause', 'Diabetic Retinopathy', 'Macular Degeneration']"
blood in stool sharp abdominal pain headache diarrhea burning abdominal pain decreased appetite fever,Infectious Gastroenteritis,Noninfectious Gastroenteritis,0.5537847175882127,0.897067225044358,"['Noninfectious Gastroenteritis', 'Infectious Gastroenteritis', 'Appendicitis']"
acne or pimples irregular appearing scalp skin moles,Sebaceous Cyst,Skin Pigmentation Disorder,0.2112860332122701,2.7003448590301806,"['Skin Pigmentation Disorder', 'Sebaceous Cyst', 'Dermatitis Due To Sun Exposure']"
symptoms of eye pain in eye eye redness swollen eye eyelid swelling,Blepharitis,Chalazion,0.3803436535459532,1.525516918111126,"['Chalazion', 'Stye', 'Blepharitis']"
arm pain back pain loss of sensation shoulder pain,Degenerative Disc Disease,Herniated Disk,0.1790542792112975,2.3400558359880117,"['Herniated Disk', 'Degenerative Disc Disease', 'Neuralgia']"
involuntary urination blood in urine impotence symptoms of prostate excessive urination at night,Erectile Dysfunction,Benign Prostatic Hyperplasia (Bph),0.5288189169470942,0.9975287763920009,"['Benign Prostatic Hyperplasia (Bph)', 'Erectile Dysfunction', 'Urinary Tract Obstruction']"
blood in stool sharp abdominal pain diarrhea burning abdominal pain fever chills,Infectious Gastroenteritis,Diverticulitis,0.5133768215276426,1.317539526865155,"['Diverticulitis', 'Infectious Gastroenteritis', 'Noninfectious Gastroenteritis']"
abnormal appearing skin acne or pimples skin moles skin irritation,Seborrheic Keratosis,Skin Disorder,0.24394901837747932,2.1173244174617643,"['Skin Disorder', 'Atrophic Skin Condition', 'Contact Dermatitis']"
sharp chest pain nasal congestion fever coughing up sputum coryza congestion in chest,Acute Bronchitis,Chronic Obstructive Pulmonary Disease (Copd),0.5343126704066395,0.8581242416719476,"['Chronic Obstructive Pulmonary Disease (Copd)', 'Acute Bronchitis', 'Asthma']"
suprapubic pain vomiting lower abdominal pain blood in urine back pain side pain,Pyelonephritis,Urinary Tract Infection,0.43013696246030303,1.3492632367956767,"['Urinary Tract Infection', 'Kidney Stone', 'Pyelonephritis']"
sore throat cough nasal congestion fever sinus congestion painful sinuses,Acute Sinusitis,Nose Disorder,0.4525550192312515,1.4244891306607816,"['Nose Disorder', 'Acute Sinusitis', 'Chronic Sinusitis']"
skin swelling abnormal appearing skin irregular appearing scalp,Acne,Hemangioma,0.15507052586699674,3.523504016119854,"['Hemangioma', 'Skin Polyp', 'Acne']"
vomiting nausea,Labyrinthitis,Urinary Tract Infection,0.048783538597901466,4.099423673069149,"['Urinary Tract Infection', 'Esophagitis', 'Concussion']"
pain in eye foreign body sensation in eye spots or clouds in vision lacrimation,Glaucoma,Cornea Infection,0.1595511188803328,2.451977753353794,"['Cornea Infection', 'Glaucoma', 'Dry Eye Of Unknown Cause']"
blood in stool vomiting headache nausea diarrhea burning abdominal pain decreased appetite fever chills,Infectious Gastroenteritis,Noninfectious Gastroenteritis,0.5017459961005147,0.7616289045974899,"['Noninfectious Gastroenteritis', 'Infectious Gastroenteritis', 'Diverticulitis']"
nausea blood in urine side pain,Urinary Tract Infection,Pyelonephritis,0.33182501699897776,3.2587431570590537,"['Pyelonephritis', 'Urinary Tract Infection', 'Urinary Tract Obstruction']"
anxiety and nervousness depression depressive or psychotic symptoms dizziness insomnia abnormal involuntary movements,Panic Disorder,Acute Stress Reaction,0.49067300671456326,0.9757393724151215,"['Acute Stress Reaction', 'Panic Disorder', 'Anxiety']"
blood in stool vomiting diarrhea burning abdominal pain decreased appetite fluid retention,Noninfectious Gastroenteritis,Infectious Gastroenteritis,0.5051408104752886,0.9180781100608718,"['Infectious Gastroenteritis', 'Noninfectious Gastroenteritis', 'Diabetic Ketoacidosis']"
dizziness nausea vomiting blood,Hyperemesis Gravidarum,Gastrointestinal Hemorrhage,0.3008534130949346,2.5458508570855045,"['Gastrointestinal Hemorrhage', 'Hyperemesis Gravidarum', 'Hiatal Hernia']"
suprapubic pain painful urination frequent urination,Benign Vaginal Discharge (Leukorrhea),Urinary Tract Infection,0.17260179228451603,2.739012707224769,"['Urinary Tract Infection', 'Urinary Tract Obstruction', 'Temporary Or Benign Blood In Urine']"
insomnia excessive anger temper problems fears and phobias low self esteem,Schizophrenia,Personality Disorder,0.45464916475816164,1.1225884405444297,"['Personality Disorder', 'Schizophrenia', 'Marijuana Abuse']"
facial pain mouth ulcer peripheral edema bleeding gums pain in gums,Gum Disease,Tooth Disorder,0.6207302738285329,0.916897423816499,"['Tooth Disorder', 'Gum Disease', 'Tooth Abscess']"
blood in stool sharp abdominal pain vomiting headache diarrhea decreased appetite fever fluid retention,Infectious Gastroenteritis,Noninfectious Gastroenteritis,0.5555884256508897,0.7500006786303559,"['Noninfectious Gastroenteritis', 'Infectious Gastroenteritis', 'Diabetic Ketoacidosis']"
suprapubic pain painful urination back pain low back pain side pain,Pyelonephritis,Kidney Stone,0.4577079232539857,1.9383612028630797,"['Kidney Stone', 'Pyelonephritis', 'Urinary Tract Obstruction']"
anxiety and nervousness depression depressive or psychotic symptoms hostile behavior excessive anger delusions or hallucinations fears and phobias,Marijuana Abuse,Personality Disorder,0.24516107437152468,2.0657069732129307,"['Personality Disorder', 'Marijuana Abuse', 'Psychotic Disorder']"
sharp abdominal pain lower abdominal pain pain during pregnancy pelvic pain blood clots during menstrual periods heavy menstrual flow,Spontaneous Abortion,Vaginal Cyst,0.5100675852305391,1.1671023535265357,"['Vaginal Cyst', 'Spontaneous Abortion', 'Idiopathic Painful Menstruation']"
diminished vision symptoms of eye lacrimation itchiness of eye,Blepharitis,Corneal Abrasion,0.15787720985643763,2.8909182126537885,"['Corneal Abrasion', 'Conjunctivitis Due To Allergy', 'Cornea Infection']"
diminished vision foreign body sensation in eye blindness,Myopia,Macular Degeneration,0.605084311071185,1.8731599320733665,"['Macular Degeneration', 'Myopia', 'Chalazion']"
lip swelling abnormal appearing skin skin lesion skin growth skin moles skin irritation,Atrophic Skin Condition,Skin Cancer,0.4439516247611547,1.7596329520284333,"['Skin Cancer', 'Atrophic Skin Condition', 'Skin Disorder']"
depression shortness of breath depressive or psychotic symptoms sharp chest pain headache,Anxiety,Acute Stress Reaction,0.480512310427304,1.570233611143904,"['Acute Stress Reaction', 'Anxiety', 'Hyperkalemia']"
leg pain arm pain back pain neck pain low back pain problems with movement loss of sensation paresthesia,Complex Regional Pain Syndrome,Spinal Stenosis,0.5219169676754963,1.1901544189107909,"['Spinal Stenosis', 'Complex Regional Pain Syndrome', 'Spondylolisthesis']"
leg pain hip pain sharp abdominal pain low back pain,Sickle Cell Crisis,Chronic Pain Disorder,0.3602060208641143,2.208365095972027,"['Chronic Pain Disorder', 'Sickle Cell Crisis', 'Fibromyalgia']"
sore throat cough fever sinus congestion painful sinuses,Chronic Sinusitis,Acute Sinusitis,0.3610961434196418,1.5163782552855465,"['Acute Sinusitis', 'Chronic Sinusitis', 'Nose Disorder']"
neck pain low back pain shoulder pain,Spinal Stenosis,Sprain Or Strain,0.17393774965261719,2.5773847947003645,"['Sprain Or Strain', 'Neuralgia', 'Degenerative Disc Disease']"
abnormal appearing skin skin dryness peeling scaliness or roughness skin irritation,Skin Cancer,Skin Disorder,0.2501611941380539,2.4286489151703545,"['Skin Disorder', 'Eczema', 'Contact Dermatitis']"
retention of urine sharp abdominal pain lower abdominal pain blood in urine back pain,Prostatitis,Kidney Stone,0.25526484645672926,2.3319193941963396,"['Kidney Stone', 'Prostatitis', 'Cystitis']"
acne or pimples skin moles itching of skin skin dryness peeling scaliness or roughness,Rosacea,Contact Dermatitis,0.22645570591258365,2.13813490001261,"['Contact Dermatitis', 'Skin Polyp', 'Skin Pigmentation Disorder']"
sharp chest pain sharp abdominal pain burning abdominal pain lower body pain regurgitation 1,Cholecystitis,Gallstone,0.5745049619572051,1.1561914702727607,"['Gallstone', 'Cholecystitis', 'Acute Pancreatitis']"
skin swelling skin lesion acne or pimples itching of skin skin dryness peeling scaliness or roughness,Fungal Infection Of The Skin,Eczema,0.12412209380966267,2.6358090712050903,"['Eczema', 'Rosacea', 'Fungal Infection Of The Skin']"
white discharge from eye pain in eye eye burns or stings,Chronic Glaucoma,Blepharitis,0.46908002533844734,1.566898594821605,"['Blepharitis', 'Chronic Glaucoma', 'Stye']"
back pain side pain rib pain hurts to breath,Fracture Of The Rib,Pleural Effusion,0.6019787308498187,1.0194111492849194,"['Pleural Effusion', 'Fracture Of The Rib', 'Concussion']"
double vision foreign body sensation in eye spots or clouds in vision eye redness,Corneal Disorder,Dry Eye Of Unknown Cause,0.4450077939933657,1.5675135692081217,"['Dry Eye Of Unknown Cause', 'Corneal Disorder', 'Macular Degeneration']"
sharp abdominal pain vomiting nausea burning abdominal pain heartburn,Indigestion,Esophagitis,0.25978756248764456,2.48293223285002,"['Esophagitis', 'Gallstone', 'Indigestion']"
anxiety and nervousness depression depressive or psychotic symptoms insomnia abusing alcohol hostile behavior delusions or hallucinations temper problems,Psychotic Disorder,Post-Traumatic Stress Disorder (Ptsd),0.3438249223744182,1.4386266139390298,"['Post-Traumatic Stress Disorder (Ptsd)', 'Psychotic Disorder', 'Depression']"
sharp chest pain difficulty in swallowing nausea regurgitation regurgitation 1,Gastroesophageal Reflux Disease (Gerd),Hiatal Hernia,0.5172019738651913,1.3160202724972052,"['Hiatal Hernia', 'Gastroesophageal Reflux Disease (Gerd)', 'Gastritis']"
symptoms of eye abnormal movement of eyelid foreign body sensation in eye spots or clouds in vision itchiness of eye,Dry Eye Of Unknown Cause,Diabetic Retinopathy,0.4693519717429961,1.3836480025876665,"['Diabetic Retinopathy', 'Dry Eye Of Unknown Cause', 'Macular Degeneration']"
sore throat nasal congestion vomiting headache fever,Common Cold,Strep Throat,0.47259044444978787,2.0029423334212595,"['Strep Throat', 'Common Cold', 'Croup']"
shortness of breath depressive or psychotic symptoms,Acute Stress Reaction,Hyperkalemia,0.25575573376188315,2.766344906704711,"['Hyperkalemia', 'Acute Respiratory Distress Syndrome (Ards)', 'Panic Disorder']"
depression insomnia excessive anger,Bipolar Disorder,Dysthymic Disorder,0.14788257386339324,3.25152443014416,"['Dysthymic Disorder', 'Bipolar Disorder', 'Adjustment Reaction']"
anxiety and nervousness depression insomnia excessive anger delusions or hallucinations temper problems,Drug Abuse (Opioids),Bipolar Disorder,0.18465706895731604,2.400501061995901,"['Bipolar Disorder', 'Psychotic Disorder', 'Schizophrenia']"
sharp chest pain nasal congestion fever coryza,Asthma,Pneumonia,0.29204010495074667,2.6354652637207003,"['Pneumonia', 'Chronic Obstructive Pulmonary Disease (Copd)', 'Asthma']"
abnormal appearing skin skin lesion skin growth itching of skin skin dryness peeling scaliness or roughness itchy scalp skin rash,Psoriasis,Fungal Infection Of The Hair,0.4309572347718317,1.5370929607152302,"['Fungal Infection Of The Hair', 'Psoriasis', 'Fungal Infection Of The Skin']"
retention of urine involuntary urination lower abdominal pain,Bladder Disorder,Temporary Or Benign Blood In Urine,0.23652888062733474,2.568289293483108,"['Temporary Or Benign Blood In Urine', 'Bladder Disorder', 'Cystitis']"
intermenstrual bleeding pain during pregnancy problems during pregnancy spotting or bleeding during pregnancy cramps and spasms,Spontaneous Abortion,Vaginal Cyst,0.40329088494398224,1.4080770047313003,"['Vaginal Cyst', 'Spontaneous Abortion', 'Problem During Pregnancy']"
shortness of breath sore throat cough coryza,Croup,Acute Bronchitis,0.16080238659637897,3.0653178401870194,"['Acute Bronchitis', 'Croup', 'Pneumonia']"
depression depressive or psychotic symptoms excessive anger delusions or hallucinations temper problems low self esteem,Marijuana Abuse,Personality Disorder,0.503318343200746,1.559625752993428,"['Personality Disorder', 'Schizophrenia', 'Marijuana Abuse']"
sharp abdominal pain pain of the anus heartburn melena constipation,Hemorrhoids,Rectal Disorder,0.6199071605647707,1.1484010689551567,"['Rectal Disorder', 'Hemorrhoids', 'Ileus']"
sharp chest pain nasal congestion difficulty breathing coryza,Asthma,Pneumonia,0.27877524990296226,2.086755938234292,"['Pneumonia', 'Acute Bronchospasm', 'Acute Bronchitis']"
arm pain back pain neck pain low back pain loss of sensation shoulder pain,Degenerative Disc Disease,Spondylosis,0.19627479474072299,2.052778042671359,"['Spondylosis', 'Degenerative Disc Disease', 'Herniated Disk']"
skin swelling abnormal appearing skin skin lesion irregular appearing scalp skin dryness peeling scaliness or roughness,Skin Disorder,Hemangioma,0.13393508349680633,2.77792277542147,"['Hemangioma', 'Eczema', 'Skin Polyp']"
acne or pimples skin irritation skin rash,Eczema,Fungal Infection Of The Hair,0.40094051849548534,1.8097710266923257,"['Fungal Infection Of The Hair', 'Seborrheic Keratosis', 'Contact Dermatitis']"
double vision symptoms of eye itchiness of eye,Corneal Disorder,Cataract,0.2892305879318357,2.316782227871439,"['Cataract', 'Macular Degeneration', 'Corneal Disorder']"
chest tightness cough nasal congestion wheezing coughing up sputum coryza,Chronic Obstructive Pulmonary Disease (Copd),Asthma,0.6110383278842848,0.9377396427189215,"['Asthma', 'Chronic Obstructive Pulmonary Disease (Copd)', 'Acute Bronchitis']"
leg pain hip pain low back pain loss of sensation,Sciatica,Neuralgia,0.23286299211510914,2.4987401774217775,"['Neuralgia', 'Spondylolisthesis', 'Spondylosis']"
sharp abdominal pain nausea back pain side pain lower body pain upper abdominal pain,Acute Pancreatitis,Cholecystitis,0.36008040777512684,1.4852006476006845,"['Cholecystitis', 'Gallstone', 'Acute Pancreatitis']"
cough itching of skin,Impetigo,Eczema,0.06920895830932919,4.841110044552977,"['Eczema', 'Viral Exanthem', 'Allergy']"
skin growth back mass or lump arm lump or mass,Sebaceous Cyst,Lipoma,0.491232645672991,1.43709807732684,"['Lipoma', 'Sebaceous Cyst', 'Ganglion Cyst']"
shortness of breath sharp chest pain wheezing difficulty breathing coryza,Asthma,Acute Bronchitis,0.2553786280257434,2.1116714846374043,"['Acute Bronchitis', 'Acute Bronchospasm', 'Pneumonia']"
sharp abdominal pain vomiting headache nausea diarrhea chills,Infectious Gastroenteritis,Noninfectious Gastroenteritis,0.34152839286877024,2.1519970681879186,"['Noninfectious Gastroenteritis', 'Infectious Gastroenteritis', 'Gastritis']"
white discharge from eye diminished vision pain in eye lacrimation,Dry Eye Of Unknown Cause,Conjunctivitis Due To Virus,0.4096406586692535,1.9244653040782855,"['Conjunctivitis Due To Virus', 'Corneal Abrasion', 'Chronic Glaucoma']"
anxiety and nervousness depression depressive or psychotic symptoms drug abuse low self esteem,Personality Disorder,Marijuana Abuse,0.35807004944302206,2.2400930889165034,"['Marijuana Abuse', 'Personality Disorder', 'Alcohol Abuse']"
hand or finger pain foot or toe pain foot or toe swelling,Pyogenic Skin Infection,Gout,0.31284167703513793,2.5155372870846193,"['Gout', 'Complex Regional Pain Syndrome', 'Pyogenic Skin Infection']"
diminished hearing ringing in ear plugged feeling in ear fluid in ear pulling at ears,Ear Drum Damage,Ear Wax Impaction,0.5178878243226525,1.3240829680287973,"['Ear Wax Impaction', 'Ear Drum Damage', 'Otitis Media']"
intermenstrual bleeding cramps and spasms blood clots during menstrual periods heavy menstrual flow,Vaginal Cyst,Idiopathic Excessive Menstruation,0.4787349927652201,1.5262179942180643,"['Idiopathic Excessive Menstruation', 'Vaginal Cyst', 'Spontaneous Abortion']"
sharp abdominal pain nausea,Infectious Gastroenteritis,Pyelonephritis,0.14342955863303145,3.921659665189849,"['Pyelonephritis', 'Irritable Bowel Syndrome', 'Pain After An Operation']"
insomnia excessive anger delusions or hallucinations temper problems,Psychotic Disorder,Personality Disorder,0.16743818935269247,2.6388669292976723,"['Personality Disorder', 'Schizophrenia', 'Bipolar Disorder']"
leg pain hip pain neck pain loss of sensation shoulder pain,Herniated Disk,Neuralgia,0.2777444573032262,1.8644085383196705,"['Neuralgia', 'Spondylosis', 'Degenerative Disc Disease']"
cough ear pain fluid in ear fever,Otitis Media,Chronic Otitis Media,0.28214673129571793,2.463735327746906,"['Chronic Otitis Media', 'Acute Otitis Media', 'Otitis Media']"
leg pain arm pain arm swelling,Bursitis,Thrombophlebitis,0.38657960905608096,2.2454584058092966,"['Thrombophlebitis', 'Bursitis', 'Herniated Disk']"
sharp abdominal pain lower abdominal pain intermenstrual bleeding cramps and spasms heavy menstrual flow unpredictable menstruation painful menstruation,Uterine Fibroids,Idiopathic Irregular Menstrual Cycle,0.609715671223386,1.1258953839309693,"['Idiopathic Irregular Menstrual Cycle', 'Uterine Fibroids', 'Idiopathic Excessive Menstruation']"
sharp abdominal pain intermenstrual bleeding spotting or bleeding during pregnancy cramps and spasms blood clots during menstrual periods,Spontaneous Abortion,Threatened Pregnancy,0.41989515033165536,1.3068530635911157,"['Threatened Pregnancy', 'Vaginal Cyst', 'Spontaneous Abortion']"
cough mouth ulcer,Oral Thrush (Yeast Infection),Oral Mucosal Lesion,0.22637953087482188,3.470244658799098,"['Oral Mucosal Lesion', 'Herpangina', 'Oral Thrush (Yeast Infection)']"
abnormal appearing skin skin lesion irregular appearing scalp,Fungal Infection Of The Skin,Hemangioma,0.1763302814810667,3.263986872330733,"['Hemangioma', 'Eczema', 'Skin Cancer']"
anxiety and nervousness depression abusing alcohol excessive anger,Bipolar Disorder,Social Phobia,0.25470114646008907,2.5690361211242827,"['Social Phobia', 'Bipolar Disorder', 'Psychotic Disorder']"
shortness of breath sharp chest pain,Mitral Valve Disease,Hypokalemia,0.104959772440425,3.455343508180734,"['Hypokalemia', 'Hyponatremia', 'Chronic Obstructive Pulmonary Disease (Copd)']"
suprapubic pain sharp abdominal pain vaginal discharge vaginal pain,Vaginitis,Vaginal Yeast Infection,0.4715929209914506,1.7650417946474874,"['Vaginal Yeast Infection', 'Yeast Infection', 'Vaginitis']"
depression depressive or psychotic symptoms temper problems fears and phobias low self esteem,Marijuana Abuse,Personality Disorder,0.47755093164326745,1.3807465451535328,"['Personality Disorder', 'Schizophrenia', 'Marijuana Abuse']"
hip pain arm pain,Spondylosis,Herniated Disk,0.17690281765048502,2.9498245739687956,"['Herniated Disk', 'Bursitis', 'Sickle Cell Crisis']"
shortness of breath irregular heartbeat fainting,Sinus Bradycardia,Aortic Valve Disease,0.2149396135488985,2.9308241854275936,"['Aortic Valve Disease', 'Heart Attack', 'Heart Block']"
sharp abdominal pain vomiting diarrhea burning abdominal pain side pain upper abdominal pain,Diverticulitis,Acute Pancreatitis,0.38165211167749974,2.0370341666942484,"['Acute Pancreatitis', 'Diverticulitis', 'Appendicitis']"
lip swelling acne or pimples skin growth,Viral Warts,Atrophic Skin Condition,0.5347486284307451,1.8754698187002576,"['Atrophic Skin Condition', 'Viral Warts', 'Callus']"
skin swelling abnormal appearing skin warts,Seborrheic Keratosis,Skin Polyp,0.2464921149084131,2.9304000485563493,"['Skin Polyp', 'Eczema', 'Molluscum Contagiosum']"
leg pain neck pain low back pain,Fibromyalgia,Pain After An Operation,0.20747789399179117,2.7645147145469573,"['Pain After An Operation', 'Fibromyalgia', 'Muscle Spasm']"
anxiety and nervousness insomnia excessive anger delusions or hallucinations low self esteem,Personality Disorder,Schizophrenia,0.5894906330219016,1.5119481233615748,"['Schizophrenia', 'Personality Disorder', 'Marijuana Abuse']"
sharp abdominal pain painful urination,Pyelonephritis,Prostatitis,0.1132401645076134,3.659825422960853,"['Prostatitis', 'Urinary Tract Obstruction', 'Temporary Or Benign Blood In Urine']"
retention of urine suprapubic pain sharp abdominal pain painful urination,Urinary Tract Obstruction,Temporary Or Benign Blood In Urine,0.17120682705805754,2.404388240654498,"['Temporary Or Benign Blood In Urine', 'Urinary Tract Obstruction', 'Bladder Disorder']"
depression insomnia abnormal involuntary movements,Anxiety,Acute Stress Reaction,0.35643515614074917,2.6802025682112447,"['Acute Stress Reaction', 'Anxiety', 'Panic Disorder']"
skin growth irregular appearing scalp skin moles skin rash,Acne,Skin Pigmentation Disorder,0.25438591637136476,2.225790544348956,"['Skin Pigmentation Disorder', 'Acne', 'Psoriasis']"
headache wrist pain back pain shoulder pain,Injury To The Trunk,Sprain Or Strain,0.6012906449203399,1.6452351168101669,"['Sprain Or Strain', 'Injury To The Trunk', 'Fracture Of The Arm']"
sore throat nasal congestion wheezing fever difficulty breathing coryza,Acute Bronchitis,Pneumonia,0.3481384590805322,1.7275337684334127,"['Pneumonia', 'Acute Bronchitis', 'Acute Bronchospasm']"
skin swelling abnormal appearing skin skin lesion irregular appearing scalp skin moles,Actinic Keratosis,Hemangioma,0.1441504059401326,2.7991594003792377,"['Hemangioma', 'Psoriasis', 'Skin Polyp']"
sore throat vomiting wheezing coryza,Pneumonia,Acute Bronchospasm,0.4205256729989675,2.185349656690542,"['Acute Bronchospasm', 'Croup', 'Pneumonia']"
skin swelling abnormal appearing skin skin lesion skin growth irregular appearing scalp skin dryness peeling scaliness or roughness warts,Skin Polyp,Skin Pigmentation Disorder,0.2979344486271516,1.8982705093193235,"['Skin Pigmentation Disorder', 'Skin Cancer', 'Skin Polyp']"
shortness of breath sharp chest pain chest tightness palpitations irregular heartbeat,Sinus Bradycardia,Angina,0.307317100283921,2.1288740998546736,"['Angina', 'Sinus Bradycardia', 'Heart Block']"
retention of urine involuntary urination frequent urination symptoms of bladder,Cystitis,Bladder Disorder,0.2389300378784716,2.2078140026869217,"['Bladder Disorder', 'Temporary Or Benign Blood In Urine', 'Benign Prostatic Hyperplasia (Bph)']"
lip swelling abnormal appearing skin skin lesion acne or pimples skin growth skin moles,Viral Warts,Atrophic Skin Condition,0.4746839704591522,1.8036091764198885,"['Atrophic Skin Condition', 'Viral Warts', 'Rosacea']"
facial pain mouth ulcer ear pain jaw swelling,Tooth Disorder,Gum Disease,0.4951237681194082,1.438699716020476,"['Gum Disease', 'Tooth Disorder', 'Dental Caries']"
leg pain headache shoulder pain,Neuralgia,Chronic Pain Disorder,0.22361565151933854,3.4307232570448014,"['Chronic Pain Disorder', 'Spinal Stenosis', 'Neuralgia']"
skin swelling abnormal appearing skin skin growth irregular appearing scalp skin moles,Skin Cancer,Skin Pigmentation Disorder,0.12190991974347107,2.644353649600909,"['Skin Pigmentation Disorder', 'Psoriasis', 'Hemangioma']"
retention of urine suprapubic pain vomiting frequent urination lower abdominal pain side pain,Kidney Stone,Urinary Tract Infection,0.5248753679742132,0.968774605185971,"['Urinary Tract Infection', 'Kidney Stone', 'Cystitis']"
pain in eye eye burns or stings swollen eye,Conjunctivitis Due To Allergy,Blepharitis,0.3619324172718652,1.6731521935065088,"['Blepharitis', 'Conjunctivitis Due To Allergy', 'Cornea Infection']"
sharp abdominal pain painful urination frequent urination lower abdominal pain symptoms of bladder,Bladder Disorder,Temporary Or Benign Blood In Urine,0.3441900418065737,1.5662317517968058,"['Temporary Or Benign Blood In Urine', 'Bladder Disorder', 'Cystitis']"
shortness of breath sharp chest pain cough nasal congestion vomiting fever,Pneumonia,Acute Bronchospasm,0.48753422306958555,1.7484612093821024,"['Acute Bronchospasm', 'Pneumonia', 'Pulmonary Congestion']"
diminished vision pain in eye eyelid swelling,Blepharitis,Chalazion,0.517231451514004,1.7032839033637273,"['Chalazion', 'Blepharitis', 'Corneal Abrasion']"
cough nasal congestion fever coryza,Pneumonia,Croup,0.10343085546583629,3.208627684520174,"['Croup', 'Pneumonia', 'Chronic Obstructive Pulmonary Disease (Copd)']"
dizziness headache weakness loss of sensation disturbance of memory,Transient Ischemic Attack,Multiple Sclerosis,0.43269828457875836,1.664459180102544,"['Multiple Sclerosis', 'Transient Ischemic Attack', 'Peripheral Nerve Disorder']"
leg pain hip pain arm pain paresthesia,Degenerative Disc Disease,Herniated Disk,0.3245566026293774,2.3468016291504754,"['Herniated Disk', 'Spondylosis', 'Spinal Stenosis']"
leg pain arm pain back pain neck pain shoulder pain,Degenerative Disc Disease,Herniated Disk,0.24191891834974816,2.1971775936709004,"['Herniated Disk', 'Sprain Or Strain', 'Spondylosis']"
leg pain headache arm pain back pain neck pain low back pain,Neuralgia,Sprain Or Strain,0.23221087733512746,1.9504985570950457,"['Sprain Or Strain', 'Muscle Spasm', 'Spinal Stenosis']"
intermenstrual bleeding pain during pregnancy problems during pregnancy heavy menstrual flow,Spontaneous Abortion,Vaginal Cyst,0.5349709001870665,1.1739290811639482,"['Vaginal Cyst', 'Spontaneous Abortion', 'Postpartum Depression']"
skin swelling abnormal appearing skin skin lesion irregular appearing scalp skin moles itching of skin warts skin rash,Skin Pigmentation Disorder,Seborrheic Keratosis,0.43968873881687537,1.3571127076732732,"['Seborrheic Keratosis', 'Skin Pigmentation Disorder', 'Eczema']"
suprapubic pain sharp abdominal pain vomiting frequent urination lower abdominal pain back pain low back pain side pain,Kidney Stone,Pyelonephritis,0.5123697046997855,0.9404167324797814,"['Pyelonephritis', 'Kidney Stone', 'Pain After An Operation']"
depressive or psychotic symptoms insomnia delusions or hallucinations temper problems fears and phobias,Bipolar Disorder,Schizophrenia,0.2740114359560406,1.7796421221127794,"['Schizophrenia', 'Personality Disorder', 'Psychotic Disorder']"
depression depressive or psychotic symptoms temper problems,Marijuana Abuse,Personality Disorder,0.08978450966216868,3.9406150195999525,"['Personality Disorder', 'Bipolar Disorder', 'Depression']"
skin lesion skin growth irregular appearing scalp skin dryness peeling scaliness or roughness skin rash,Fungal Infection Of The Hair,Psoriasis,0.17745851971471624,2.4592956667125,"['Psoriasis', 'Skin Pigmentation Disorder', 'Actinic Keratosis']"
vomiting back pain side pain lower body pain,Gallstone,Cholecystitis,0.3401356456559287,2.5457713969390645,"['Cholecystitis', 'Gallstone', 'Acute Pancreatitis']"
hip pain arm pain neck pain,Neuralgia,Herniated Disk,0.24176554600515984,2.4269138015055125,"['Herniated Disk', 'Neuralgia', 'Spinal Stenosis']"
nasal congestion fever sinus congestion,Acute Sinusitis,Ear Wax Impaction,0.36874049351015403,2.6577385613848987,"['Ear Wax Impaction', 'Nose Disorder', 'Acute Sinusitis']"
arm stiffness or tightness arm swelling elbow pain shoulder pain,Fracture Of The Arm,Bursitis,0.5471398523027166,1.26846634738906,"['Bursitis', 'Fracture Of The Arm', 'Injury To The Shoulder']"
sharp abdominal pain intermenstrual bleeding pelvic pain problems during pregnancy cramps and spasms,Vaginal Cyst,Threatened Pregnancy,0.4294727693263097,1.4716025570608822,"['Threatened Pregnancy', 'Spontaneous Abortion', 'Vaginal Cyst']"
depression insomnia,Dysthymic Disorder,Adjustment Reaction,0.10236098930450178,3.915807755108165,"['Adjustment Reaction', 'Bipolar Disorder', 'Psychotic Disorder']"
skin swelling abnormal appearing skin acne or pimples allergic reaction skin rash,Contact Dermatitis,Eczema,0.45566441046548795,1.9363377996346895,"['Eczema', 'Contact Dermatitis', 'Allergy']"
abnormal appearing skin skin lesion acne or pimples allergic reaction itching of skin skin dryness peeling scaliness or roughness skin rash,Contact Dermatitis,Eczema,0.5282581415281057,1.4629930999665746,"['Eczema', 'Contact Dermatitis', 'Seborrheic Dermatitis']"
nasal congestion fever coughing up sputum,Acute Sinusitis,Asthma,0.2878162831187891,2.038986402711296,"['Asthma', 'Acute Sinusitis', 'Chronic Obstructive Pulmonary Disease (Copd)']"
depressive or psychotic symptoms hostile behavior drug abuse excessive anger delusions or hallucinations temper problems,Personality Disorder,Post-Traumatic Stress Disorder (Ptsd),0.33539814680409513,1.6602652049024988,"['Post-Traumatic Stress Disorder (Ptsd)', 'Personality Disorder', 'Depression']"
irregular appearing nails skin dryness peeling scaliness or roughness,Onychomycosis,Hemangioma,0.43004871279879403,2.165828802780319,"['Hemangioma', 'Ingrown Toe Nail', 'Onychomycosis']"
anxiety and nervousness depression depressive or psychotic symptoms insomnia abusing alcohol drug abuse excessive anger delusions or hallucinations temper problems,Drug Abuse (Opioids),Depression,0.37108818105511904,1.496138163464555,"['Depression', 'Drug Abuse (Opioids)', 'Post-Traumatic Stress Disorder (Ptsd)']"
nasal congestion sinus congestion,Ear Wax Impaction,Nose Disorder,0.21323019971543056,3.4913554395622146,"['Nose Disorder', 'Ear Wax Impaction', 'Acute Sinusitis']"
skin swelling skin growth irregular appearing scalp skin moles skin dryness peeling scaliness or roughness,Acne,Skin Pigmentation Disorder,0.18620938927427305,2.3503930961785136,"['Skin Pigmentation Disorder', 'Skin Cancer', 'Skin Polyp']"
insomnia abusing alcohol delusions or hallucinations temper problems,Post-Traumatic Stress Disorder (Ptsd),Bipolar Disorder,0.26295967177768087,2.157403718605542,"['Bipolar Disorder', 'Psychotic Disorder', 'Depression']"
sore throat headache coryza,Seasonal Allergies (Hay Fever),Flu,0.2993425718739089,2.886180625833926,"['Flu', 'Seasonal Allergies (Hay Fever)', 'Acute Bronchitis']"
depression temper problems,Depression,Post-Traumatic Stress Disorder (Ptsd),0.059649577687633036,4.691794447497463,"['Post-Traumatic Stress Disorder (Ptsd)', 'Conduct Disorder', 'Diaper Rash']"
sharp abdominal pain vomiting frequent urination lower abdominal pain side pain,Kidney Stone,Pyelonephritis,0.4248336855750914,1.7715767510363714,"['Pyelonephritis', 'Kidney Stone', 'Urinary Tract Infection']"
sharp abdominal pain vomiting lower body pain regurgitation 1,Cholecystitis,Gallstone,0.5806139372539069,1.5782078200424499,"['Gallstone', 'Cholecystitis', 'Gastritis']"
skin swelling acne or pimples skin growth irregular appearing scalp warts,Seborrheic Keratosis,Skin Polyp,0.35657822631293984,1.8760757017276293,"['Skin Polyp', 'Skin Pigmentation Disorder', 'Seborrheic Keratosis']"
anxiety and nervousness depression depressive or psychotic symptoms excessive anger temper problems,Psychotic Disorder,Dysthymic Disorder,0.1951482557853034,2.8358871497508105,"['Dysthymic Disorder', 'Drug Abuse (Opioids)', 'Bipolar Disorder']"
anxiety and nervousness depressive or psychotic symptoms insomnia delusions or hallucinations temper problems fears and phobias low self esteem,Personality Disorder,Schizophrenia,0.49208051395795704,1.023545039115887,"['Schizophrenia', 'Personality Disorder', 'Marijuana Abuse']"
leg pain back pain loss of sensation lower body pain,Spondylosis,Chronic Back Pain,0.21937465058688013,2.504127744425965,"['Chronic Back Pain', 'Degenerative Disc Disease', 'Spinal Stenosis']"
cough pain in eye itchiness of eye fever,Conjunctivitis Due To Virus,Conjunctivitis,0.506390021703524,2.1900524450950516,"['Conjunctivitis', 'Conjunctivitis Due To Virus', 'Conjunctivitis Due To Allergy']"
depression depressive or psychotic symptoms insomnia delusions or hallucinations temper problems fears and phobias,Personality Disorder,Psychotic Disorder,0.26235383945503093,1.766463663585917,"['Psychotic Disorder', 'Schizophrenia', 'Bipolar Disorder']"
abnormal appearing skin skin lesion skin growth itching of skin,Skin Polyp,Seborrheic Keratosis,0.18067899288893458,2.9881116399345853,"['Seborrheic Keratosis', 'Skin Disorder', 'Fungal Infection Of The Hair']"
double vision symptoms of eye pain in eye lacrimation,Corneal Disorder,Cataract,0.2618604418712145,2.3164151900667758,"['Cataract', 'Macular Degeneration', 'Corneal Disorder']"
hip pain low back pain loss of sensation paresthesia shoulder pain,Herniated Disk,Degenerative Disc Disease,0.32539005997197373,1.7206255359696006,"['Degenerative Disc Disease', 'Herniated Disk', 'Spondylosis']"
leg pain hip pain back pain low back pain paresthesia lower body pain,Spinal Stenosis,Ankylosing Spondylitis,0.36262061316785515,1.8520157718169785,"['Ankylosing Spondylitis', 'Spondylosis', 'Spinal Stenosis']"
abnormal appearing skin irregular appearing scalp itching of skin skin rash,Actinic Keratosis,Seborrheic Keratosis,0.16915379104124573,2.925019234161722,"['Seborrheic Keratosis', 'Psoriasis', 'Skin Pigmentation Disorder']"
diminished vision double vision abnormal movement of eyelid spots or clouds in vision,Cataract,Diabetic Retinopathy,0.2849958792191561,1.7238508213485992,"['Diabetic Retinopathy', 'Macular Degeneration', 'Cataract']"
leg pain hand or finger swelling foot or toe pain,Tendinitis,Pyogenic Skin Infection,0.5258120849419612,1.6954593419918318,"['Pyogenic Skin Infection', 'Tendinitis', 'Gout']"
sharp abdominal pain lower abdominal pain vaginal discharge intermenstrual bleeding pelvic pain burning abdominal pain,Ovarian Cyst,Pelvic Inflammatory Disease,0.4999855753812585,1.3630731816293888,"['Pelvic Inflammatory Disease', 'Ovarian Cyst', 'Vulvodynia']"
leg pain hip pain headache arm pain back pain low back pain ache all over,Fibromyalgia,Neuralgia,0.4751246904473421,1.1273282947228662,"['Neuralgia', 'Fibromyalgia', 'Chronic Pain Disorder']"
pain in eye spots or clouds in vision lacrimation itchiness of eye,Glaucoma,Chronic Glaucoma,0.16749347871984702,2.617530244659637,"['Chronic Glaucoma', 'Glaucoma', 'Cornea Infection']"
abnormal appearing skin irregular appearing scalp itching of skin skin irritation warts,Skin Polyp,Seborrheic Keratosis,0.3904563563533801,1.5232855754247518,"['Seborrheic Keratosis', 'Skin Polyp', 'Eczema']"
sore throat diminished hearing ear pain fever,Otitis Media,Acute Otitis Media,0.2635194379906461,2.7535744262085586,"['Acute Otitis Media', 'Otitis Media', ""Otitis Externa (Swimmer'S Ear)""]"
cough fluid in ear,Ear Drum Damage,Chronic Otitis Media,0.1587039105171085,4.1678304372654935,"['Chronic Otitis Media', 'Ear Wax Impaction', 'Acute Otitis Media']"
headache nausea diarrhea fever,Flu,Gastritis,0.33286851576929716,2.2300838284305335,"['Gastritis', 'Flu', 'Hypokalemia']"
abnormal appearing skin skin lesion irregular appearing scalp itching of skin,Fungal Infection Of The Skin,Skin Pigmentation Disorder,0.12206206597797578,2.9979744621373436,"['Skin Pigmentation Disorder', 'Skin Disorder', 'Seborrheic Keratosis']"
skin swelling abnormal appearing skin acne or pimples irregular appearing scalp skin moles skin dryness peeling scaliness or roughness skin rash,Dermatitis Due To Sun Exposure,Acne,0.2619919554709736,2.3223406381861196,"['Acne', 'Skin Pigmentation Disorder', 'Dermatitis Due To Sun Exposure']"
anxiety and nervousness depression depressive or psychotic symptoms insomnia fears and phobias hysterical behavior,Psychotic Disorder,Schizophrenia,0.5353351673983098,0.9853851808430116,"['Schizophrenia', 'Psychotic Disorder', 'Anxiety']"
diminished vision symptoms of eye pain in eye swollen eye eyelid swelling,Blepharitis,Chalazion,0.4557986852547248,1.4602522605031423,"['Chalazion', 'Blepharitis', 'Stye']"
sharp chest pain wheezing fever difficulty breathing,Pneumonia,Acute Bronchitis,0.2104331483671007,2.3426752500645383,"['Acute Bronchitis', 'Pneumonia', 'Asthma']"
symptoms of eye pain in eye eye burns or stings,Stye,Conjunctivitis Due To Allergy,0.2665720682175283,2.1566670893839053,"['Conjunctivitis Due To Allergy', 'Blepharitis', 'Stye']"
skin swelling abnormal appearing skin irregular appearing scalp itching of skin skin irritation,Fungal Infection Of The Hair,Skin Disorder,0.2379800466214937,2.3269733331450233,"['Skin Disorder', 'Skin Polyp', 'Seborrheic Keratosis']"
leg pain hip pain arm pain neck pain low back pain loss of sensation,Spinal Stenosis,Herniated Disk,0.2609973757759622,2.001042906706847,"['Herniated Disk', 'Spondylosis', 'Neuralgia']"
diminished vision pain in eye spots or clouds in vision eye burns or stings,Cornea Infection,Blepharitis,0.4361868965527312,1.614516369588586,"['Blepharitis', 'Cornea Infection', 'Chronic Glaucoma']"
shortness of breath dizziness chest tightness decreased heart rate,Sinus Bradycardia,Paroxysmal Ventricular Tachycardia,0.541361422496577,1.5286059470956288,"['Paroxysmal Ventricular Tachycardia', 'Sinus Bradycardia', 'Hyperkalemia']"
sharp abdominal pain pain during pregnancy,Hyperemesis Gravidarum,Problem During Pregnancy,0.27981887021522367,2.7026384979692537,"['Problem During Pregnancy', 'Vulvodynia', 'Spontaneous Abortion']"
blood clots during menstrual periods painful menstruation,Idiopathic Painful Menstruation,Idiopathic Excessive Menstruation,0.5782934427786348,1.5005116816673296,"['Idiopathic Excessive Menstruation', 'Idiopathic Painful Menstruation', 'Idiopathic Irregular Menstrual Cycle']"
knee pain elbow pain knee swelling,Bursitis,Osteoarthritis,0.3814905612401358,1.8664969720634224,"['Osteoarthritis', 'Bursitis', 'Joint Effusion']"
shortness of breath chest tightness cough wheezing coryza,Acute Bronchospasm,Asthma,0.30521038844325366,2.1358949796418747,"['Asthma', 'Chronic Obstructive Pulmonary Disease (Copd)', 'Acute Bronchospasm']"
foot or toe pain knee swelling foot or toe swelling,Gout,Injury To The Leg,0.4230089570428642,1.834920713641294,"['Injury To The Leg', 'Gout', 'Diabetic Peripheral Neuropathy']"
back pain side pain back mass or lump,Fracture Of The Rib,Spondylitis,0.4411433531214933,1.9826396134885236,"['Spondylitis', 'Fracture Of The Rib', 'Lipoma']"
skin swelling skin lesion acne or pimples skin growth irregular appearing scalp itching of skin skin irritation,Fungal Infection Of The Hair,Skin Disorder,0.27852834147064237,1.7994351850454775,"['Skin Disorder', 'Skin Polyp', 'Seborrheic Keratosis']"
sore throat swollen lymph nodes,Sialoadenitis,Herpangina,0.5024090419158551,2.2547989617406174,"['Herpangina', 'Sialoadenitis', 'Conjunctivitis']"
retention of urine sharp abdominal pain painful urination involuntary urination lower abdominal pain blood in urine,Bladder Disorder,Temporary Or Benign Blood In Urine,0.34798068526105236,1.534169847243708,"['Temporary Or Benign Blood In Urine', 'Bladder Disorder', 'Cystitis']"
sore throat cough nasal congestion wheezing abnormal breathing sounds,Croup,Interstitial Lung Disease,0.4589298257324007,1.4837397732500428,"['Interstitial Lung Disease', 'Croup', 'Pneumonia']"
cough nasal congestion vomiting coryza,Common Cold,Acute Bronchospasm,0.21339090157061255,2.7429178040273814,"['Acute Bronchospasm', 'Croup', 'Otitis Media']"
skin swelling abnormal appearing skin peripheral edema leg swelling skin rash,Pyogenic Skin Infection,Insect Bite,0.4939359314856025,1.3708220718519217,"['Insect Bite', 'Pyogenic Skin Infection', 'Allergy']"
shortness of breath sharp chest pain vomiting wheezing fever difficulty breathing,Pneumonia,Acute Bronchospasm,0.5233506776525417,1.4953859022947864,"['Acute Bronchospasm', 'Pneumonia', 'Asthma']"
sharp abdominal pain painful urination lower abdominal pain,Pyelonephritis,Bladder Disorder,0.15903059261789645,3.1971719995268852,"['Bladder Disorder', 'Prostatitis', 'Temporary Or Benign Blood In Urine']"
abnormal appearing skin acne or pimples skin growth skin moles warts,Skin Polyp,Seborrheic Keratosis,0.24715712636285986,2.1583333016332826,"['Seborrheic Keratosis', 'Skin Polyp', 'Viral Warts']"
nausea diarrhea burning abdominal pain side pain,Appendicitis,Acute Pancreatitis,0.29035916548206087,2.729959068897455,"['Acute Pancreatitis', 'Diverticulitis', 'Appendicitis']"
white discharge from eye diminished vision foreign body sensation in eye eye redness itchiness of eye,Corneal Abrasion,Corneal Disorder,0.3103667016355058,1.6567240742020888,"['Corneal Disorder', 'Corneal Abrasion', 'Dry Eye Of Unknown Cause']"
skin lesion symptoms of the face itching of skin skin rash,Seborrheic Dermatitis,Actinic Keratosis,0.7859051174807544,0.9647263249701492,"['Actinic Keratosis', 'Seborrheic Dermatitis', 'Impetigo']"
anxiety and nervousness depressive or psychotic symptoms insomnia hostile behavior delusions or hallucinations temper problems,Schizophrenia,Post-Traumatic Stress Disorder (Ptsd),0.2472326367572847,1.98464112437665,"['Post-Traumatic Stress Disorder (Ptsd)', 'Personality Disorder', 'Schizophrenia']"
diminished vision double vision symptoms of eye pain in eye foreign body sensation in eye spots or clouds in vision itchiness of eye,Diabetic Retinopathy,Corneal Disorder,0.27262233726242496,1.9186441095334104,"['Corneal Disorder', 'Macular Degeneration', 'Dry Eye Of Unknown Cause']"
anxiety and nervousness depressive or psychotic symptoms excessive anger delusions or hallucinations,Psychotic Disorder,Neurosis,0.11935190613468688,3.0127376339864718,"['Neurosis', 'Personality Disorder', 'Bipolar Disorder']"
blood in stool vomiting nausea diarrhea lower abdominal pain upper abdominal pain,Diverticulosis,Diverticulitis,0.5376886730396702,1.0881197391183484,"['Diverticulitis', 'Diverticulosis', 'Appendicitis']"
vaginal discharge intermenstrual bleeding problems during pregnancy,Vaginal Cyst,Threatened Pregnancy,0.4880464204513717,2.012333847510526,"['Threatened Pregnancy', 'Vaginal Cyst', 'Postpartum Depression']"
symptoms of eye lacrimation itchiness of eye,Chronic Glaucoma,Conjunctivitis Due To Allergy,0.1490115074041969,3.1681640997739766,"['Conjunctivitis Due To Allergy', 'Corneal Abrasion', 'Cornea Infection']"
anxiety and nervousness depression depressive or psychotic symptoms abusing alcohol excessive anger temper problems fears and phobias,Marijuana Abuse,Bipolar Disorder,0.4090955961397177,1.5976171735787754,"['Bipolar Disorder', 'Psychotic Disorder', 'Marijuana Abuse']"
skin swelling skin lesion acne or pimples skin moles skin dryness peeling scaliness or roughness skin irritation,Skin Polyp,Contact Dermatitis,0.32326479574668765,1.8774262828713613,"['Contact Dermatitis', 'Skin Polyp', 'Skin Disorder']"
anxiety and nervousness depression depressive or psychotic symptoms insomnia hostile behavior drug abuse temper problems,Personality Disorder,Post-Traumatic Stress Disorder (Ptsd),0.3635687853225104,1.8011997583368158,"['Post-Traumatic Stress Disorder (Ptsd)', 'Personality Disorder', 'Depression']"
arm pain arm swelling elbow pain shoulder pain shoulder stiffness or tightness,Fracture Of The Arm,Bursitis,0.5744847276023795,1.1313542507290297,"['Bursitis', 'Fracture Of The Arm', 'Injury To The Shoulder']"
leg pain hip pain arm pain loss of sensation paresthesia shoulder pain lower body pain,Spondylosis,Spinal Stenosis,0.3851347728182281,1.2510862932465956,"['Spinal Stenosis', 'Degenerative Disc Disease', 'Spondylosis']"
acne or pimples skin growth irregular appearing scalp skin rash,Seborrheic Keratosis,Skin Pigmentation Disorder,0.25571317979472485,2.2340461498713378,"['Skin Pigmentation Disorder', 'Seborrheic Keratosis', 'Fungal Infection Of The Hair']"
depression depressive or psychotic symptoms temper problems,Conduct Disorder,Personality Disorder,0.08978450966216868,3.9406150195999525,"['Personality Disorder', 'Bipolar Disorder', 'Depression']"
anxiety and nervousness depression depressive or psychotic symptoms insomnia abusing alcohol excessive anger delusions or hallucinations temper problems fears and phobias,Psychotic Disorder,Bipolar Disorder,0.4609179410923,1.2606718726342807,"['Bipolar Disorder', 'Psychotic Disorder', 'Social Phobia']"
sharp abdominal pain decreased appetite fever,Infectious Gastroenteritis,Appendicitis,0.308449241970905,2.399405496502797,"['Appendicitis', 'Infectious Gastroenteritis', 'Noninfectious Gastroenteritis']"
toothache facial pain gum pain pain in gums,Gum Disease,Dental Caries,0.2756282527437623,1.9898238602247873,"['Dental Caries', 'Gum Disease', 'Tooth Abscess']"
pelvic pain problems during pregnancy spotting or bleeding during pregnancy cramps and spasms blood clots during menstrual periods,Threatened Pregnancy,Vaginal Cyst,0.35656505605540284,1.2722922426334622,"['Vaginal Cyst', 'Threatened Pregnancy', 'Spontaneous Abortion']"
skin swelling skin growth skin dryness peeling scaliness or roughness warts,Skin Polyp,Skin Pigmentation Disorder,0.3008347117616484,2.0966036482485166,"['Skin Pigmentation Disorder', 'Skin Polyp', 'Skin Cancer']"
diminished vision symptoms of eye eye redness lacrimation swollen eye,Blepharitis,Chalazion,0.29664133651525487,2.043079822422358,"['Chalazion', 'Conjunctivitis Due To Allergy', 'Cornea Infection']"
sharp abdominal pain vaginal discharge cramps and spasms blood clots during menstrual periods long menstrual periods unpredictable menstruation,Idiopathic Excessive Menstruation,Idiopathic Painful Menstruation,0.5210248363593593,0.8524504059232308,"['Idiopathic Painful Menstruation', 'Idiopathic Excessive Menstruation', 'Threatened Pregnancy']"
hip pain back pain neck pain loss of sensation paresthesia,Herniated Disk,Degenerative Disc Disease,0.24875246535332904,2.1385203448297183,"['Degenerative Disc Disease', 'Spondylosis', 'Herniated Disk']"
headache arm pain neck pain loss of sensation shoulder pain,Brachial Neuritis,Neuralgia,0.38666157366428927,1.5832585305926297,"['Neuralgia', 'Spinal Stenosis', 'Brachial Neuritis']"
vaginal discharge pain during pregnancy cramps and spasms,Vaginal Cyst,Vulvodynia,0.41693802611185693,1.7152012095432394,"['Vulvodynia', 'Vaginal Cyst', 'Benign Vaginal Discharge (Leukorrhea)']"
skin swelling abnormal appearing skin skin lesion skin irritation warts skin rash,Eczema,Seborrheic Keratosis,0.49666885451891624,1.4505160889140205,"['Seborrheic Keratosis', 'Eczema', 'Skin Cancer']"
white discharge from eye diminished vision eye burns or stings,Chronic Glaucoma,Blepharitis,0.5460977512878545,1.2325468157533248,"['Blepharitis', 'Chronic Glaucoma', 'Conjunctivitis Due To Virus']"
suprapubic pain side pain,Urinary Tract Obstruction,Urinary Tract Infection,0.47728750987419083,2.5653842271503864,"['Urinary Tract Infection', 'Cystitis', 'Pyelonephritis']"
sharp chest pain chest tightness palpitations weakness,Sinus Bradycardia,Hypertensive Heart Disease,0.2801985315697671,2.472019654420287,"['Hypertensive Heart Disease', 'Sinus Bradycardia', 'Heart Block']"
sharp abdominal pain vomiting diarrhea,Hyperemesis Gravidarum,Diverticulitis,0.12880985555409805,3.506055537198034,"['Diverticulitis', 'Gastritis', 'Acute Pancreatitis']"
sharp abdominal pain pelvic pain long menstrual periods heavy menstrual flow unpredictable menstruation painful menstruation,Idiopathic Painful Menstruation,Idiopathic Irregular Menstrual Cycle,0.4506786458047543,1.0843860747139535,"['Idiopathic Irregular Menstrual Cycle', 'Idiopathic Painful Menstruation', 'Idiopathic Excessive Menstruation']"
skin swelling abnormal appearing skin acne or pimples skin growth skin moles skin dryness peeling scaliness or roughness,Acne,Skin Polyp,0.22004309990165702,2.405641208073395,"['Skin Polyp', 'Rosacea', 'Skin Disorder']"
sharp abdominal pain vomiting nausea back pain regurgitation 1,Cholecystitis,Gallstone,0.4690017179936702,1.777467294606746,"['Gallstone', 'Cholecystitis', 'Gastritis']"
skin swelling skin lesion itching of skin skin dryness peeling scaliness or roughness,Rosacea,Eczema,0.12838536463799965,2.9770845100832455,"['Eczema', 'Rosacea', 'Skin Polyp']"
blood in stool nausea burning abdominal pain fever chills,Noninfectious Gastroenteritis,Diverticulitis,0.4479052391691901,1.4839240388075459,"['Diverticulitis', 'Infectious Gastroenteritis', 'Noninfectious Gastroenteritis']"
cough ear pain plugged feeling in ear fluid in ear,Otitis Externa (Swimmer'S Ear),Chronic Otitis Media,0.23847330983278847,2.488538021594974,"['Chronic Otitis Media', 'Acute Otitis Media', ""Otitis Externa (Swimmer'S Ear)""]"
painful urination lower abdominal pain pain during pregnancy,Vaginitis,Vulvodynia,0.6014616086262957,2.006086463994011,"['Vulvodynia', 'Vaginitis', 'Urinary Tract Infection']"
sore throat cough nasal congestion fever coryza,Acute Bronchospasm,Pneumonia,0.11490353891824,2.804696418988542,"['Pneumonia', 'Conjunctivitis', 'Croup']"
sharp chest pain headache back pain low back pain,Pain After An Operation,Fibromyalgia,0.31817860124717434,2.158509542645951,"['Fibromyalgia', 'Pain After An Operation', 'Muscle Spasm']"
sharp abdominal pain nausea burning abdominal pain side pain upper abdominal pain regurgitation 1,Cholecystitis,Gallstone,0.4854305771363019,1.6251352833791224,"['Gallstone', 'Cholecystitis', 'Hiatal Hernia']"
skin swelling skin lesion skin growth irregular appearing scalp skin moles warts,Skin Polyp,Skin Cancer,0.29607020723399186,1.9431225629259112,"['Skin Cancer', 'Skin Pigmentation Disorder', 'Skin Polyp']"
lip swelling skin growth skin moles skin irritation,Atrophic Skin Condition,Skin Cancer,0.5824367978956699,1.3831700799543438,"['Skin Cancer', 'Atrophic Skin Condition', 'Skin Disorder']"
acne or pimples itching of skin warts skin rash,Molluscum Contagiosum,Seborrheic Keratosis,0.2998307605266483,1.6880047907110403,"['Seborrheic Keratosis', 'Molluscum Contagiosum', 'Eczema']"
skin swelling abnormal appearing skin acne or pimples irregular appearing scalp skin dryness peeling scaliness or roughness,Fungal Infection Of The Hair,Fungal Infection Of The Skin,0.15476338541764076,2.5965804889959845,"['Fungal Infection Of The Skin', 'Eczema', 'Skin Polyp']"
depressive or psychotic symptoms abusing alcohol excessive anger delusions or hallucinations temper problems,Psychotic Disorder,Bipolar Disorder,0.27927144509327684,2.2853697297146285,"['Bipolar Disorder', 'Post-Traumatic Stress Disorder (Ptsd)', 'Depression']"
sharp abdominal pain burning abdominal pain cramps and spasms,Rectal Disorder,Vulvodynia,0.36235279272754556,2.56971560857128,"['Vulvodynia', 'Spontaneous Abortion', 'Rectal Disorder']"
skin swelling abnormal appearing skin skin lesion acne or pimples irregular appearing scalp itching of skin skin dryness peeling scaliness or roughness,Eczema,Skin Disorder,0.1621383311355437,2.355599383839947,"['Skin Disorder', 'Eczema', 'Skin Polyp']"
skin swelling irregular appearing scalp skin dryness peeling scaliness or roughness,Psoriasis,Hemangioma,0.11653799451889968,2.9896878523220733,"['Hemangioma', 'Psoriasis', 'Skin Polyp']"
vaginal itching lower abdominal pain vaginal discharge vaginal pain,Vaginitis,Vaginal Yeast Infection,0.5690054162967129,1.6261070445012895,"['Vaginal Yeast Infection', 'Vaginitis', 'Yeast Infection']"
painful urination frequent urination blood in urine low back pain side pain,Kidney Stone,Pyelonephritis,0.5712661481379088,1.2872809592337193,"['Pyelonephritis', 'Kidney Stone', 'Urinary Tract Obstruction']"
cough headache coryza,Nose Disorder,Seasonal Allergies (Hay Fever),0.21029352298551535,3.2517970505359046,"['Seasonal Allergies (Hay Fever)', 'Flu', 'Acute Bronchitis']"
hostile behavior drug abuse delusions or hallucinations temper problems,Personality Disorder,Post-Traumatic Stress Disorder (Ptsd),0.3404401563874958,1.8394855995763337,"['Post-Traumatic Stress Disorder (Ptsd)', 'Personality Disorder', 'Depression']"
skin swelling skin lesion skin growth irregular appearing scalp itching of skin skin irritation skin rash,Seborrheic Keratosis,Fungal Infection Of The Hair,0.35403840576533996,1.7519627630867842,"['Fungal Infection Of The Hair', 'Seborrheic Keratosis', 'Actinic Keratosis']"
skin swelling acne or pimples,Callus,Atrophic Skin Condition,0.08925020685351046,3.8537296629785063,"['Atrophic Skin Condition', 'Skin Polyp', 'Callus']"
abnormal appearing skin skin lesion acne or pimples skin growth,Sebaceous Cyst,Atrophic Skin Condition,0.1276904684899963,2.8169230923349082,"['Atrophic Skin Condition', 'Skin Disorder', 'Seborrheic Keratosis']"
depression insomnia fears and phobias hysterical behavior,Psychotic Disorder,Schizophrenia,0.5640316494569758,0.9888733508697163,"['Schizophrenia', 'Psychotic Disorder', 'Adjustment Reaction']"
abnormal appearing skin skin lesion irregular appearing scalp skin moles warts skin rash,Skin Pigmentation Disorder,Seborrheic Keratosis,0.44235376651517616,1.646283372207813,"['Seborrheic Keratosis', 'Skin Pigmentation Disorder', 'Eczema']"
sharp abdominal pain pelvic pain problems during pregnancy heavy menstrual flow,Spontaneous Abortion,Vaginal Cyst,0.46441006732983353,1.9015418021898274,"['Vaginal Cyst', 'Spontaneous Abortion', 'Problem During Pregnancy']"
shortness of breath sharp chest pain increased heart rate sweating,Mitral Valve Disease,Angina,0.38679531248352284,1.94395466515953,"['Angina', 'Heart Attack', 'Mitral Valve Disease']"
blood in stool sharp abdominal pain nausea,Liver Disease,Gastroduodenal Ulcer,0.14810451865383195,2.826840879160176,"['Gastroduodenal Ulcer', 'Noninfectious Gastroenteritis', 'Diverticulitis']"
skin swelling abnormal appearing skin skin lesion itching of skin skin dryness peeling scaliness or roughness skin irritation,Skin Polyp,Skin Disorder,0.2309609874753746,2.361342673095997,"['Skin Disorder', 'Eczema', 'Skin Polyp']"
depression depressive or psychotic symptoms insomnia excessive anger delusions or hallucinations temper problems low self esteem,Schizophrenia,Personality Disorder,0.5144507568192378,1.241148337701127,"['Personality Disorder', 'Schizophrenia', 'Marijuana Abuse']"
dizziness chest tightness increased heart rate,Angina,Sinus Bradycardia,0.3801559830362877,2.2258837114221737,"['Sinus Bradycardia', 'Paroxysmal Ventricular Tachycardia', 'Angina']"
hip pain arm pain shoulder pain,Spinal Stenosis,Herniated Disk,0.20103848679373984,2.409361402161938,"['Herniated Disk', 'Neuralgia', 'Tendinitis']"
cough nasal congestion wheezing coryza,Asthma,Acute Bronchitis,0.18040880538594,2.7397511796150082,"['Acute Bronchitis', 'Chronic Obstructive Pulmonary Disease (Copd)', 'Croup']"
leg pain hip pain arm pain back pain neck pain low back pain shoulder pain,Neuralgia,Herniated Disk,0.25029945100963136,2.035404908788861,"['Herniated Disk', 'Spondylosis', 'Neuralgia']"
symptoms of eye spots or clouds in vision eye redness lacrimation itchiness of eye eye burns or stings swollen eye,Cornea Infection,Blepharitis,0.5913168811818096,1.007566049390346,"['Blepharitis', 'Cornea Infection', 'Conjunctivitis Due To Allergy']"
skin swelling irregular appearing scalp skin moles skin rash,Skin Pigmentation Disorder,Psoriasis,0.23981639783218536,2.4937542660205083,"['Psoriasis', 'Skin Pigmentation Disorder', 'Acne']"
skin swelling skin lesion acne or pimples,Atrophic Skin Condition,Callus,0.09907391528132829,3.248409591310673,"['Callus', 'Viral Warts', 'Atrophic Skin Condition']"
shortness of breath wheezing coughing up sputum coryza,Chronic Obstructive Pulmonary Disease (Copd),Asthma,0.4590910693614687,1.7792438178600676,"['Asthma', 'Chronic Obstructive Pulmonary Disease (Copd)', 'Acute Bronchitis']"
abnormal appearing skin skin growth itching of skin skin dryness peeling scaliness or roughness skin rash,Psoriasis,Actinic Keratosis,0.19634973731649946,2.7461279865023993,"['Actinic Keratosis', 'Fungal Infection Of The Hair', 'Seborrheic Dermatitis']"
anxiety and nervousness depressive or psychotic symptoms abusing alcohol drug abuse excessive anger temper problems,Drug Abuse (Opioids),Marijuana Abuse,0.32638214298768636,1.7689230774740898,"['Marijuana Abuse', 'Drug Abuse (Opioids)', 'Depression']"
depression depressive or psychotic symptoms abusing alcohol delusions or hallucinations,Social Phobia,Bipolar Disorder,0.1970026444700378,2.910613607505786,"['Bipolar Disorder', 'Marijuana Abuse', 'Psychotic Disorder']"
skin swelling skin growth skin rash,Seborrheic Keratosis,Psoriasis,0.1845478591789409,3.1139758412530467,"['Psoriasis', 'Onychomycosis', 'Skin Pigmentation Disorder']"
facial pain mouth ulcer peripheral edema jaw swelling gum pain bleeding gums,Gum Disease,Tooth Disorder,0.6039895592238687,0.8137488748363986,"['Tooth Disorder', 'Gum Disease', 'Tooth Abscess']"
sharp abdominal pain back pain burning abdominal pain side pain,Acute Pancreatitis,Vulvodynia,0.35883810882255823,2.6753902466684276,"['Vulvodynia', 'Acute Pancreatitis', 'Gallstone']"
leg pain headache back pain ache all over,Fibromyalgia,Chronic Pain Disorder,0.38731678790002977,1.6600896341658822,"['Chronic Pain Disorder', 'Neuralgia', 'Fibromyalgia']"
ear pain ringing in ear redness in ear,Eustachian Tube Dysfunction (Ear Disorder),Ear Drum Damage,0.34425829237043,1.8944366532183863,"['Ear Drum Damage', ""Otitis Externa (Swimmer'S Ear)"", 'Conductive Hearing Loss']"
skin lesion irregular appearing scalp itching of skin skin dryness peeling scaliness or roughness,Fungal Infection Of The Hair,Skin Pigmentation Disorder,0.1373184420190687,2.633215397097424,"['Skin Pigmentation Disorder', 'Eczema', 'Seborrheic Dermatitis']"
vomiting nausea diarrhea chills,Flu,White Blood Cell Disease,0.24771669086910142,2.739327713495306,"['White Blood Cell Disease', 'Flu', 'Diverticulitis']"
leg pain headache neck pain low back pain,Fibromyalgia,Pain After An Operation,0.31371100860034434,2.202328584344408,"['Pain After An Operation', 'Neuralgia', 'Fibromyalgia']"
wrist pain wrist swelling knee pain knee swelling ankle swelling,Joint Effusion,Gout,0.5736434628618766,0.9573843434467326,"['Gout', 'Joint Effusion', 'Rheumatoid Arthritis']"
skin swelling abnormal appearing skin skin lesion itching of skin skin dryness peeling scaliness or roughness itchy scalp,Psoriasis,Fungal Infection Of The Skin,0.3328826134105224,1.8666841792893605,"['Fungal Infection Of The Skin', 'Psoriasis', 'Fungal Infection Of The Hair']"
retention of urine involuntary urination frequent urination lower abdominal pain blood in urine back pain symptoms of bladder,Temporary Or Benign Blood In Urine,Cystitis,0.6252465448053913,1.1038488316547515,"['Cystitis', 'Temporary Or Benign Blood In Urine', 'Bladder Disorder']"
intermenstrual bleeding problems during pregnancy spotting or bleeding during pregnancy cramps and spasms,Spontaneous Abortion,Threatened Pregnancy,0.4128296772293346,1.5589485053449184,"['Threatened Pregnancy', 'Vaginal Cyst', 'Spontaneous Abortion']"
ear pain plugged feeling in ear fluid in ear,Ear Wax Impaction,Otitis Externa (Swimmer'S Ear),0.14673240076105395,2.563571811498645,"[""Otitis Externa (Swimmer'S Ear)"", 'Acute Otitis Media', 'Chronic Otitis Media']"
hand or finger pain arm pain neck pain elbow pain,Carpal Tunnel Syndrome,Brachial Neuritis,0.6252239095026224,1.31191067560407,"['Brachial Neuritis', 'Carpal Tunnel Syndrome', 'Injury To The Arm']"
diminished hearing ear pain ringing in ear,Conductive Hearing Loss,Eustachian Tube Dysfunction (Ear Disorder),0.23290310934438785,2.316969960482718,"['Eustachian Tube Dysfunction (Ear Disorder)', 'Ear Wax Impaction', 'Ear Drum Damage']"
diminished vision double vision symptoms of eye foreign body sensation in eye spots or clouds in vision lacrimation,Diabetic Retinopathy,Macular Degeneration,0.264605082725097,1.852560418778601,"['Macular Degeneration', 'Corneal Disorder', 'Dry Eye Of Unknown Cause']"
anxiety and nervousness depression depressive or psychotic symptoms insomnia excessive anger,Schizophrenia,Bipolar Disorder,0.13861940549546506,2.8510290348876763,"['Bipolar Disorder', 'Psychotic Disorder', 'Schizophrenia']"
skin swelling irregular appearing scalp itching of skin skin dryness peeling scaliness or roughness skin irritation skin rash,Actinic Keratosis,Fungal Infection Of The Hair,0.3583598152781029,1.8052911897815818,"['Fungal Infection Of The Hair', 'Eczema', 'Actinic Keratosis']"
shortness of breath sore throat nasal congestion wheezing fever,Acute Bronchitis,Interstitial Lung Disease,0.25313357425003663,2.0776623640249525,"['Interstitial Lung Disease', 'Pneumonia', 'Croup']"
sharp abdominal pain vomiting nausea fever chills,White Blood Cell Disease,Infectious Gastroenteritis,0.34550284804803644,2.3772413253275393,"['Infectious Gastroenteritis', 'White Blood Cell Disease', 'Noninfectious Gastroenteritis']"
skin lesion acne or pimples irregular appearing scalp skin rash,Eczema,Fungal Infection Of The Skin,0.1882191800919294,2.460581899744322,"['Fungal Infection Of The Skin', 'Skin Pigmentation Disorder', 'Dermatitis Due To Sun Exposure']"
blood in stool vomiting headache diarrhea burning abdominal pain decreased appetite fever,Infectious Gastroenteritis,Noninfectious Gastroenteritis,0.6013395222150123,0.8232005306411654,"['Noninfectious Gastroenteritis', 'Infectious Gastroenteritis', 'Appendicitis']"
depression insomnia drug abuse excessive anger delusions or hallucinations,Personality Disorder,Neurosis,0.22626330385318363,2.113461893802206,"['Neurosis', 'Depression', 'Drug Abuse (Opioids)']"
pelvic pain cramps and spasms heavy menstrual flow unpredictable menstruation painful menstruation,Idiopathic Painful Menstruation,Idiopathic Irregular Menstrual Cycle,0.42468010334793477,1.3465418870248702,"['Idiopathic Irregular Menstrual Cycle', 'Idiopathic Painful Menstruation', 'Uterine Fibroids']"
leg pain hip pain low back pain ache all over,Chronic Pain Disorder,Fibromyalgia,0.2826424164931284,2.104515574687804,"['Fibromyalgia', 'Neuralgia', 'Sickle Cell Crisis']"
suprapubic pain painful urination lower abdominal pain blood in urine side pain,Pyelonephritis,Urinary Tract Infection,0.3221939530657987,1.9792053332474566,"['Urinary Tract Infection', 'Cystitis', 'Pyelonephritis']"
leg pain hip pain arm pain neck pain ache all over,Neuralgia,Fibromyalgia,0.3198859403190488,1.672265690920076,"['Fibromyalgia', 'Spondylosis', 'Neuralgia']"
anxiety and nervousness abusing alcohol excessive anger delusions or hallucinations fears and phobias,Psychotic Disorder,Social Phobia,0.34382639424404365,1.7786985089882306,"['Social Phobia', 'Bipolar Disorder', 'Psychotic Disorder']"
knee pain ankle pain,Osteoarthritis,Sprain Or Strain,0.17919715806843728,2.57475966193,"['Sprain Or Strain', 'Tendinitis', 'Joint Effusion']"
sore throat cough wheezing congestion in chest,Acute Bronchitis,Chronic Obstructive Pulmonary Disease (Copd),0.510849113049914,1.7105014077828848,"['Chronic Obstructive Pulmonary Disease (Copd)', 'Acute Bronchitis', 'Chronic Sinusitis']"
diminished vision double vision pain in eye spots or clouds in vision lacrimation itchiness of eye,Cataract,Corneal Disorder,0.28810484231729006,2.058180464969877,"['Corneal Disorder', 'Macular Degeneration', 'Cataract']"
skin rash diaper rash,Balanitis,Diaper Rash,0.5139530088800438,1.9459945812358097,"['Diaper Rash', 'Balanitis', 'Yeast Infection']"
retention of urine frequent urination back pain,Urinary Tract Obstruction,Prostatitis,0.19295910177124703,3.0815048904230835,"['Prostatitis', 'Kidney Stone', 'Cystitis']"
sharp chest pain palpitations peripheral edema lymphedema,Aortic Valve Disease,Ischemic Heart Disease,0.43535218227287165,1.982943516152694,"['Ischemic Heart Disease', 'Aortic Valve Disease', 'Heart Block']"
skin swelling skin lesion allergic reaction skin irritation skin rash,Eczema,Contact Dermatitis,0.558108508070657,1.19948367155844,"['Contact Dermatitis', 'Eczema', 'Fungal Infection Of The Hair']"
anxiety and nervousness depression depressive or psychotic symptoms insomnia excessive anger hysterical behavior,Schizophrenia,Psychotic Disorder,0.5544150379640583,1.3535228713209495,"['Psychotic Disorder', 'Schizophrenia', 'Neurosis']"
anxiety and nervousness depression depressive or psychotic symptoms insomnia delusions or hallucinations temper problems fears and phobias hysterical behavior,Schizophrenia,Psychotic Disorder,0.5384701122770512,0.8447468261440041,"['Psychotic Disorder', 'Schizophrenia', 'Personality Disorder']"
blood in stool sharp abdominal pain diarrhea heartburn melena rectal bleeding,Rectal Disorder,Diverticulosis,0.5661750448891636,1.077750802980253,"['Diverticulosis', 'Rectal Disorder', 'Gastrointestinal Hemorrhage']"
abnormal appearing skin skin lesion skin moles skin dryness peeling scaliness or roughness,Hemangioma,Contact Dermatitis,0.12841270971898974,2.831783305369674,"['Contact Dermatitis', 'Skin Disorder', 'Rosacea']"
abnormal appearing skin skin lesion,Psoriasis,Skin Disorder,0.07468154680428252,3.755243294699789,"['Skin Disorder', 'Impetigo', 'Rosacea']"
skin swelling abnormal appearing skin irregular appearing scalp itching of skin,Seborrheic Keratosis,Skin Polyp,0.13704369679527978,3.1799423836287364,"['Skin Polyp', 'Psoriasis', 'Skin Pigmentation Disorder']"
shortness of breath wheezing coryza,Acute Bronchiolitis,Acute Bronchitis,0.15444370616772066,3.5993430816269885,"['Acute Bronchitis', 'Asthma', 'Chronic Obstructive Pulmonary Disease (Copd)']"
sharp abdominal pain vaginal discharge heavy menstrual flow,Vaginal Cyst,Idiopathic Painful Menstruation,0.29341984236102947,2.783391963786673,"['Idiopathic Painful Menstruation', 'Vaginal Cyst', 'Idiopathic Excessive Menstruation']"
cough ear pain plugged feeling in ear fever pulling at ears,Chronic Otitis Media,Otitis Media,0.3834852728346191,1.5905449056080339,"['Otitis Media', 'Chronic Otitis Media', 'Ear Wax Impaction']"
depressive or psychotic symptoms sharp chest pain vomiting nausea weakness,Diabetic Ketoacidosis,Hyperkalemia,0.46785625153122606,1.6955020704983754,"['Hyperkalemia', 'Diabetic Ketoacidosis', 'Hyponatremia']"
skin swelling skin lesion irregular appearing scalp itching of skin itchy scalp skin rash,Fungal Infection Of The Skin,Psoriasis,0.43246092564538785,1.5080168003587082,"['Psoriasis', 'Fungal Infection Of The Skin', 'Fungal Infection Of The Hair']"
vomiting nausea diarrhea fluid retention,Diabetic Ketoacidosis,Noninfectious Gastroenteritis,0.2561639377426953,2.7088650104219867,"['Noninfectious Gastroenteritis', 'Infectious Gastroenteritis', 'Diabetic Ketoacidosis']"
sore throat ear pain,Chronic Sinusitis,Eustachian Tube Dysfunction (Ear Disorder),0.13263769456621533,3.5968653800602346,"['Eustachian Tube Dysfunction (Ear Disorder)', 'Acute Sinusitis', 'Strep Throat']"
sore throat cough frontal headache painful sinuses,Acute Sinusitis,Chronic Sinusitis,0.4891951302568094,1.6625169484256053,"['Chronic Sinusitis', 'Acute Sinusitis', 'Seasonal Allergies (Hay Fever)']"
anxiety and nervousness depression fears and phobias,Adjustment Reaction,Anxiety,0.24574563424772344,3.1419498068808793,"['Anxiety', 'Bipolar Disorder', 'Schizophrenia']"
depression depressive or psychotic symptoms drug abuse delusions or hallucinations fears and phobias,Personality Disorder,Marijuana Abuse,0.36662820198241014,2.045565653209551,"['Marijuana Abuse', 'Personality Disorder', 'Postpartum Depression']"
skin swelling abnormal appearing skin skin lesion acne or pimples skin growth skin moles itching of skin,Skin Pigmentation Disorder,Skin Polyp,0.20454278036592047,2.2645528297467568,"['Skin Polyp', 'Seborrheic Keratosis', 'Skin Disorder']"
nasal congestion decreased appetite,Viral Exanthem,Acute Bronchiolitis,0.2263004134540056,3.409615325271112,"['Acute Bronchiolitis', 'Strep Throat', 'Viral Exanthem']"
leg pain arm pain low back pain ache all over,Fibromyalgia,Sickle Cell Crisis,0.24916760839655264,2.104743523157203,"['Sickle Cell Crisis', 'Fibromyalgia', 'Spondylosis']"
anxiety and nervousness depressive or psychotic symptoms hostile behavior excessive anger delusions or hallucinations temper problems fears and phobias low self esteem,Schizophrenia,Personality Disorder,0.4007703206383896,1.1667689953896576,"['Personality Disorder', 'Marijuana Abuse', 'Schizophrenia']"
diminished hearing ear pain plugged feeling in ear fever coryza,Otitis Media,Acute Otitis Media,0.5741532391830575,1.3048652551385174,"['Acute Otitis Media', 'Otitis Media', ""Otitis Externa (Swimmer'S Ear)""]"
retention of urine suprapubic pain painful urination side pain,Kidney Stone,Urinary Tract Obstruction,0.24372209070322978,2.1966361195969157,"['Urinary Tract Obstruction', 'Urinary Tract Infection', 'Cystitis']"
sore throat plugged feeling in ear fluid in ear,Otitis Media,Otitis Externa (Swimmer'S Ear),0.3236842666609754,2.572023045474233,"[""Otitis Externa (Swimmer'S Ear)"", 'Acute Otitis Media', 'Otitis Media']"
abnormal appearing skin skin growth irregular appearing scalp symptoms of the face itching of skin skin rash,Seborrheic Dermatitis,Actinic Keratosis,0.6710500698865963,1.0380342667483609,"['Actinic Keratosis', 'Seborrheic Dermatitis', 'Seborrheic Keratosis']"
shortness of breath sore throat cough nasal congestion vomiting fever difficulty breathing coryza,Pneumonia,Acute Bronchospasm,0.5175119586027354,1.164584511825138,"['Acute Bronchospasm', 'Pneumonia', 'Acute Bronchitis']"
skin swelling toothache facial pain peripheral edema neck swelling gum pain mouth pain,Dental Caries,Tooth Abscess,0.6190392986978862,0.7906331604117252,"['Tooth Abscess', 'Dental Caries', 'Oral Mucosal Lesion']"
anxiety and nervousness depression depressive or psychotic symptoms insomnia hostile behavior delusions or hallucinations fears and phobias low self esteem,Personality Disorder,Schizophrenia,0.48379270834695787,1.0287221574073198,"['Schizophrenia', 'Personality Disorder', 'Marijuana Abuse']"
abnormal appearing skin acne or pimples skin growth warts,Skin Polyp,Seborrheic Keratosis,0.23238130524999553,2.7362599869248747,"['Seborrheic Keratosis', 'Viral Warts', 'Skin Polyp']"
sore throat cough facial pain ear pain fever painful sinuses,Acute Sinusitis,Nose Disorder,0.3739166544472448,1.5107004663803767,"['Nose Disorder', 'Chronic Sinusitis', 'Acute Sinusitis']"
insomnia hostile behavior drug abuse excessive anger temper problems,Post-Traumatic Stress Disorder (Ptsd),Personality Disorder,0.385961857319856,1.5598809953335728,"['Personality Disorder', 'Post-Traumatic Stress Disorder (Ptsd)', 'Depression']"
skin moles skin dryness peeling scaliness or roughness,Skin Polyp,Contact Dermatitis,0.1851519832738737,3.061072863171895,"['Contact Dermatitis', 'Dermatitis Due To Sun Exposure', 'Skin Polyp']"
shortness of breath sharp chest pain cough vomiting difficulty breathing,Pneumonia,Acute Bronchospasm,0.6191090005392825,1.7744038223046918,"['Acute Bronchospasm', 'Pneumonia', 'Esophagitis']"
sharp chest pain chest tightness heartburn,Heart Attack,Hypertensive Heart Disease,0.2454745238010631,2.9782252500759707,"['Hypertensive Heart Disease', 'Heart Attack', 'Esophagitis']"
skin swelling skin growth foot or toe pain,Onychomycosis,Callus,0.5184691042790293,2.189133479189463,"['Callus', 'Onychomycosis', 'Pyogenic Skin Infection']"
leg pain abnormal appearing skin skin lesion peripheral edema foot or toe swelling,Lymphedema,Pyogenic Skin Infection,0.7896940742301353,0.7515423972620364,"['Pyogenic Skin Infection', 'Lymphedema', 'Callus']"
skin swelling abnormal appearing skin skin lesion irregular appearing scalp itching of skin skin dryness peeling scaliness or roughness skin irritation,Fungal Infection Of The Hair,Skin Disorder,0.23666112267800798,2.1725173904277213,"['Skin Disorder', 'Eczema', 'Skin Polyp']"
anxiety and nervousness depression depressive or psychotic symptoms insomnia hostile behavior drug abuse,Post-Traumatic Stress Disorder (Ptsd),Neurosis,0.307776908837379,2.060117658752177,"['Neurosis', 'Post-Traumatic Stress Disorder (Ptsd)', 'Personality Disorder']"
sharp abdominal pain lower abdominal pain vaginal discharge back pain pelvic pain,Threatened Pregnancy,Vulvodynia,0.3892465192018612,2.064474990081732,"['Vulvodynia', 'Pelvic Inflammatory Disease', 'Threatened Pregnancy']"
arm pain ankle pain shoulder pain,Mononeuritis,Tendinitis,0.40190392129455427,2.0256668718251114,"['Tendinitis', 'Sprain Or Strain', 'Mononeuritis']"
sore throat coryza,Nose Disorder,Flu,0.1232624720773557,3.9607449130829173,"['Flu', 'Acute Sinusitis', 'Conjunctivitis']"
suprapubic pain vomiting frequent urination lower abdominal pain blood in urine low back pain,Kidney Stone,Pyelonephritis,0.521673083575404,0.928623040929599,"['Pyelonephritis', 'Kidney Stone', 'Urinary Tract Infection']"
white discharge from eye diminished vision symptoms of eye foreign body sensation in eye eye redness,Corneal Disorder,Corneal Abrasion,0.36095362603914716,1.6808166777868812,"['Corneal Abrasion', 'Dry Eye Of Unknown Cause', 'Corneal Disorder']"
sharp chest pain palpitations lymphedema,Aortic Valve Disease,Ischemic Heart Disease,0.34676592502148545,3.491273789913527,"['Ischemic Heart Disease', 'Aortic Valve Disease', 'Heart Failure']"
blood in stool diarrhea fever,Noninfectious Gastroenteritis,Diaper Rash,0.22570334334137934,2.93748822117769,"['Diaper Rash', 'Diverticulitis', 'Noninfectious Gastroenteritis']"
retention of urine involuntary urination frequent urination excessive urination at night,Benign Prostatic Hyperplasia (Bph),Erectile Dysfunction,0.35951561600718646,2.0972629826225506,"['Erectile Dysfunction', 'Urge Incontinence', 'Benign Prostatic Hyperplasia (Bph)']"
depression depressive or psychotic symptoms insomnia excessive anger temper problems,Drug Abuse (Opioids),Dysthymic Disorder,0.15835128931502374,2.6305125666940414,"['Dysthymic Disorder', 'Bipolar Disorder', 'Psychotic Disorder']"
dizziness hoarse voice diminished hearing ringing in ear plugged feeling in ear,Sensorineural Hearing Loss,Conductive Hearing Loss,0.5176843362599716,1.1443708547077844,"['Conductive Hearing Loss', 'Sensorineural Hearing Loss', 'Eustachian Tube Dysfunction (Ear Disorder)']"
sore throat nasal congestion fever difficulty breathing coryza,Acute Bronchitis,Pneumonia,0.3217644337117437,2.0335367839416603,"['Pneumonia', 'Nose Disorder', 'Acute Bronchitis']"
shortness of breath nasal congestion vomiting wheezing fever coryza pulling at ears,Acute Bronchiolitis,Croup,0.5008045676003032,1.0679893346772253,"['Croup', 'Acute Bronchiolitis', 'Acute Bronchospasm']"
painful urination lower abdominal pain symptoms of bladder,Bladder Disorder,Temporary Or Benign Blood In Urine,0.37019416282399487,1.739047442080901,"['Temporary Or Benign Blood In Urine', 'Bladder Disorder', 'Cystitis']"
shortness of breath cough vomiting,Pneumonia,Sepsis,0.1728124494275451,3.3096004731286994,"['Sepsis', 'Esophagitis', 'Acute Bronchiolitis']"
neck pain low back pain loss of sensation,Spondylolisthesis,Muscle Spasm,0.161028945076515,2.6367828891987743,"['Muscle Spasm', 'Neuralgia', 'Spondylosis']"
depressive or psychotic symptoms insomnia abusing alcohol hostile behavior excessive anger delusions or hallucinations,Psychotic Disorder,Post-Traumatic Stress Disorder (Ptsd),0.37699878057546143,1.5657682068674903,"['Post-Traumatic Stress Disorder (Ptsd)', 'Psychotic Disorder', 'Depression']"
diminished vision symptoms of eye pain in eye lacrimation itchiness of eye eye burns or stings,Chronic Glaucoma,Conjunctivitis Due To Allergy,0.3321534659824305,1.8917976337390394,"['Conjunctivitis Due To Allergy', 'Cornea Infection', 'Chronic Glaucoma']"
leg pain back pain low back pain,Spinal Stenosis,Pain After An Operation,0.26281784486580495,2.8979468542733575,"['Pain After An Operation', 'Spondylitis', 'Sprain Or Strain']"
leg pain hand or finger pain wrist pain arm pain ankle pain,Sprain Or Strain,Mononeuritis,0.4385387596788647,1.303665113853852,"['Mononeuritis', 'Tendinitis', 'Sprain Or Strain']"
skin swelling skin lesion skin rash,Contact Dermatitis,Psoriasis,0.10727034581141172,3.372374714508568,"['Psoriasis', 'Pyogenic Skin Infection', 'Impetigo']"
acne or pimples skin growth skin moles itching of skin skin dryness peeling scaliness or roughness,Skin Pigmentation Disorder,Skin Polyp,0.2545573227510072,2.053834189312566,"['Skin Polyp', 'Skin Pigmentation Disorder', 'Skin Disorder']"
retention of urine suprapubic pain painful urination frequent urination lower abdominal pain back pain,Kidney Stone,Urinary Tract Infection,0.3480887686286672,1.7784739431362653,"['Urinary Tract Infection', 'Cystitis', 'Kidney Stone']"
nausea diarrhea burning abdominal pain constipation,Ileus,Diverticulitis,0.5847295815780905,1.6678313075870694,"['Diverticulitis', 'Ileus', 'Gastritis']"
lower abdominal pain pain during pregnancy problems during pregnancy cramps and spasms,Vaginal Cyst,Problem During Pregnancy,0.6172757561350799,1.3033561606640567,"['Problem During Pregnancy', 'Spontaneous Abortion', 'Vaginal Cyst']"
skin swelling abnormal appearing skin skin lesion skin growth irregular appearing scalp skin moles warts skin rash,Skin Pigmentation Disorder,Seborrheic Keratosis,0.42731177221023375,1.679352466003988,"['Seborrheic Keratosis', 'Skin Pigmentation Disorder', 'Skin Cancer']"
sore throat wheezing fever coughing up sputum coryza congestion in chest,Chronic Obstructive Pulmonary Disease (Copd),Acute Bronchitis,0.5727156208489225,0.7614998076173146,"['Acute Bronchitis', 'Chronic Obstructive Pulmonary Disease (Copd)', 'Acute Sinusitis']"
depression depressive or psychotic symptoms drug abuse excessive anger delusions or hallucinations temper problems,Marijuana Abuse,Depression,0.2291822396833907,2.02461834698043,"['Depression', 'Post-Traumatic Stress Disorder (Ptsd)', 'Personality Disorder']"
depression insomnia excessive anger,Schizophrenia,Dysthymic Disorder,0.14788257386339324,3.25152443014416,"['Dysthymic Disorder', 'Bipolar Disorder', 'Adjustment Reaction']"
hip pain neck pain paresthesia shoulder pain,Degenerative Disc Disease,Spondylosis,0.29109321835539687,1.780593113879194,"['Spondylosis', 'Degenerative Disc Disease', 'Spinal Stenosis']"
facial pain peripheral edema ear pain jaw swelling gum pain pain in gums,Gum Disease,Dental Caries,0.38248024051380924,1.3030021299381898,"['Dental Caries', 'Tooth Disorder', 'Gum Disease']"
sharp abdominal pain nausea back pain burning abdominal pain lower body pain,Acute Pancreatitis,Gallstone,0.31475737835958584,1.9332491017426743,"['Gallstone', 'Cholecystitis', 'Acute Pancreatitis']"
sharp abdominal pain vomiting side pain lower body pain regurgitation 1,Cholecystitis,Gallstone,0.5044470202965582,1.0782746883032774,"['Gallstone', 'Cholecystitis', 'Acute Pancreatitis']"
skin swelling skin lesion acne or pimples irregular appearing scalp itching of skin skin rash,Fungal Infection Of The Skin,Skin Pigmentation Disorder,0.25981333874349566,2.25495279441343,"['Skin Pigmentation Disorder', 'Seborrheic Keratosis', 'Fungal Infection Of The Hair']"
hand or finger pain neck pain elbow pain,Carpal Tunnel Syndrome,Brachial Neuritis,0.72251800804925,1.1170256756411785,"['Brachial Neuritis', 'Carpal Tunnel Syndrome', 'Mononeuritis']"
skin lesion acne or pimples skin dryness peeling scaliness or roughness itchy scalp skin rash,Fungal Infection Of The Hair,Fungal Infection Of The Skin,0.5168523543135615,1.3071251473458667,"['Fungal Infection Of The Skin', 'Fungal Infection Of The Hair', 'Psoriasis']"
shortness of breath cough difficulty breathing coryza,Acute Bronchitis,Acute Bronchiolitis,0.2929741337801305,2.5731331261324377,"['Acute Bronchiolitis', 'Pneumonia', 'Acute Bronchitis']"
sharp abdominal pain lower abdominal pain intermenstrual bleeding heavy menstrual flow,Vaginal Cyst,Spontaneous Abortion,0.30175089766166996,2.421434840443761,"['Spontaneous Abortion', 'Idiopathic Irregular Menstrual Cycle', 'Vaginal Cyst']"
nausea back pain side pain,Gallstone,Pain After An Operation,0.19301126997426665,3.0669651096086383,"['Pain After An Operation', 'Cholecystitis', 'Vulvodynia']"
anxiety and nervousness abusing alcohol drug abuse excessive anger delusions or hallucinations temper problems,Drug Abuse (Opioids),Depression,0.2930520064714935,1.7250956071589167,"['Depression', 'Marijuana Abuse', 'Drug Abuse (Opioids)']"
skin lesion skin growth itching of skin skin dryness peeling scaliness or roughness skin rash,Fungal Infection Of The Hair,Actinic Keratosis,0.23241919757452126,2.483174532837792,"['Actinic Keratosis', 'Fungal Infection Of The Hair', 'Psoriasis']"
skin lesion irregular appearing scalp itching of skin skin rash,Seborrheic Keratosis,Skin Pigmentation Disorder,0.1726058461114388,2.5784920848904513,"['Skin Pigmentation Disorder', 'Psoriasis', 'Seborrheic Keratosis']"
nasal congestion ear pain ringing in ear plugged feeling in ear,Eustachian Tube Dysfunction (Ear Disorder),Ear Wax Impaction,0.24768063227669615,2.121191628676578,"['Ear Wax Impaction', 'Eustachian Tube Dysfunction (Ear Disorder)', 'Ear Drum Damage']"
white discharge from eye spots or clouds in vision eye redness lacrimation,Corneal Disorder,Blepharitis,0.3327768798261539,1.618640205766856,"['Blepharitis', 'Dry Eye Of Unknown Cause', 'Corneal Disorder']"
sore throat nasal congestion vomiting chills,Strep Throat,Pneumonia,0.488254564199249,1.856548215556129,"['Pneumonia', 'Common Cold', 'Strep Throat']"
cough ear pain fluid in ear pulling at ears,Chronic Otitis Media,Otitis Media,0.29645732340907405,2.0999173153389528,"['Otitis Media', 'Chronic Otitis Media', 'Ear Drum Damage']"
painful urination lower abdominal pain low back pain side pain,Kidney Stone,Pyelonephritis,0.4315043505513112,1.6837330639332857,"['Pyelonephritis', 'Kidney Stone', 'Vulvodynia']"
shortness of breath cough hurts to breath,Smoking Or Tobacco Addiction,Heart Failure,0.34849858171079695,2.5833005529261834,"['Heart Failure', 'Acute Bronchiolitis', 'Smoking Or Tobacco Addiction']"
vomiting burning abdominal pain side pain,Cholecystitis,Acute Pancreatitis,0.13060049871765497,3.612562296166987,"['Acute Pancreatitis', 'Cholecystitis', 'Gallstone']"
anxiety and nervousness abusing alcohol hostile behavior excessive anger temper problems,Psychotic Disorder,Marijuana Abuse,0.28194804686029684,1.974348961294958,"['Marijuana Abuse', 'Post-Traumatic Stress Disorder (Ptsd)', 'Psychotic Disorder']"
sharp abdominal pain lower abdominal pain pelvic pain cramps and spasms,Idiopathic Irregular Menstrual Cycle,Vulvodynia,0.22957346939068987,2.5737756142937247,"['Vulvodynia', 'Problem During Pregnancy', 'Threatened Pregnancy']"
irregular heartbeat nausea,Heart Attack,Benign Paroxysmal Positional Vertical (Bppv),0.2530677462810977,3.6259147047321645,"['Benign Paroxysmal Positional Vertical (Bppv)', 'Heart Attack', 'Aortic Valve Disease']"
nausea weakness seizures,Hyponatremia,Hypoglycemia,0.3600744871382554,2.3328714930821817,"['Hypoglycemia', 'Hyponatremia', 'Intracerebral Hemorrhage']"
back pain neck pain paresthesia lower body pain,Degenerative Disc Disease,Spondylosis,0.3192761142328665,1.9633104121062486,"['Spondylosis', 'Spinal Stenosis', 'Degenerative Disc Disease']"
shortness of breath cough wheezing fever,Interstitial Lung Disease,Acute Bronchiolitis,0.14424281563149335,2.833077362626216,"['Acute Bronchiolitis', 'Asthma', 'Interstitial Lung Disease']"
sharp chest pain sharp abdominal pain back pain burning abdominal pain side pain lower body pain upper abdominal pain,Cholecystitis,Gallstone,0.3444235143543962,1.437654272232031,"['Gallstone', 'Cholecystitis', 'Acute Pancreatitis']"
sharp chest pain palpitations peripheral edema,Ischemic Heart Disease,Aortic Valve Disease,0.23389740217511246,2.9167234978848495,"['Aortic Valve Disease', 'Ischemic Heart Disease', 'Heart Block']"
skin lesion skin growth skin moles itching of skin,Psoriasis,Seborrheic Keratosis,0.18251944620897273,2.4943845732622814,"['Seborrheic Keratosis', 'Psoriasis', 'Skin Polyp']"
nausea painful urination back pain pelvic pain burning abdominal pain,Vulvodynia,Pelvic Inflammatory Disease,0.5135766608304209,0.9611725932358473,"['Pelvic Inflammatory Disease', 'Vulvodynia', 'Cystitis']"
abnormal appearing skin skin lesion skin growth skin moles skin rash,Psoriasis,Seborrheic Keratosis,0.17952719722129404,2.8883576173575314,"['Seborrheic Keratosis', 'Psoriasis', 'Actinic Keratosis']"
symptoms of eye foreign body sensation in eye spots or clouds in vision lacrimation itchiness of eye eye burns or stings,Chronic Glaucoma,Cornea Infection,0.4396959467502022,1.4196160455735911,"['Cornea Infection', 'Chronic Glaucoma', 'Glaucoma']"
shortness of breath difficulty breathing chills,Acute Respiratory Distress Syndrome (Ards),Sepsis,0.28579177569805253,2.179429446503092,"['Sepsis', 'Pneumonia', 'Acute Respiratory Distress Syndrome (Ards)']"
sharp abdominal pain back pain pelvic pain side pain,Vulvodynia,Cystitis,0.4111325454009797,2.1086226755221977,"['Cystitis', 'Vulvodynia', 'Chronic Pain Disorder']"
retention of urine sharp abdominal pain involuntary urination lower abdominal pain blood in urine symptoms of bladder,Temporary Or Benign Blood In Urine,Bladder Disorder,0.36684067831788075,1.3984087117888397,"['Bladder Disorder', 'Cystitis', 'Temporary Or Benign Blood In Urine']"
leg pain hip pain back pain low back pain problems with movement lower body pain,Spinal Stenosis,Arthritis Of The Hip,0.41884335079219354,1.6471106570340652,"['Arthritis Of The Hip', 'Spinal Stenosis', 'Sciatica']"
blood in stool headache diarrhea burning abdominal pain chills fluid retention,Infectious Gastroenteritis,Noninfectious Gastroenteritis,0.6058138569509984,0.789603053953886,"['Noninfectious Gastroenteritis', 'Infectious Gastroenteritis', 'Diverticulitis']"
chest tightness leg swelling weakness,Pulmonary Congestion,Hypertensive Heart Disease,0.34881896362808,2.217628501364425,"['Hypertensive Heart Disease', 'Pulmonary Embolism', 'Pulmonary Congestion']"
diminished vision symptoms of eye pain in eye abnormal movement of eyelid foreign body sensation in eye,Dry Eye Of Unknown Cause,Diabetic Retinopathy,0.3545721279887553,1.551067440732595,"['Diabetic Retinopathy', 'Dry Eye Of Unknown Cause', 'Macular Degeneration']"
skin swelling abnormal appearing skin skin lesion itching of skin itchy scalp skin rash,Psoriasis,Fungal Infection Of The Skin,0.360986111047782,1.861708276835733,"['Fungal Infection Of The Skin', 'Psoriasis', 'Fungal Infection Of The Hair']"
shortness of breath sharp chest pain sore throat nasal congestion coryza congestion in chest,Acute Bronchitis,Chronic Obstructive Pulmonary Disease (Copd),0.5518984195639561,0.9568017660486738,"['Chronic Obstructive Pulmonary Disease (Copd)', 'Acute Bronchitis', 'Pneumonia']"
depression excessive anger delusions or hallucinations temper problems fears and phobias,Schizophrenia,Personality Disorder,0.2959781915487021,2.0318096378694306,"['Personality Disorder', 'Schizophrenia', 'Bipolar Disorder']"
skin lesion acne or pimples irregular appearing scalp skin moles itching of skin warts,Skin Polyp,Skin Pigmentation Disorder,0.40606544924886184,1.3482866444016925,"['Skin Pigmentation Disorder', 'Seborrheic Keratosis', 'Skin Polyp']"
anxiety and nervousness depression depressive or psychotic symptoms insomnia abusing alcohol excessive anger,Social Phobia,Bipolar Disorder,0.30708768651804474,2.066182529548322,"['Bipolar Disorder', 'Psychotic Disorder', 'Social Phobia']"
sharp abdominal pain headache nausea,Noninfectious Gastroenteritis,Gastritis,0.20668228491655138,2.861955544685897,"['Gastritis', 'Pain After An Operation', 'Ileus']"
skin swelling abnormal appearing skin skin lesion acne or pimples,Skin Disorder,Rosacea,0.09519374195389162,3.097743496954866,"['Rosacea', 'Callus', 'Atrophic Skin Condition']"
depressive or psychotic symptoms insomnia abusing alcohol hostile behavior,Depression,Psychotic Disorder,0.3813036770370949,1.898875650827479,"['Psychotic Disorder', 'Post-Traumatic Stress Disorder (Ptsd)', 'Depression']"
dizziness disturbance of memory paresthesia leg weakness,Multiple Sclerosis,Peripheral Nerve Disorder,0.436997826468088,1.7661070875425497,"['Peripheral Nerve Disorder', 'Multiple Sclerosis', 'Transient Ischemic Attack']"
shortness of breath wheezing chills,Pneumonia,Acute Respiratory Distress Syndrome (Ards),0.4018396986447355,2.6905942766094935,"['Acute Respiratory Distress Syndrome (Ards)', 'Pneumonia', 'Common Cold']"
skin swelling abnormal appearing skin acne or pimples allergic reaction itching of skin,Contact Dermatitis,Eczema,0.48457819104719946,1.930363042596133,"['Eczema', 'Contact Dermatitis', 'Envenomation From Spider Or Animal Bite']"
white discharge from eye pain in eye foreign body sensation in eye itchiness of eye,Chronic Glaucoma,Corneal Abrasion,0.2695115350981891,2.004506832892873,"['Corneal Abrasion', 'Chronic Glaucoma', 'Corneal Disorder']"
sharp abdominal pain vomiting nausea diarrhea,Indigestion,Gastritis,0.1093474074647814,3.2124914000199185,"['Gastritis', 'Diverticulitis', 'Acute Pancreatitis']"
skin lesion irregular appearing scalp skin dryness peeling scaliness or roughness skin irritation,Skin Polyp,Eczema,0.2569344197076005,2.2337943276622996,"['Eczema', 'Skin Disorder', 'Skin Cancer']"
skin lesion foot or toe pain foot or toe swelling,Callus,Diabetic Peripheral Neuropathy,0.3989765396506358,2.1154814095867627,"['Diabetic Peripheral Neuropathy', 'Pyogenic Skin Infection', 'Callus']"
diminished vision pain in eye foreign body sensation in eye spots or clouds in vision eye burns or stings,Chronic Glaucoma,Cornea Infection,0.4974411084318984,1.6086426546447719,"['Cornea Infection', 'Chronic Glaucoma', 'Myopia']"
skin swelling abnormal appearing skin skin lesion skin growth irregular appearing scalp itching of skin skin irritation skin rash,Seborrheic Keratosis,Fungal Infection Of The Hair,0.33012116326516683,1.9354312552399102,"['Fungal Infection Of The Hair', 'Seborrheic Keratosis', 'Actinic Keratosis']"
white discharge from eye symptoms of eye pain in eye foreign body sensation in eye lacrimation,Dry Eye Of Unknown Cause,Corneal Abrasion,0.3045343870918617,2.0183191853142683,"['Corneal Abrasion', 'Corneal Disorder', 'Chronic Glaucoma']"
pain in eye eye redness,Blepharitis,Conjunctivitis Due To Allergy,0.17252853385297284,2.9513560997209467,"['Conjunctivitis Due To Allergy', 'Conjunctivitis', 'Iridocyclitis']"
shortness of breath sharp chest pain sore throat cough nasal congestion fever difficulty breathing,Acute Bronchospasm,Pneumonia,0.4120221725882528,1.490917930625551,"['Pneumonia', 'Acute Bronchospasm', 'Acute Bronchitis']"
retention of urine painful urination involuntary urination frequent urination lower abdominal pain back pain symptoms of bladder,Temporary Or Benign Blood In Urine,Cystitis,0.554047082382235,1.130867115585165,"['Cystitis', 'Temporary Or Benign Blood In Urine', 'Bladder Disorder']"
retention of urine blood in urine excessive urination at night,Erectile Dysfunction,Urge Incontinence,0.23811634237450005,2.496076678737195,"['Urge Incontinence', 'Urinary Tract Obstruction', 'Benign Prostatic Hyperplasia (Bph)']"
toothache facial pain mouth pain,Dental Caries,Oral Mucosal Lesion,0.46280991188522197,1.9161418997156563,"['Oral Mucosal Lesion', 'Dental Caries', 'Tooth Abscess']"
leg pain back pain low back pain knee pain shoulder pain ache all over,Chronic Pain Disorder,Spondylosis,0.4606335697169942,1.2339379438656128,"['Spondylosis', 'Chronic Pain Disorder', 'Sprain Or Strain']"
cough nasal congestion vomiting ear pain fever,Otitis Media,Strep Throat,0.2863895537136519,2.066737436614691,"['Strep Throat', 'Otitis Media', 'Common Cold']"
sharp abdominal pain vaginal discharge blood clots during menstrual periods painful menstruation,Idiopathic Excessive Menstruation,Idiopathic Painful Menstruation,0.4822538717446759,1.3023912127744828,"['Idiopathic Painful Menstruation', 'Idiopathic Excessive Menstruation', 'Threatened Pregnancy']"
anxiety and nervousness depression depressive or psychotic symptoms restlessness,Attention Deficit Hyperactivity Disorder (Adhd),Drug Abuse (Opioids),0.31090379233246324,3.013626640653513,"['Drug Abuse (Opioids)', 'Attention Deficit Hyperactivity Disorder (Adhd)', 'Panic Disorder']"
abnormal appearing skin skin moles,Rosacea,Contact Dermatitis,0.11891221954343109,3.3823350889541683,"['Contact Dermatitis', 'Sebaceous Cyst', 'Skin Disorder']"
skin swelling abnormal appearing skin skin lesion irregular appearing scalp skin rash,Skin Pigmentation Disorder,Psoriasis,0.1398631605906195,3.036170532065209,"['Psoriasis', 'Skin Pigmentation Disorder', 'Eczema']"
sharp abdominal pain vaginal itching painful urination vaginal discharge vaginal redness,Benign Vaginal Discharge (Leukorrhea),Vaginal Yeast Infection,0.4864282897883212,1.3386597227235126,"['Vaginal Yeast Infection', 'Benign Vaginal Discharge (Leukorrhea)', 'Vaginitis']"
skin swelling skin lesion irregular appearing scalp itching of skin,Actinic Keratosis,Skin Pigmentation Disorder,0.1752111639124768,2.834580722092694,"['Skin Pigmentation Disorder', 'Psoriasis', 'Skin Polyp']"
sharp chest pain sharp abdominal pain vomiting headache diarrhea,Hypokalemia,Gastritis,0.46901975338872154,1.9898592356950764,"['Gastritis', 'Hypokalemia', 'Pain After An Operation']"
skin lesion skin dryness peeling scaliness or roughness warts skin rash,Eczema,Skin Pigmentation Disorder,0.4049018256236478,1.695584541328568,"['Skin Pigmentation Disorder', 'Eczema', 'Molluscum Contagiosum']"
leg pain skin lesion peripheral edema,Lymphedema,Pyogenic Skin Infection,0.5095521476193597,2.416664911680073,"['Pyogenic Skin Infection', 'Lymphedema', 'Insect Bite']"
skin swelling abnormal appearing skin skin growth irregular appearing nails,Callus,Hemangioma,0.27652325634463387,2.528783063458345,"['Hemangioma', 'Callus', 'Onychomycosis']"
anxiety and nervousness depression depressive or psychotic symptoms hostile behavior drug abuse temper problems,Post-Traumatic Stress Disorder (Ptsd),Attention Deficit Hyperactivity Disorder (Adhd),0.2599762713992992,2.0507782702201527,"['Attention Deficit Hyperactivity Disorder (Adhd)', 'Post-Traumatic Stress Disorder (Ptsd)', 'Personality Disorder']"
itching of skin skin dryness peeling scaliness or roughness skin rash,Fungal Infection Of The Hair,Contact Dermatitis,0.1402959288386786,2.824897113442458,"['Contact Dermatitis', 'Actinic Keratosis', 'Eczema']"
insomnia abusing alcohol hostile behavior drug abuse delusions or hallucinations,Depression,Post-Traumatic Stress Disorder (Ptsd),0.5181255932326556,1.338216934847471,"['Post-Traumatic Stress Disorder (Ptsd)', 'Depression', 'Drug Abuse']"
hip pain low back pain loss of sensation,Spinal Stenosis,Neuralgia,0.27713399221233226,2.537980430495285,"['Neuralgia', 'Degenerative Disc Disease', 'Spondylolisthesis']"
diminished vision double vision symptoms of eye pain in eye itchiness of eye,Dry Eye Of Unknown Cause,Corneal Disorder,0.23826805544197036,2.250524772491591,"['Corneal Disorder', 'Cataract', 'Macular Degeneration']"
spots or clouds in vision eye redness lacrimation itchiness of eye eye burns or stings swollen eye,Cornea Infection,Blepharitis,0.6223157489780223,0.9752373174004269,"['Blepharitis', 'Cornea Infection', 'Conjunctivitis Due To Allergy']"
suprapubic pain painful urination vaginal discharge,Vaginitis,Benign Vaginal Discharge (Leukorrhea),0.33366358327211476,2.3173747360868546,"['Benign Vaginal Discharge (Leukorrhea)', 'Pelvic Inflammatory Disease', 'Vaginal Yeast Infection']"
white discharge from eye diminished vision foreign body sensation in eye,Corneal Abrasion,Corneal Disorder,0.27493707805524553,1.9539754381084191,"['Corneal Disorder', 'Dry Eye Of Unknown Cause', 'Corneal Abrasion']"
suprapubic pain painful urination pelvic pain,Vaginitis,Cystitis,0.40698237937703946,2.513229464376301,"['Cystitis', 'Pelvic Inflammatory Disease', 'Vaginitis']"
white discharge from eye diminished vision double vision symptoms of eye foreign body sensation in eye spots or clouds in vision eye redness,Corneal Disorder,Dry Eye Of Unknown Cause,0.5062783476824404,0.9735738512027609,"['Dry Eye Of Unknown Cause', 'Corneal Disorder', 'Chronic Glaucoma']"
retention of urine suprapubic pain painful urination lower abdominal pain back pain symptoms of bladder,Temporary Or Benign Blood In Urine,Cystitis,0.5477174546550908,1.256957836408676,"['Cystitis', 'Temporary Or Benign Blood In Urine', 'Bladder Disorder']"
hand or finger pain knee pain knee swelling,Gout,Osteoarthritis,0.5082716075335925,1.9663845123700854,"['Osteoarthritis', 'Gout', 'Ganglion Cyst']"
skin swelling abnormal appearing skin acne or pimples skin moles itching of skin,Skin Disorder,Skin Polyp,0.21955606516008888,2.4024477859898026,"['Skin Polyp', 'Seborrheic Keratosis', 'Rosacea']"
hip pain back pain low back pain loss of sensation paresthesia,Spondylosis,Degenerative Disc Disease,0.25258810480846094,2.2622994776079874,"['Degenerative Disc Disease', 'Herniated Disk', 'Spondylosis']"
retention of urine vomiting painful urination frequent urination,Urinary Tract Infection,Kidney Stone,0.46586448511574613,1.6741689062856677,"['Kidney Stone', 'Urinary Tract Infection', 'Bladder Disorder']"
skin swelling abnormal appearing skin skin lesion skin dryness peeling scaliness or roughness skin rash,Psoriasis,Actinic Keratosis,0.12077111960361234,3.022338795203006,"['Actinic Keratosis', 'Psoriasis', 'Eczema']"
diminished vision double vision foreign body sensation in eye lacrimation,Diabetic Retinopathy,Macular Degeneration,0.3236005066222294,1.9961271925407063,"['Macular Degeneration', 'Corneal Disorder', 'Diabetic Retinopathy']"
depressive or psychotic symptoms dizziness difficulty speaking headache focal weakness disturbance of memory,Stroke,Transient Ischemic Attack,0.5670373250731647,0.925861997004999,"['Transient Ischemic Attack', 'Stroke', 'Parkinson Disease']"
skin swelling skin lesion acne or pimples skin growth irregular appearing scalp itching of skin warts skin rash,Seborrheic Keratosis,Skin Pigmentation Disorder,0.5456754094727839,1.1049447552414482,"['Skin Pigmentation Disorder', 'Seborrheic Keratosis', 'Eczema']"
neck pain loss of sensation paresthesia shoulder pain,Spondylosis,Degenerative Disc Disease,0.27783557117856306,1.8590167024678184,"['Degenerative Disc Disease', 'Spinal Stenosis', 'Herniated Disk']"
abnormal appearing skin skin lesion acne or pimples irregular appearing scalp skin moles warts skin rash,Skin Pigmentation Disorder,Seborrheic Keratosis,0.4794995253072111,1.378456883274259,"['Seborrheic Keratosis', 'Skin Pigmentation Disorder', 'Eczema']"
intermenstrual bleeding heavy menstrual flow,Uterine Fibroids,Iron Deficiency Anemia,0.5032475664603298,2.184815430402108,"['Iron Deficiency Anemia', 'Spontaneous Abortion', 'Vaginal Cyst']"
nasal congestion headache ear pain fever coryza,Nose Disorder,Common Cold,0.3899596227258513,1.8742835976198917,"['Common Cold', 'Nose Disorder', 'Strep Throat']"
sharp chest pain chest tightness cough fever,Pulmonary Congestion,Acute Respiratory Distress Syndrome (Ards),0.16934398402264553,2.7262891253923955,"['Acute Respiratory Distress Syndrome (Ards)', 'Chronic Obstructive Pulmonary Disease (Copd)', 'Asthma']"
headache ache all over chills,Flu,Strep Throat,0.5682384145053312,2.102899008901262,"['Strep Throat', 'Flu', 'Noninfectious Gastroenteritis']"
nasal congestion ear pain coryza,Laryngitis,Nose Disorder,0.1590949576251804,3.2069928279127033,"['Nose Disorder', 'Acute Sinusitis', 'Common Cold']"
groin mass symptoms of the scrotum and testes sharp abdominal pain lower abdominal pain,Abdominal Hernia,Inguinal Hernia,0.507988482221291,1.4675536098602526,"['Inguinal Hernia', 'Abdominal Hernia', 'Varicocele Of The Testicles']"
skin swelling skin lesion irregular appearing scalp itching of skin skin dryness peeling scaliness or roughness,Fungal Infection Of The Skin,Skin Pigmentation Disorder,0.15924557831794245,2.5638976452363447,"['Skin Pigmentation Disorder', 'Psoriasis', 'Skin Polyp']"
drug abuse excessive anger low self esteem,Marijuana Abuse,Personality Disorder,0.4699493197879947,1.4957675936039139,"['Personality Disorder', 'Marijuana Abuse', 'Oppositional Disorder']"
depression depressive or psychotic symptoms hostile behavior delusions or hallucinations fears and phobias,Schizophrenia,Personality Disorder,0.2365153233321756,2.459501921654262,"['Personality Disorder', 'Psychotic Disorder', 'Marijuana Abuse']"
cough diminished hearing plugged feeling in ear fluid in ear redness in ear,Ear Drum Damage,Acute Otitis Media,0.375468055329413,1.7546488236230817,"['Acute Otitis Media', ""Otitis Externa (Swimmer'S Ear)"", 'Ear Drum Damage']"
skin swelling toothache peripheral edema jaw swelling,Dental Caries,Tooth Abscess,0.4250863887971495,1.846838975547572,"['Tooth Abscess', 'Dental Caries', 'Gum Disease']"
sharp abdominal pain melena rectal bleeding constipation,Hemorrhoids,Rectal Disorder,0.3658051142166102,1.8812208450911363,"['Rectal Disorder', 'Hemorrhoids', 'Diverticulosis']"
leg pain hip pain,Spondylolisthesis,Sciatica,0.08519539613362682,3.3525555585552533,"['Sciatica', 'Spondylolisthesis', 'Fibromyalgia']"
skin swelling skin growth irregular appearing scalp,Acne,Skin Pigmentation Disorder,0.1517236875046666,2.8927247012680257,"['Skin Pigmentation Disorder', 'Hemangioma', 'Psoriasis']"
blood clots during menstrual periods long menstrual periods heavy menstrual flow unpredictable menstruation painful menstruation,Idiopathic Painful Menstruation,Idiopathic Excessive Menstruation,0.5014314615890886,0.8979501600883913,"['Idiopathic Excessive Menstruation', 'Idiopathic Painful Menstruation', 'Idiopathic Irregular Menstrual Cycle']"
abnormal appearing skin irregular appearing scalp itching of skin skin dryness peeling scaliness or roughness,Seborrheic Dermatitis,Skin Disorder,0.12517443393976646,2.849625035477315,"['Skin Disorder', 'Skin Pigmentation Disorder', 'Eczema']"
skin swelling skin lesion acne or pimples irregular appearing scalp itching of skin skin irritation,Skin Polyp,Skin Disorder,0.2476542117577444,1.9817811649741635,"['Skin Disorder', 'Skin Polyp', 'Eczema']"
diminished vision symptoms of eye pain in eye spots or clouds in vision eye redness swollen eye,Blepharitis,Cornea Infection,0.3335506175445467,2.1127117996781575,"['Cornea Infection', 'Blepharitis', 'Myopia']"
sore throat ear pain fluid in ear fever coryza,Otitis Media,Acute Otitis Media,0.4959293506809559,1.57695093349033,"['Acute Otitis Media', 'Otitis Media', ""Otitis Externa (Swimmer'S Ear)""]"
sharp chest pain sharp abdominal pain nausea back pain burning abdominal pain upper abdominal pain,Hiatal Hernia,Gallstone,0.2772422016849447,2.03892892528633,"['Gallstone', 'Acute Pancreatitis', 'Cholecystitis']"
suprapubic pain sharp abdominal pain painful urination involuntary urination frequent urination,Bladder Disorder,Temporary Or Benign Blood In Urine,0.31572442177885446,1.8334906309052563,"['Temporary Or Benign Blood In Urine', 'Cystitis', 'Bladder Disorder']"
anxiety and nervousness lack of growth temper problems,Attention Deficit Hyperactivity Disorder (Adhd),Obsessive Compulsive Disorder (Ocd),0.27583401565446997,3.3099334672401692,"['Obsessive Compulsive Disorder (Ocd)', 'Attention Deficit Hyperactivity Disorder (Adhd)', 'Conduct Disorder']"
nausea vomiting blood burning abdominal pain heartburn upper abdominal pain,Gastroduodenal Ulcer,Hiatal Hernia,0.46741783839579254,1.3237034118590985,"['Hiatal Hernia', 'Gastroduodenal Ulcer', 'Esophagitis']"
sharp abdominal pain intermenstrual bleeding long menstrual periods unpredictable menstruation frequent menstruation,Idiopathic Irregular Menstrual Cycle,Idiopathic Excessive Menstruation,0.6145535368203967,0.8033907328540318,"['Idiopathic Excessive Menstruation', 'Idiopathic Irregular Menstrual Cycle', 'Idiopathic Painful Menstruation']"
leg pain hand or finger pain ankle pain elbow pain,Osteoarthritis,Mononeuritis,0.7707951076854189,0.9573154668181657,"['Mononeuritis', 'Osteoarthritis', 'Tendinitis']"
anxiety and nervousness depression insomnia abusing alcohol hostile behavior excessive anger delusions or hallucinations temper problems,Depression,Post-Traumatic Stress Disorder (Ptsd),0.401612621003578,1.4058740853975116,"['Post-Traumatic Stress Disorder (Ptsd)', 'Psychotic Disorder', 'Depression']"
cough nasal congestion wheezing fever difficulty breathing,Pneumonia,Asthma,0.26322538705650245,2.082404682349045,"['Asthma', 'Acute Bronchiolitis', 'Acute Bronchitis']"
cough diminished hearing ear pain fluid in ear fever pulling at ears,Ear Wax Impaction,Otitis Media,0.4934552593303986,1.1899550414507902,"['Otitis Media', 'Ear Wax Impaction', 'Acute Otitis Media']"
sharp abdominal pain lower abdominal pain pelvic pain problems during pregnancy blood clots during menstrual periods heavy menstrual flow,Vaginal Cyst,Spontaneous Abortion,0.42924357568947286,1.3527934229335759,"['Spontaneous Abortion', 'Vaginal Cyst', 'Idiopathic Painful Menstruation']"
abnormal appearing skin acne or pimples skin moles itching of skin skin irritation,Seborrheic Keratosis,Skin Disorder,0.3125783617301059,1.7486201464384692,"['Skin Disorder', 'Seborrheic Keratosis', 'Skin Polyp']"
anxiety and nervousness depressive or psychotic symptoms insomnia drug abuse temper problems,Drug Abuse (Opioids),Personality Disorder,0.3160085566391229,2.1830653084819436,"['Personality Disorder', 'Post-Traumatic Stress Disorder (Ptsd)', 'Drug Abuse (Opioids)']"
vomiting headache nausea,Noninfectious Gastroenteritis,Gastritis,0.12027316100304064,2.939476097818485,"['Gastritis', 'Drug Reaction', 'Flu']"
hip pain back pain neck pain low back pain loss of sensation paresthesia shoulder pain,Herniated Disk,Degenerative Disc Disease,0.32278344377861884,1.693809863381746,"['Degenerative Disc Disease', 'Spondylosis', 'Herniated Disk']"
cough headache congestion in chest,Chronic Sinusitis,Acute Bronchitis,0.5006416509867884,1.779525838387844,"['Acute Bronchitis', 'Chronic Sinusitis', 'Chronic Obstructive Pulmonary Disease (Copd)']"
skin swelling skin lesion skin growth itching of skin skin dryness peeling scaliness or roughness skin irritation,Fungal Infection Of The Hair,Actinic Keratosis,0.24540195743815602,2.1438761804715964,"['Actinic Keratosis', 'Skin Disorder', 'Fungal Infection Of The Hair']"
double vision pain in eye eye redness lacrimation itchiness of eye,Dry Eye Of Unknown Cause,Corneal Disorder,0.42063921148596595,2.100102533468175,"['Corneal Disorder', 'Dry Eye Of Unknown Cause', 'Conjunctivitis Due To Virus']"
retention of urine burning abdominal pain,Intestinal Obstruction,Chronic Constipation,0.2996276420284847,3.9217828049871204,"['Chronic Constipation', 'Intestinal Obstruction', 'Acute Kidney Injury']"
shortness of breath sharp chest pain leg swelling weakness,Heart Failure,Pulmonary Embolism,0.38158502761333785,2.359610646063847,"['Pulmonary Embolism', 'Hypertensive Heart Disease', 'Heart Failure']"
sharp abdominal pain vaginal discharge intermenstrual bleeding pelvic pain problems during pregnancy,Vaginal Cyst,Threatened Pregnancy,0.5483917693343303,1.262598056241648,"['Threatened Pregnancy', 'Vaginal Cyst', 'Ovarian Cyst']"
sharp abdominal pain involuntary urination frequent urination lower abdominal pain blood in urine,Temporary Or Benign Blood In Urine,Cystitis,0.4031756760099027,1.795059910605629,"['Cystitis', 'Bladder Disorder', 'Temporary Or Benign Blood In Urine']"
back pain knee pain ache all over,Ankylosing Spondylitis,Spondylosis,0.4334657281038606,1.875235318505109,"['Spondylosis', 'Sickle Cell Crisis', 'Chronic Pain Disorder']"
depressive or psychotic symptoms,Post-Traumatic Stress Disorder (Ptsd),Acute Respiratory Distress Syndrome (Ards),0.08617743662340262,3.8386913450006284,"['Acute Respiratory Distress Syndrome (Ards)', 'Transient Ischemic Attack', 'Hyperkalemia']"
sore throat nasal congestion headache,Acute Bronchitis,Interstitial Lung Disease,0.1633603893663873,2.711039175908302,"['Interstitial Lung Disease', 'Seasonal Allergies (Hay Fever)', 'Acute Bronchitis']"
skin swelling abnormal appearing skin skin lesion acne or pimples skin growth irregular appearing scalp warts,Skin Polyp,Skin Pigmentation Disorder,0.3003144689654964,2.0014831635785297,"['Skin Pigmentation Disorder', 'Skin Polyp', 'Seborrheic Keratosis']"
anxiety and nervousness depression insomnia drug abuse,Depression,Neurosis,0.26916032568754866,2.613509189829715,"['Neurosis', 'Drug Abuse (Opioids)', 'Depression']"
anxiety and nervousness depression depressive or psychotic symptoms hostile behavior drug abuse low self esteem,Personality Disorder,Marijuana Abuse,0.3052305361187756,1.870156440173792,"['Marijuana Abuse', 'Personality Disorder', 'Alcohol Abuse']"
diminished vision pain in eye abnormal movement of eyelid lacrimation,Dry Eye Of Unknown Cause,Diabetic Retinopathy,0.3883427857038826,2.2692183415591405,"['Diabetic Retinopathy', 'Cataract', 'Dry Eye Of Unknown Cause']"
hip pain stiffness all over,Ankylosing Spondylitis,Spondylitis,0.6054023813518521,2.0476584198198573,"['Spondylitis', 'Ankylosing Spondylitis', 'Chronic Back Pain']"
cough nasal congestion diminished hearing ear pain fever coryza,Otitis Media,Acute Otitis Media,0.5120896946783194,1.6997462794592275,"['Acute Otitis Media', 'Otitis Media', 'Common Cold']"
mouth ulcer peripheral edema gum pain,Gum Disease,Tooth Disorder,0.5546179875208516,1.784224831209198,"['Tooth Disorder', 'Gum Disease', 'Oral Mucosal Lesion']"
blood in stool sharp abdominal pain vomiting fever,Noninfectious Gastroenteritis,Infectious Gastroenteritis,0.2354556125522507,2.7071321901907224,"['Infectious Gastroenteritis', 'Diverticulitis', 'Noninfectious Gastroenteritis']"
blood in stool vomiting burning abdominal pain decreased appetite,Noninfectious Gastroenteritis,Infectious Gastroenteritis,0.4628927598223998,1.634689443147412,"['Infectious Gastroenteritis', 'Noninfectious Gastroenteritis', 'Gastroduodenal Ulcer']"
skin swelling abnormal appearing skin skin growth,Seborrheic Keratosis,Rosacea,0.07803813045837703,3.4890101875434754,"['Rosacea', 'Skin Polyp', 'Onychomycosis']"
double vision pain in eye abnormal movement of eyelid spots or clouds in vision lacrimation,Dry Eye Of Unknown Cause,Cataract,0.3245178213720728,1.5743578586386726,"['Cataract', 'Macular Degeneration', 'Diabetic Retinopathy']"
anxiety and nervousness depression insomnia abusing alcohol excessive anger delusions or hallucinations,Psychotic Disorder,Bipolar Disorder,0.3149106984835358,1.9775253825589993,"['Bipolar Disorder', 'Psychotic Disorder', 'Social Phobia']"
hip pain arm pain low back pain loss of sensation paresthesia shoulder pain,Degenerative Disc Disease,Herniated Disk,0.30829966677745535,1.5855172199962173,"['Herniated Disk', 'Degenerative Disc Disease', 'Spinal Stenosis']"
sharp chest pain sharp abdominal pain vomiting diarrhea burning abdominal pain,Gastritis,Acute Pancreatitis,0.24667915128251094,2.6440559506907486,"['Acute Pancreatitis', 'Gastritis', 'Indigestion']"
depression hostile behavior delusions or hallucinations,Schizophrenia,Post-Traumatic Stress Disorder (Ptsd),0.14478568547857706,3.3579199985695274,"['Post-Traumatic Stress Disorder (Ptsd)', 'Delirium', 'Neurosis']"
sharp abdominal pain nausea diarrhea melena,Gastrointestinal Hemorrhage,Diverticulosis,0.38401444164542003,2.8341963664963394,"['Diverticulosis', 'Gastrointestinal Hemorrhage', 'Liver Disease']"
sore throat cough vomiting headache ear pain chills,Strep Throat,Common Cold,0.5913488898211421,1.1048877899108065,"['Common Cold', 'Strep Throat', 'Flu']"
abnormal appearing skin,Hemangioma,Drug Reaction,0.04942835787326476,4.317260830566866,"['Drug Reaction', 'Viral Exanthem', 'Lymphedema']"
lower abdominal pain intermenstrual bleeding pain during pregnancy pelvic pain blood clots during menstrual periods,Spontaneous Abortion,Vaginal Cyst,0.4985487392745718,1.0583942138349416,"['Vaginal Cyst', 'Spontaneous Abortion', 'Threatened Pregnancy']"
skin swelling skin lesion skin growth itching of skin skin dryness peeling scaliness or roughness,Skin Disorder,Actinic Keratosis,0.14631901855536816,2.661480198153142,"['Actinic Keratosis', 'Fungal Infection Of The Hair', 'Skin Polyp']"
sharp abdominal pain vomiting nausea fever,Gastritis,Infectious Gastroenteritis,0.1479016836637252,3.5535594650643088,"['Infectious Gastroenteritis', 'Hypokalemia', 'Noninfectious Gastroenteritis']"
shortness of breath cough nasal congestion fever coughing up sputum congestion in chest,Chronic Obstructive Pulmonary Disease (Copd),Acute Bronchitis,0.47637074746622954,1.0221515488478576,"['Acute Bronchitis', 'Chronic Obstructive Pulmonary Disease (Copd)', 'Asthma']"
skin lesion skin growth irregular appearing scalp itching of skin skin dryness peeling scaliness or roughness,Skin Disorder,Skin Pigmentation Disorder,0.17977230658292878,2.3963607048488536,"['Skin Pigmentation Disorder', 'Fungal Infection Of The Hair', 'Psoriasis']"
facial pain peripheral edema gum pain bleeding gums,Gum Disease,Tooth Disorder,0.5781911998731114,1.5601346357591739,"['Tooth Disorder', 'Gum Disease', 'Dental Caries']"
shoulder stiffness or tightness,Injury To The Shoulder,Fracture Of The Arm,0.3674479213664102,2.738591749437343,"['Fracture Of The Arm', 'Injury To The Shoulder', 'Bursitis']"
leg pain hip pain arm pain neck pain,Degenerative Disc Disease,Herniated Disk,0.2280022157921005,2.321135532241687,"['Herniated Disk', 'Fibromyalgia', 'Spinal Stenosis']"
retention of urine sharp abdominal pain symptoms of bladder,Bladder Disorder,Temporary Or Benign Blood In Urine,0.3233840944680352,2.3023669932726567,"['Temporary Or Benign Blood In Urine', 'Cystitis', 'Bladder Disorder']"
fainting sharp abdominal pain back pain,Hyponatremia,Hypovolemia,0.2363266669554021,3.453915762069867,"['Hypovolemia', 'Hyponatremia', 'Gastrointestinal Hemorrhage']"
toothache facial pain peripheral edema ear pain jaw swelling,Tooth Disorder,Dental Caries,0.3825446015528879,1.4885997708410827,"['Dental Caries', 'Gum Disease', 'Tooth Disorder']"
sore throat fever coryza,Acute Sinusitis,Flu,0.11549222580234707,3.195661405756427,"['Flu', 'Conjunctivitis', 'Acute Sinusitis']"
lower abdominal pain vaginal discharge blood clots during menstrual periods,Vaginal Cyst,Idiopathic Painful Menstruation,0.46265601117527555,2.0261316454687748,"['Idiopathic Painful Menstruation', 'Vaginal Cyst', 'Threatened Pregnancy']"
shortness of breath sore throat cough wheezing,Pneumonia,Interstitial Lung Disease,0.24934910154057913,2.4538732543831623,"['Interstitial Lung Disease', 'Pneumonia', 'Acute Bronchitis']"
abnormal appearing skin skin lesion itching of skin skin dryness peeling scaliness or roughness too little hair skin rash,Seborrheic Dermatitis,Fungal Infection Of The Skin,0.5205709375278498,1.560511616191235,"['Fungal Infection Of The Skin', 'Seborrheic Dermatitis', 'Onychomycosis']"
anxiety and nervousness depressive or psychotic symptoms insomnia abusing alcohol drug abuse excessive anger temper problems,Depression,Drug Abuse (Opioids),0.3734080386100749,1.590037178932713,"['Drug Abuse (Opioids)', 'Depression', 'Post-Traumatic Stress Disorder (Ptsd)']"
retention of urine suprapubic pain sharp abdominal pain painful urination frequent urination blood in urine,Urinary Tract Obstruction,Cystitis,0.17898129869245127,2.147061207303037,"['Cystitis', 'Kidney Stone', 'Urinary Tract Obstruction']"
headache diarrhea decreased appetite fever,Infectious Gastroenteritis,Noninfectious Gastroenteritis,0.401063706724772,2.122326198357845,"['Noninfectious Gastroenteritis', 'Infectious Gastroenteritis', 'Hypovolemia']"
acne or pimples skin rash,Fungal Infection Of The Hair,Seborrheic Dermatitis,0.1349737204750027,3.3032217778376376,"['Seborrheic Dermatitis', 'Fungal Infection Of The Hair', 'Callus']"
suprapubic pain painful urination,Vaginal Yeast Infection,Urinary Tract Obstruction,0.12529221334730362,3.076800061545734,"['Urinary Tract Obstruction', 'Urinary Tract Infection', 'Pelvic Inflammatory Disease']"
symptoms of eye spots or clouds in vision lacrimation itchiness of eye eye burns or stings,Chronic Glaucoma,Blepharitis,0.3723566509083051,1.5151495929753935,"['Blepharitis', 'Chronic Glaucoma', 'Cornea Infection']"
nasal congestion pain in eye eye redness lacrimation,Conjunctivitis Due To Virus,Conjunctivitis Due To Allergy,0.36053740280860996,2.0032021160488087,"['Conjunctivitis Due To Allergy', 'Conjunctivitis Due To Virus', 'Conjunctivitis']"
shortness of breath sharp chest pain back pain,Hyponatremia,Fracture Of The Rib,0.21310788831859673,3.3306526757600636,"['Fracture Of The Rib', 'Hyponatremia', 'Pleural Effusion']"
dizziness palpitations,Heart Block,Angina,0.14508105718772363,3.641676849925491,"['Angina', 'Sinus Bradycardia', 'Ischemic Heart Disease']"
sharp abdominal pain lower abdominal pain intermenstrual bleeding pelvic pain problems during pregnancy spotting or bleeding during pregnancy uterine contractions,Spontaneous Abortion,Threatened Pregnancy,0.5817177158041953,0.8107925647373754,"['Threatened Pregnancy', 'Spontaneous Abortion', 'Vaginal Cyst']"
painful urination frequent urination lower abdominal pain symptoms of bladder,Temporary Or Benign Blood In Urine,Bladder Disorder,0.3275979912053781,1.5948721044695393,"['Bladder Disorder', 'Temporary Or Benign Blood In Urine', 'Cystitis']"
long menstrual periods painful menstruation frequent menstruation,Idiopathic Irregular Menstrual Cycle,Idiopathic Excessive Menstruation,0.6407702250913996,0.8838056508054772,"['Idiopathic Excessive Menstruation', 'Idiopathic Irregular Menstrual Cycle', 'Idiopathic Painful Menstruation']"
abnormal appearing skin skin lesion skin growth skin moles,Actinic Keratosis,Skin Disorder,0.10360084066665677,2.99907975171999,"['Skin Disorder', 'Seborrheic Keratosis', 'Rosacea']"
depression insomnia hostile behavior excessive anger delusions or hallucinations,Personality Disorder,Adjustment Reaction,0.24805678556997254,2.1959430322122597,"['Adjustment Reaction', 'Post-Traumatic Stress Disorder (Ptsd)', 'Neurosis']"
ear pain plugged feeling in ear pulling at ears,Ear Drum Damage,Otitis Media,0.30166922897083576,2.108074649871486,"['Otitis Media', 'Ear Drum Damage', 'Ear Wax Impaction']"
anxiety and nervousness depression insomnia excessive anger delusions or hallucinations hysterical behavior,Schizophrenia,Psychotic Disorder,0.5027894646309724,1.1779482249710103,"['Psychotic Disorder', 'Schizophrenia', 'Adjustment Reaction']"
nausea diarrhea vomiting blood,Hyperemesis Gravidarum,Gastritis,0.3501540268729286,1.7510488466980585,"['Gastritis', 'Hyperemesis Gravidarum', 'Gastrointestinal Hemorrhage']"
depression dizziness insomnia,Panic Disorder,Acute Stress Reaction,0.4554793169148778,2.7813559857845656,"['Acute Stress Reaction', 'Panic Disorder', 'Adjustment Reaction']"
sore throat ear pain fluid in ear,Otitis Externa (Swimmer'S Ear),Acute Otitis Media,0.25827946815902747,3.0464503664266465,"['Acute Otitis Media', 'Otitis Media', ""Otitis Externa (Swimmer'S Ear)""]"
toothache peripheral edema jaw swelling gum pain,Tooth Abscess,Dental Caries,0.31225116689109184,1.8635833782133728,"['Dental Caries', 'Tooth Abscess', 'Tooth Disorder']"
sharp chest pain,Pleural Effusion,Chronic Obstructive Pulmonary Disease (Copd),0.07630113693086567,4.0077572955408565,"['Chronic Obstructive Pulmonary Disease (Copd)', 'Hypokalemia', 'Injury To The Trunk']"
blood in stool sharp abdominal pain vomiting nausea diarrhea burning abdominal pain decreased appetite fever chills fluid retention,Noninfectious Gastroenteritis,Infectious Gastroenteritis,0.5570052118441565,0.7372924630746014,"['Infectious Gastroenteritis', 'Noninfectious Gastroenteritis', 'Diverticulitis']"
dizziness vomiting,Benign Paroxysmal Positional Vertical (Bppv),Hyperemesis Gravidarum,0.15963560965031715,3.5269816662487763,"['Hyperemesis Gravidarum', 'Gastrointestinal Hemorrhage', 'Intracerebral Hemorrhage']"
abnormal appearing skin skin growth foot or toe pain,Onychomycosis,Callus,0.4909504786975587,2.3168339084005414,"['Callus', 'Onychomycosis', 'Ingrown Toe Nail']"
suprapubic pain lower abdominal pain blood in urine low back pain,Kidney Stone,Pyelonephritis,0.5932753274361565,1.399426538375649,"['Pyelonephritis', 'Kidney Stone', 'Cystitis']"
nasal congestion ear pain ringing in ear plugged feeling in ear fluid in ear,Sensorineural Hearing Loss,Ear Wax Impaction,0.364648330039908,1.893005443775358,"['Ear Wax Impaction', 'Ear Drum Damage', 'Sensorineural Hearing Loss']"
shortness of breath vomiting fever difficulty breathing,Pneumonia,Acute Bronchospasm,0.265996368709539,2.387794093136971,"['Acute Bronchospasm', 'Sepsis', 'Pneumonia']"
skin swelling skin lesion skin growth skin irritation,Skin Polyp,Skin Disorder,0.16766055431236146,2.636179966525144,"['Skin Disorder', 'Skin Polyp', 'Fungal Infection Of The Hair']"
nausea lower abdominal pain back pain pain during pregnancy pelvic pain,Problem During Pregnancy,Vulvodynia,0.4827867665045785,1.1168296499017347,"['Vulvodynia', 'Problem During Pregnancy', 'Vaginitis']"
white discharge from eye eye redness lacrimation itchiness of eye,Conjunctivitis Due To Virus,Corneal Abrasion,0.2337847786868216,2.011713895280648,"['Corneal Abrasion', 'Conjunctivitis', 'Conjunctivitis Due To Virus']"
suprapubic pain sharp abdominal pain vomiting painful urination frequent urination blood in urine low back pain,Kidney Stone,Pyelonephritis,0.5775010752857264,0.8223028361561755,"['Pyelonephritis', 'Kidney Stone', 'Urinary Tract Obstruction']"
sore throat nasal congestion ear pain allergic reaction,Seasonal Allergies (Hay Fever),Eustachian Tube Dysfunction (Ear Disorder),0.47120389782026334,2.131119545035365,"['Eustachian Tube Dysfunction (Ear Disorder)', 'Seasonal Allergies (Hay Fever)', 'Deviated Nasal Septum']"
sore throat cough nasal congestion fever coryza,Acute Otitis Media,Pneumonia,0.11490353891824,2.804696418988542,"['Pneumonia', 'Conjunctivitis', 'Croup']"
symptoms of eye foreign body sensation in eye lacrimation eyelid swelling,Corneal Abrasion,Chalazion,0.4704259121444188,1.9301792065087044,"['Chalazion', 'Corneal Abrasion', 'Macular Degeneration']"
leg pain arm pain back pain problems with movement loss of sensation paresthesia,Complex Regional Pain Syndrome,Spinal Stenosis,0.40193716544217106,1.4253642575735364,"['Spinal Stenosis', 'Peripheral Nerve Disorder', 'Complex Regional Pain Syndrome']"
cough nasal congestion diminished hearing,Ear Wax Impaction,Acute Otitis Media,0.16501264957039558,3.3365738466571244,"['Acute Otitis Media', 'Otitis Media', 'Ear Wax Impaction']"
blood in stool sharp abdominal pain nausea diarrhea burning abdominal pain fever fluid retention,Infectious Gastroenteritis,Noninfectious Gastroenteritis,0.5670141886586244,1.0471443879672582,"['Noninfectious Gastroenteritis', 'Infectious Gastroenteritis', 'Diverticulitis']"
acne or pimples skin growth irregular appearing scalp skin moles itching of skin,Seborrheic Keratosis,Skin Pigmentation Disorder,0.32655980340143015,1.7423039136208156,"['Skin Pigmentation Disorder', 'Seborrheic Keratosis', 'Skin Polyp']"
neck pain low back pain,Muscle Spasm,Pain After An Operation,0.12911460321420723,3.1554607245609008,"['Pain After An Operation', 'Fibromyalgia', 'Sprain Or Strain']"
retention of urine sharp abdominal pain painful urination lower abdominal pain blood in urine back pain,Kidney Stone,Prostatitis,0.2896172182181238,1.9710979312539043,"['Prostatitis', 'Kidney Stone', 'Cystitis']"
suprapubic pain lower abdominal pain back pain side pain,Urinary Tract Infection,Cystitis,0.22872760228369665,2.8356711374102392,"['Cystitis', 'Urinary Tract Infection', 'Pyelonephritis']"
vomiting burning abdominal pain,Intestinal Obstruction,Esophagitis,0.10789625397707794,3.744853098404688,"['Esophagitis', 'Hyperemesis Gravidarum', 'Infectious Gastroenteritis']"
toothache facial pain peripheral edema jaw swelling pain in gums,Tooth Disorder,Tooth Abscess,0.26542761194088227,1.737393504929556,"['Tooth Abscess', 'Dental Caries', 'Gum Disease']"
lip swelling skin lesion skin moles warts,Viral Warts,Skin Cancer,0.5532700785120649,1.1655469727212284,"['Skin Cancer', 'Viral Warts', 'Hemangioma']"
sharp chest pain back pain burning abdominal pain lower body pain upper abdominal pain,Cholecystitis,Gallstone,0.34461218764123086,1.3364972470490528,"['Gallstone', 'Acute Pancreatitis', 'Cholecystitis']"
retention of urine suprapubic pain painful urination involuntary urination lower abdominal pain symptoms of bladder,Bladder Disorder,Temporary Or Benign Blood In Urine,0.4430744270185042,1.1427830270774657,"['Temporary Or Benign Blood In Urine', 'Cystitis', 'Bladder Disorder']"
anxiety and nervousness insomnia abusing alcohol hostile behavior excessive anger delusions or hallucinations,Psychotic Disorder,Post-Traumatic Stress Disorder (Ptsd),0.41331431437076854,1.6064704233875515,"['Post-Traumatic Stress Disorder (Ptsd)', 'Psychotic Disorder', 'Depression']"
skin swelling skin lesion acne or pimples skin growth itching of skin warts,Skin Pigmentation Disorder,Seborrheic Keratosis,0.3188105842227547,1.8222101599807885,"['Seborrheic Keratosis', 'Skin Polyp', 'Skin Pigmentation Disorder']"
anxiety and nervousness depression depressive or psychotic symptoms insomnia excessive anger temper problems low self esteem,Schizophrenia,Personality Disorder,0.43617864480183316,1.4695761190194232,"['Personality Disorder', 'Schizophrenia', 'Dysthymic Disorder']"
depression depressive or psychotic symptoms insomnia hostile behavior excessive anger delusions or hallucinations fears and phobias hysterical behavior,Schizophrenia,Psychotic Disorder,0.49296552301853036,0.9083126265710983,"['Psychotic Disorder', 'Schizophrenia', 'Personality Disorder']"
depression depressive or psychotic symptoms abusing alcohol hostile behavior drug abuse,Alcohol Abuse,Post-Traumatic Stress Disorder (Ptsd),0.30515305886428395,1.9837647186363427,"['Post-Traumatic Stress Disorder (Ptsd)', 'Depression', 'Marijuana Abuse']"
diminished vision double vision spots or clouds in vision lacrimation itchiness of eye,Macular Degeneration,Corneal Disorder,0.27363951615274634,2.127438245835351,"['Corneal Disorder', 'Macular Degeneration', 'Cataract']"
sharp abdominal pain vomiting nausea burning abdominal pain decreased appetite fever chills fluid retention,Noninfectious Gastroenteritis,Infectious Gastroenteritis,0.5870546777350395,0.8402216123164946,"['Infectious Gastroenteritis', 'Noninfectious Gastroenteritis', 'Appendicitis']"
neck pain loss of sensation paresthesia shoulder pain lower body pain,Spinal Stenosis,Degenerative Disc Disease,0.4206726198406594,1.2678119230768727,"['Degenerative Disc Disease', 'Spinal Stenosis', 'Spondylosis']"
leg pain hip pain arm pain back pain neck pain shoulder pain,Spondylosis,Herniated Disk,0.2591341924104614,2.050835253637706,"['Herniated Disk', 'Spondylosis', 'Neuralgia']"
symptoms of eye pain in eye eye redness lacrimation,Iridocyclitis,Conjunctivitis Due To Allergy,0.24296495774348537,2.7803978484376097,"['Conjunctivitis Due To Allergy', 'Iridocyclitis', 'Corneal Abrasion']"
shortness of breath chest tightness leg swelling weakness,Hypertensive Heart Disease,Pulmonary Embolism,0.2939027869110466,2.086016884672879,"['Pulmonary Embolism', 'Pulmonary Congestion', 'Hypertensive Heart Disease']"
abnormal appearing skin irregular appearing scalp skin moles,Seborrheic Keratosis,Hemangioma,0.174411682009032,2.960453560674985,"['Hemangioma', 'Sebaceous Cyst', 'Acne']"
anxiety and nervousness depression depressive or psychotic symptoms insomnia abusing alcohol hostile behavior drug abuse excessive anger,Depression,Post-Traumatic Stress Disorder (Ptsd),0.495865371225092,1.2944488834120595,"['Post-Traumatic Stress Disorder (Ptsd)', 'Depression', 'Psychotic Disorder']"
skin lesion skin moles itching of skin skin dryness peeling scaliness or roughness,Skin Disorder,Contact Dermatitis,0.19536009213404856,2.4059650363570686,"['Contact Dermatitis', 'Skin Polyp', 'Skin Pigmentation Disorder']"
diminished vision double vision symptoms of eye abnormal movement of eyelid spots or clouds in vision itchiness of eye,Macular Degeneration,Diabetic Retinopathy,0.3296748523498805,1.5059241709615176,"['Diabetic Retinopathy', 'Cataract', 'Macular Degeneration']"
diminished vision symptoms of eye pain in eye eye redness itchiness of eye eye burns or stings swollen eye,Blepharitis,Conjunctivitis Due To Allergy,0.3427036849820141,1.6327129298140486,"['Conjunctivitis Due To Allergy', 'Blepharitis', 'Cornea Infection']"
cough nasal congestion,Seasonal Allergies (Hay Fever),Food Allergy,0.06853614708637529,3.7134833833585876,"['Food Allergy', 'Conjunctivitis Due To Allergy', 'Conjunctivitis Due To Virus']"
anxiety and nervousness insomnia abusing alcohol excessive anger delusions or hallucinations fears and phobias,Psychotic Disorder,Bipolar Disorder,0.35534730169725576,1.5428443322059882,"['Bipolar Disorder', 'Social Phobia', 'Psychotic Disorder']"
back pain low back pain paresthesia shoulder pain lower body pain,Spinal Stenosis,Degenerative Disc Disease,0.3849419795742815,1.578299789369273,"['Degenerative Disc Disease', 'Spinal Stenosis', 'Spondylosis']"
leg pain hip pain arm pain neck pain paresthesia,Spondylosis,Herniated Disk,0.32079805523255767,1.891898800729551,"['Herniated Disk', 'Spondylosis', 'Spinal Stenosis']"
blood in stool headache nausea,Infectious Gastroenteritis,Noninfectious Gastroenteritis,0.3531972964465101,2.889980339896141,"['Noninfectious Gastroenteritis', 'Infectious Gastroenteritis', 'Gastroduodenal Ulcer']"
abnormal appearing skin irregular appearing scalp skin moles skin dryness peeling scaliness or roughness,Psoriasis,Acne,0.1471234359113759,2.651578898586845,"['Acne', 'Hemangioma', 'Skin Cancer']"
back pain low back pain,Pyelonephritis,Kidney Stone,0.1410438975565966,3.4042064642558607,"['Kidney Stone', 'Pyelonephritis', 'Fibromyalgia']"
abnormal appearing skin skin lesion acne or pimples irregular appearing scalp skin irritation,Eczema,Skin Disorder,0.3231453634486717,2.0888128953216056,"['Skin Disorder', 'Eczema', 'Seborrheic Keratosis']"
skin swelling skin growth irregular appearing scalp skin dryness peeling scaliness or roughness warts,Skin Polyp,Skin Pigmentation Disorder,0.40515578786006395,1.6396795239451463,"['Skin Pigmentation Disorder', 'Skin Cancer', 'Skin Polyp']"
abusing alcohol,Alcohol Abuse,Acute Pancreatitis,0.206737537712539,3.2553844770672455,"['Acute Pancreatitis', 'Conduct Disorder', 'Alcohol Withdrawal']"
leg pain hip pain back pain low back pain shoulder pain lower body pain,Spinal Stenosis,Degenerative Disc Disease,0.29260365195740023,2.1006644267164924,"['Degenerative Disc Disease', 'Spondylosis', 'Spinal Stenosis']"
sharp abdominal pain vomiting painful urination lower abdominal pain blood in urine back pain low back pain,Pyelonephritis,Kidney Stone,0.5381553417315695,0.8555762505951893,"['Kidney Stone', 'Pyelonephritis', 'Urinary Tract Infection']"
blood in stool sharp abdominal pain vomiting headache burning abdominal pain decreased appetite fever fluid retention,Infectious Gastroenteritis,Noninfectious Gastroenteritis,0.536351721757739,0.7642233828690101,"['Noninfectious Gastroenteritis', 'Infectious Gastroenteritis', 'Appendicitis']"
vomiting nausea back pain side pain,Gallstone,Pain After An Operation,0.2229496942213862,2.954738747947088,"['Pain After An Operation', 'Cholecystitis', 'Acute Pancreatitis']"
vomiting nausea weakness,Diabetic Ketoacidosis,Hyperkalemia,0.16730950728976532,3.5104866346074752,"['Hyperkalemia', 'Gastrointestinal Hemorrhage', 'Hyponatremia']"
blood in stool sharp abdominal pain vomiting headache diarrhea fever chills fluid retention,Infectious Gastroenteritis,Noninfectious Gastroenteritis,0.5291788982056838,0.7727847647475368,"['Noninfectious Gastroenteritis', 'Infectious Gastroenteritis', 'Diverticulitis']"
sharp abdominal pain intermenstrual bleeding pelvic pain cramps and spasms unpredictable menstruation,Idiopathic Irregular Menstrual Cycle,Uterine Fibroids,0.550992776223873,1.3840955420963257,"['Uterine Fibroids', 'Idiopathic Irregular Menstrual Cycle', 'Threatened Pregnancy']"
blood in stool sharp abdominal pain vomiting nausea,Diverticulosis,Gastroduodenal Ulcer,0.2200208351884133,2.5184837668495392,"['Gastroduodenal Ulcer', 'Diverticulitis', 'Infectious Gastroenteritis']"
retention of urine symptoms of prostate excessive urination at night,Erectile Dysfunction,Urinary Tract Obstruction,0.45144274462343537,1.4191519841599005,"['Urinary Tract Obstruction', 'Benign Prostatic Hyperplasia (Bph)', 'Erectile Dysfunction']"
shortness of breath dizziness chest tightness fatigue,Ischemic Heart Disease,Mitral Valve Disease,0.31561835159777446,2.4273748744054324,"['Mitral Valve Disease', 'Ischemic Heart Disease', 'Paroxysmal Ventricular Tachycardia']"
abnormal appearing skin irregular appearing scalp itching of skin skin dryness peeling scaliness or roughness warts,Skin Polyp,Skin Pigmentation Disorder,0.3475748134226051,2.0218459316704225,"['Skin Pigmentation Disorder', 'Eczema', 'Skin Polyp']"
shortness of breath sharp chest pain cough nasal congestion coughing up sputum congestion in chest,Acute Bronchitis,Chronic Obstructive Pulmonary Disease (Copd),0.5041445843621453,0.9740716509561119,"['Chronic Obstructive Pulmonary Disease (Copd)', 'Acute Bronchitis', 'Asthma']"
abnormal appearing skin irregular appearing scalp skin dryness peeling scaliness or roughness,Psoriasis,Hemangioma,0.15690812230454215,3.075213178384338,"['Hemangioma', 'Acne', 'Skin Cancer']"
retention of urine sharp abdominal pain painful urination blood in urine symptoms of bladder,Bladder Disorder,Temporary Or Benign Blood In Urine,0.3369350412761957,1.916643299008371,"['Temporary Or Benign Blood In Urine', 'Bladder Disorder', 'Cystitis']"
retention of urine sharp abdominal pain painful urination frequent urination back pain side pain,Kidney Stone,Cystitis,0.2846784242471712,1.960987549782816,"['Cystitis', 'Kidney Stone', 'Urinary Tract Obstruction']"
depression insomnia drug abuse excessive anger delusions or hallucinations,Depression,Neurosis,0.22626330385318363,2.113461893802206,"['Neurosis', 'Depression', 'Drug Abuse (Opioids)']"
depressive or psychotic symptoms insomnia abusing alcohol hostile behavior delusions or hallucinations temper problems,Psychotic Disorder,Post-Traumatic Stress Disorder (Ptsd),0.3993410886436865,1.4323212374425167,"['Post-Traumatic Stress Disorder (Ptsd)', 'Psychotic Disorder', 'Depression']"
skin swelling skin lesion acne or pimples irregular appearing scalp skin moles itching of skin skin dryness peeling scaliness or roughness skin irritation,Skin Polyp,Skin Disorder,0.41630871636475114,1.6285947689291667,"['Skin Disorder', 'Skin Polyp', 'Skin Pigmentation Disorder']"
anxiety and nervousness depressive or psychotic symptoms abusing alcohol excessive anger delusions or hallucinations,Marijuana Abuse,Bipolar Disorder,0.2516489807991198,2.3398657410452492,"['Bipolar Disorder', 'Social Phobia', 'Psychotic Disorder']"
diminished vision pain in eye spots or clouds in vision eye redness,Dry Eye Of Unknown Cause,Blepharitis,0.19987453142164618,2.4697096136746075,"['Blepharitis', 'Glaucoma', 'Dry Eye Of Unknown Cause']"
white discharge from eye diminished vision double vision pain in eye foreign body sensation in eye spots or clouds in vision,Dry Eye Of Unknown Cause,Corneal Disorder,0.5445846301492762,1.1676247129367396,"['Corneal Disorder', 'Dry Eye Of Unknown Cause', 'Chronic Glaucoma']"
sharp chest pain vomiting back pain upper abdominal pain,Gallstone,Cholecystitis,0.31249078725157875,2.0979809873907747,"['Cholecystitis', 'Gallstone', 'Acute Pancreatitis']"
anxiety and nervousness depressive or psychotic symptoms insomnia abusing alcohol,Post-Traumatic Stress Disorder (Ptsd),Eating Disorder,0.20828309105393736,2.43572609589772,"['Eating Disorder', 'Bipolar Disorder', 'Psychotic Disorder']"
insomnia abusing alcohol excessive anger delusions or hallucinations fears and phobias,Bipolar Disorder,Social Phobia,0.3642603294387474,1.530249746117062,"['Social Phobia', 'Bipolar Disorder', 'Psychotic Disorder']"
anxiety and nervousness depressive or psychotic symptoms insomnia hostile behavior excessive anger temper problems low self esteem,Schizophrenia,Personality Disorder,0.5463976343795337,1.1483647674206807,"['Personality Disorder', 'Schizophrenia', 'Marijuana Abuse']"
skin swelling abnormal appearing skin skin lesion irregular appearing scalp skin moles skin dryness peeling scaliness or roughness warts,Skin Polyp,Skin Pigmentation Disorder,0.3147925108353706,1.8606220517430545,"['Skin Pigmentation Disorder', 'Skin Polyp', 'Skin Cancer']"
anxiety and nervousness depression abusing alcohol,Social Phobia,Bipolar Disorder,0.1317569335692906,3.180519473198594,"['Bipolar Disorder', 'Drug Abuse', 'Eating Disorder']"
vomiting weakness difficulty breathing,Sepsis,Pneumonia,0.46708555806748014,2.4001539961711496,"['Pneumonia', 'Sepsis', 'Hypertensive Heart Disease']"
vomiting fever coryza pulling at ears,Acute Bronchiolitis,Otitis Media,0.47409110908560315,1.4978356665171457,"['Otitis Media', 'Croup', 'Acute Bronchiolitis']"
depression shortness of breath depressive or psychotic symptoms abnormal involuntary movements palpitations,Panic Disorder,Anxiety,0.563479516961905,1.1702123166951452,"['Anxiety', 'Panic Disorder', 'Acute Stress Reaction']"
sore throat cough plugged feeling in ear fluid in ear fever,Otitis Media,Otitis Externa (Swimmer'S Ear),0.3699003564473182,1.887307768636953,"[""Otitis Externa (Swimmer'S Ear)"", 'Acute Otitis Media', 'Otitis Media']"
shortness of breath cough wheezing difficulty breathing,Asthma,Acute Bronchiolitis,0.17902424830140898,2.536342384186392,"['Acute Bronchiolitis', 'Asthma', 'Acute Bronchitis']"
vomiting nausea painful urination blood in urine side pain,Pyelonephritis,Urinary Tract Infection,0.47909036664751364,1.3917770054687055,"['Urinary Tract Infection', 'Pyelonephritis', 'Urinary Tract Obstruction']"
skin swelling abnormal appearing skin skin lesion acne or pimples itching of skin,Fungal Infection Of The Hair,Molluscum Contagiosum,0.12065883433649363,2.953420481251367,"['Molluscum Contagiosum', 'Skin Disorder', 'Rosacea']"
dizziness fainting weight gain,Paroxysmal Ventricular Tachycardia,Heart Block,0.6572267779490985,1.5670838951571908,"['Heart Block', 'Paroxysmal Ventricular Tachycardia', 'Iron Deficiency Anemia']"
ankle pain foot or toe swelling ankle swelling,Injury To The Leg,Gout,0.5354975124559205,1.2141205043310428,"['Gout', 'Injury To The Leg', 'Fracture Of The Leg']"
sharp chest pain sharp abdominal pain nausea back pain side pain upper abdominal pain,Gallstone,Cholecystitis,0.2733499733100623,2.04515551819251,"['Cholecystitis', 'Gallstone', 'Acute Pancreatitis']"
sharp chest pain sharp abdominal pain vomiting nausea side pain lower body pain regurgitation 1,Cholecystitis,Gallstone,0.5236978371495097,1.0343942417508458,"['Gallstone', 'Cholecystitis', 'Acute Pancreatitis']"
sharp chest pain sharp abdominal pain vomiting nausea burning abdominal pain side pain lower body pain upper abdominal pain regurgitation 1,Cholecystitis,Gallstone,0.5617292295972477,0.9539694077662192,"['Gallstone', 'Cholecystitis', 'Acute Pancreatitis']"
suprapubic pain painful urination lower abdominal pain blood in urine,Bladder Disorder,Urinary Tract Infection,0.2582931070547129,2.1830179880499023,"['Urinary Tract Infection', 'Temporary Or Benign Blood In Urine', 'Bladder Disorder']"
anxiety and nervousness insomnia delusions or hallucinations temper problems fears and phobias low self esteem,Personality Disorder,Schizophrenia,0.5512841958504986,1.0552699862488035,"['Schizophrenia', 'Personality Disorder', 'Marijuana Abuse']"
knee pain ankle pain ankle swelling,Fracture Of The Leg,Gout,0.2723242249477048,2.1619735523715473,"['Gout', 'Fracture Of The Leg', 'Joint Effusion']"
anxiety and nervousness depression depressive or psychotic symptoms insomnia temper problems,Schizophrenia,Bipolar Disorder,0.16859158080198666,2.9160551701600603,"['Bipolar Disorder', 'Drug Abuse (Opioids)', 'Schizophrenia']"
cough ringing in ear fluid in ear pulling at ears,Ear Drum Damage,Ear Wax Impaction,0.4468964798557351,1.4205322914141298,"['Ear Wax Impaction', 'Ear Drum Damage', 'Otitis Media']"
hip pain arm pain neck pain low back pain shoulder pain,Degenerative Disc Disease,Herniated Disk,0.24751465714389725,1.994764627755576,"['Herniated Disk', 'Neuralgia', 'Spondylosis']"
diminished vision pain in eye lacrimation swollen eye,Conjunctivitis Due To Allergy,Conjunctivitis Due To Virus,0.29661251189378657,2.26758564788348,"['Conjunctivitis Due To Virus', 'Chalazion', 'Conjunctivitis Due To Allergy']"
cough diminished hearing plugged feeling in ear fluid in ear fever redness in ear,Otitis Externa (Swimmer'S Ear),Acute Otitis Media,0.47335108599381104,1.3272323324534365,"['Acute Otitis Media', ""Otitis Externa (Swimmer'S Ear)"", 'Ear Wax Impaction']"
toothache facial pain jaw swelling,Tooth Abscess,Dental Caries,0.29192623912487076,2.389561348375141,"['Dental Caries', 'Gum Disease', 'Tooth Abscess']"
sharp chest pain chest tightness leg swelling weakness,Pulmonary Congestion,Hypertensive Heart Disease,0.3079293526075069,2.1021628120254183,"['Hypertensive Heart Disease', 'Pulmonary Embolism', 'Pulmonary Congestion']"
abusing alcohol hostile behavior excessive anger temper problems,Depression,Post-Traumatic Stress Disorder (Ptsd),0.28586095713040927,1.9720858924375186,"['Post-Traumatic Stress Disorder (Ptsd)', 'Marijuana Abuse', 'Conduct Disorder']"
facial pain fever coryza sinus congestion painful sinuses,Acute Sinusitis,Nose Disorder,0.5122926019217949,0.8724449321214078,"['Nose Disorder', 'Acute Sinusitis', 'Chronic Sinusitis']"
suprapubic pain vomiting frequent urination lower abdominal pain blood in urine back pain side pain,Kidney Stone,Urinary Tract Infection,0.44533005733073605,1.2284603882889529,"['Urinary Tract Infection', 'Kidney Stone', 'Pyelonephritis']"
acne or pimples skin rash,Eczema,Seborrheic Dermatitis,0.1349737204750027,3.3032217778376376,"['Seborrheic Dermatitis', 'Fungal Infection Of The Hair', 'Callus']"
depressive or psychotic symptoms insomnia excessive anger delusions or hallucinations temper problems fears and phobias hysterical behavior,Psychotic Disorder,Schizophrenia,0.538832625352911,0.8507806090808671,"['Schizophrenia', 'Psychotic Disorder', 'Personality Disorder']"
abnormal appearing skin too little hair skin rash,Onychomycosis,Seborrheic Dermatitis,0.42378546838157255,1.707216179016135,"['Seborrheic Dermatitis', 'Fungal Infection Of The Skin', 'Onychomycosis']"
sharp chest pain sharp abdominal pain vomiting nausea back pain burning abdominal pain side pain,Cholecystitis,Acute Pancreatitis,0.24848713243746248,2.280557607533118,"['Acute Pancreatitis', 'Gallstone', 'Cholecystitis']"
nasal congestion ear pain,Ear Wax Impaction,Chronic Otitis Media,0.11122720772265475,3.5392689318110575,"['Chronic Otitis Media', 'Strep Throat', 'Seasonal Allergies (Hay Fever)']"
skin swelling abnormal appearing skin skin lesion neck mass back mass or lump arm lump or mass,Sebaceous Cyst,Lipoma,0.5121449054382268,0.9115532236173305,"['Lipoma', 'Sebaceous Cyst', 'Molluscum Contagiosum']"
nausea diarrhea rectal bleeding,Diverticulosis,Gastrointestinal Hemorrhage,0.3259647163525211,2.2635633795906327,"['Gastrointestinal Hemorrhage', 'Diverticulosis', 'Noninfectious Gastroenteritis']"
nausea back pain,Pyelonephritis,Cholecystitis,0.12167321475705291,4.088199417937325,"['Cholecystitis', 'Pain After An Operation', 'Acute Pancreatitis']"
pain in eye spots or clouds in vision,Macular Degeneration,Blepharitis,0.1259384160164212,3.13796384267424,"['Blepharitis', 'Cornea Infection', 'Myopia']"
lower abdominal pain intermenstrual bleeding pelvic pain problems during pregnancy spotting or bleeding during pregnancy blood clots during menstrual periods heavy menstrual flow,Vaginal Cyst,Spontaneous Abortion,0.5027647738331503,0.8432697166536266,"['Spontaneous Abortion', 'Vaginal Cyst', 'Threatened Pregnancy']"
retention of urine involuntary urination frequent urination lower abdominal pain symptoms of bladder,Temporary Or Benign Blood In Urine,Cystitis,0.3809061049825313,1.437481717979462,"['Cystitis', 'Temporary Or Benign Blood In Urine', 'Bladder Disorder']"
depressive or psychotic symptoms lack of growth hostile behavior obsessions and compulsions,Obsessive Compulsive Disorder (Ocd),Developmental Disability,0.4662367388911766,2.0156275048677634,"['Developmental Disability', 'Obsessive Compulsive Disorder (Ocd)', 'Attention Deficit Hyperactivity Disorder (Adhd)']"
anxiety and nervousness delusions or hallucinations,Post-Traumatic Stress Disorder (Ptsd),Adjustment Reaction,0.1336112715207498,4.047495001956761,"['Adjustment Reaction', 'Schizophrenia', 'Postpartum Depression']"
skin swelling skin lesion acne or pimples skin growth skin moles itching of skin,Seborrheic Keratosis,Skin Polyp,0.22767834976751486,2.20211115898706,"['Skin Polyp', 'Seborrheic Keratosis', 'Skin Pigmentation Disorder']"
lower abdominal pain intermenstrual bleeding pelvic pain problems during pregnancy spotting or bleeding during pregnancy blood clots during menstrual periods uterine contractions,Threatened Pregnancy,Spontaneous Abortion,0.5237653213925902,0.7848824306758984,"['Spontaneous Abortion', 'Threatened Pregnancy', 'Vaginal Cyst']"
skin growth irregular appearing scalp itching of skin warts,Skin Polyp,Skin Pigmentation Disorder,0.4419755051116147,1.627588565964582,"['Skin Pigmentation Disorder', 'Seborrheic Keratosis', 'Skin Polyp']"
sharp chest pain chest tightness palpitations leg swelling difficulty breathing,Heart Failure,Hypertensive Heart Disease,0.7265850227161197,1.1103937932418377,"['Hypertensive Heart Disease', 'Heart Failure', 'Pulmonary Embolism']"
skin swelling skin lesion acne or pimples skin growth irregular appearing scalp skin moles itching of skin skin dryness peeling scaliness or roughness warts,Skin Polyp,Skin Pigmentation Disorder,0.5931833101929265,1.063009164296754,"['Skin Pigmentation Disorder', 'Skin Polyp', 'Skin Disorder']"
sharp chest pain sharp abdominal pain burning abdominal pain,Gallstone,Sickle Cell Crisis,0.34442866764684343,2.8126941796348714,"['Sickle Cell Crisis', 'Acute Pancreatitis', 'Gallstone']"
skin swelling skin lesion skin growth skin moles warts skin rash,Skin Pigmentation Disorder,Seborrheic Keratosis,0.3912268768848461,1.9423832434292332,"['Seborrheic Keratosis', 'Skin Pigmentation Disorder', 'Viral Warts']"
diminished vision double vision abnormal movement of eyelid spots or clouds in vision itchiness of eye,Cataract,Diabetic Retinopathy,0.31915810833757,1.5871071959138066,"['Diabetic Retinopathy', 'Cataract', 'Macular Degeneration']"
sharp chest pain chest tightness decreased heart rate,Pulmonary Congestion,Paroxysmal Ventricular Tachycardia,0.2973215024489616,2.38449715961011,"['Paroxysmal Ventricular Tachycardia', 'Sinus Bradycardia', 'Pulmonary Congestion']"
nausea diarrhea,Liver Disease,Gastritis,0.08635808002967207,3.61052760909145,"['Gastritis', 'Flu', 'Diverticulosis']"
depressive or psychotic symptoms abusing alcohol delusions or hallucinations fears and phobias,Social Phobia,Marijuana Abuse,0.26758285133133053,2.1645953223677377,"['Marijuana Abuse', 'Bipolar Disorder', 'Psychotic Disorder']"
suprapubic pain sharp abdominal pain painful urination involuntary urination lower abdominal pain,Bladder Disorder,Temporary Or Benign Blood In Urine,0.33822285293861265,1.7347622119085429,"['Temporary Or Benign Blood In Urine', 'Bladder Disorder', 'Cystitis']"
diminished vision double vision pain in eye abnormal movement of eyelid lacrimation itchiness of eye blindness,Macular Degeneration,Cataract,0.4975096759149296,1.0988320373321079,"['Cataract', 'Macular Degeneration', 'Diabetic Retinopathy']"
sharp chest pain sharp abdominal pain vomiting nausea back pain burning abdominal pain side pain lower body pain upper abdominal pain,Cholecystitis,Gallstone,0.3539407645642592,1.3010031817450938,"['Gallstone', 'Acute Pancreatitis', 'Cholecystitis']"
blood in stool sharp abdominal pain vomiting melena rectal bleeding,Diverticulosis,Gastrointestinal Hemorrhage,0.5575586409871623,1.419028943434822,"['Gastrointestinal Hemorrhage', 'Diverticulosis', 'Noninfectious Gastroenteritis']"
skin swelling acne or pimples skin growth irregular appearing scalp skin moles itching of skin skin irritation,Seborrheic Keratosis,Skin Polyp,0.34138507745289864,1.4910564376077509,"['Skin Polyp', 'Seborrheic Keratosis', 'Skin Disorder']"
skin swelling lip swelling abnormal appearing skin skin lesion irregular appearing scalp,Skin Cancer,Hemangioma,0.4780329726804205,1.8262815505805228,"['Hemangioma', 'Skin Cancer', 'Insect Bite']"
cough vomiting fever chills,Common Cold,Pneumonia,0.17724261614290918,2.544394371806629,"['Pneumonia', 'Sepsis', 'Common Cold']"
skin swelling skin lesion skin growth irregular appearing scalp skin moles skin irritation warts,Skin Polyp,Skin Cancer,0.38960847557982803,1.392475494055175,"['Skin Cancer', 'Skin Polyp', 'Seborrheic Keratosis']"
leg pain hip pain back pain neck pain loss of sensation,Herniated Disk,Neuralgia,0.18615441220447043,2.2834559710134616,"['Neuralgia', 'Spondylolisthesis', 'Spondylosis']"
peripheral edema jaw swelling gum pain pain in gums,Gum Disease,Tooth Disorder,0.2923781248599242,1.6751231040230052,"['Tooth Disorder', 'Tooth Abscess', 'Dental Caries']"
leg pain hip pain back pain neck pain low back pain lower body pain,Spinal Stenosis,Chronic Back Pain,0.1877921353327532,2.169885947589793,"['Chronic Back Pain', 'Spondylitis', 'Spinal Stenosis']"
sore throat headache facial pain fever painful sinuses,Chronic Sinusitis,Nose Disorder,0.5684693731785577,1.4563791598009188,"['Nose Disorder', 'Chronic Sinusitis', 'Deviated Nasal Septum']"
retention of urine painful urination frequent urination blood in urine back pain side pain,Urinary Tract Obstruction,Cystitis,0.21903353918246077,2.113107303501591,"['Cystitis', 'Urinary Tract Infection', 'Kidney Stone']"
skin lesion acne or pimples itching of skin skin irritation warts,Eczema,Seborrheic Keratosis,0.40279456185796925,1.4142431108250852,"['Seborrheic Keratosis', 'Eczema', 'Skin Polyp']"
diminished vision symptoms of eye eye redness lacrimation itchiness of eye eyelid swelling,Blepharitis,Corneal Abrasion,0.5462237555047252,1.450235977941423,"['Corneal Abrasion', 'Blepharitis', 'Chalazion']"
sharp abdominal pain vomiting headache pain during pregnancy problems during pregnancy,Hyperemesis Gravidarum,Problem During Pregnancy,0.6364262417066434,1.1180042567529833,"['Problem During Pregnancy', 'Hyperemesis Gravidarum', 'Benign Vaginal Discharge (Leukorrhea)']"
sore throat cough fever painful sinuses,Nose Disorder,Acute Sinusitis,0.23344512823766328,2.910359036828152,"['Acute Sinusitis', 'Nose Disorder', 'Chronic Sinusitis']"
skin swelling skin lesion irregular appearing scalp skin moles skin rash,Dermatitis Due To Sun Exposure,Skin Pigmentation Disorder,0.24439371508499302,2.4870004252507183,"['Skin Pigmentation Disorder', 'Psoriasis', 'Actinic Keratosis']"
painful urination involuntary urination lower abdominal pain back pain,Temporary Or Benign Blood In Urine,Cystitis,0.4925387188687146,1.8914880598964472,"['Cystitis', 'Temporary Or Benign Blood In Urine', 'Bladder Disorder']"
diminished vision pain in eye spots or clouds in vision lacrimation itchiness of eye blindness,Cataract,Macular Degeneration,0.3798317174070432,1.9019238964064415,"['Macular Degeneration', 'Cataract', 'Chronic Glaucoma']"
skin swelling acne or pimples itching of skin warts skin rash,Molluscum Contagiosum,Seborrheic Keratosis,0.31574869997515614,1.809630255094207,"['Seborrheic Keratosis', 'Molluscum Contagiosum', 'Eczema']"
difficulty speaking problems with movement focal weakness,Parkinson Disease,Stroke,0.39180333142791834,2.0958019821866785,"['Stroke', 'Delirium', 'Parkinson Disease']"
back pain lower body pain joint pain,Arthritis Of The Hip,Degenerative Disc Disease,0.7533536586797773,1.0679248770999434,"['Degenerative Disc Disease', 'Arthritis Of The Hip', 'Cholecystitis']"
skin swelling abnormal appearing skin skin lesion irregular appearing scalp skin dryness peeling scaliness or roughness skin irritation,Fungal Infection Of The Hair,Eczema,0.21326911837524032,2.2690049359198956,"['Eczema', 'Skin Disorder', 'Skin Polyp']"
abnormal appearing skin skin growth skin dryness peeling scaliness or roughness skin rash,Actinic Keratosis,Onychomycosis,0.15700246010508204,2.900067590015814,"['Onychomycosis', 'Actinic Keratosis', 'Psoriasis']"
white discharge from eye diminished vision pain in eye itchiness of eye,Corneal Abrasion,Chronic Glaucoma,0.2283622798873131,2.0634063308436508,"['Chronic Glaucoma', 'Corneal Abrasion', 'Conjunctivitis Due To Virus']"
skin growth skin moles skin rash,Actinic Keratosis,Psoriasis,0.20586794453587506,2.7928576046361266,"['Psoriasis', 'Acne', 'Skin Pigmentation Disorder']"
skin swelling facial pain peripheral edema mouth pain pain in gums,Tooth Abscess,Dental Caries,0.5303157823692002,1.4241676150566436,"['Dental Caries', 'Tooth Abscess', 'Gum Disease']"
blood in stool sharp abdominal pain vomiting nausea vomiting blood changes in stool appearance,Gastrointestinal Hemorrhage,Gastroduodenal Ulcer,0.627618602700848,0.9222660810262916,"['Gastroduodenal Ulcer', 'Gastrointestinal Hemorrhage', 'Chronic Constipation']"
leg pain low back pain,Complex Regional Pain Syndrome,Pain After An Operation,0.13918869649090532,3.3185185056318023,"['Pain After An Operation', 'Chronic Pain Disorder', 'Fibromyalgia']"
anxiety and nervousness insomnia excessive anger delusions or hallucinations temper problems fears and phobias,Bipolar Disorder,Schizophrenia,0.27805082709377094,1.8035574747089413,"['Schizophrenia', 'Personality Disorder', 'Psychotic Disorder']"
shortness of breath cough vomiting wheezing coryza,Acute Bronchiolitis,Acute Bronchospasm,0.3743724007275961,2.03865854327544,"['Acute Bronchospasm', 'Acute Bronchiolitis', 'Pneumonia']"
plugged feeling in ear fluid in ear pulling at ears,Ear Drum Damage,Ear Wax Impaction,0.3377782648306058,1.7762682091503832,"['Ear Wax Impaction', 'Ear Drum Damage', 'Otitis Media']"
skin swelling abnormal appearing skin acne or pimples skin growth irregular appearing scalp skin moles warts,Skin Pigmentation Disorder,Skin Polyp,0.32373468633617836,1.8444093008833093,"['Skin Polyp', 'Skin Pigmentation Disorder', 'Seborrheic Keratosis']"
symptoms of eye eye redness mass on eyelid eyelid swelling,Stye,Chalazion,0.5914695629429516,1.048379076217014,"['Chalazion', 'Stye', 'Blepharitis']"
toothache facial pain mouth ulcer peripheral edema ear pain pain in gums,Tooth Disorder,Gum Disease,0.5382481798443095,0.9130131476587706,"['Gum Disease', 'Tooth Disorder', 'Dental Caries']"
nausea heartburn,Diverticulosis,Heart Attack,0.22224599074442075,3.513810132955099,"['Heart Attack', 'Esophagitis', 'White Blood Cell Disease']"
sharp abdominal pain lower abdominal pain intermenstrual bleeding problems during pregnancy,Spontaneous Abortion,Threatened Pregnancy,0.4871668183829394,2.1771503628036877,"['Threatened Pregnancy', 'Spontaneous Abortion', 'Vaginal Cyst']"
leg pain hand or finger pain arm pain,Tendinitis,Mononeuritis,0.37208755628984524,2.2819517640594484,"['Mononeuritis', 'Complex Regional Pain Syndrome', 'Tendinitis']"
sharp abdominal pain vomiting headache diarrhea burning abdominal pain decreased appetite fever chills fluid retention,Noninfectious Gastroenteritis,Infectious Gastroenteritis,0.5042000259249246,0.7446551918292823,"['Infectious Gastroenteritis', 'Noninfectious Gastroenteritis', 'Appendicitis']"
hand or finger pain loss of sensation shoulder pain hand or finger weakness,Mononeuritis,Brachial Neuritis,0.49536550557113507,1.1572169946678683,"['Brachial Neuritis', 'Mononeuritis', 'Carpal Tunnel Syndrome']"
abnormal appearing skin skin lesion skin growth itching of skin,Seborrheic Dermatitis,Seborrheic Keratosis,0.18067899288893458,2.9881116399345853,"['Seborrheic Keratosis', 'Skin Disorder', 'Fungal Infection Of The Hair']"
nasal congestion pain in eye,Conjunctivitis Due To Virus,Conjunctivitis Due To Allergy,0.2302477947617871,3.429494909071121,"['Conjunctivitis Due To Allergy', 'Conjunctivitis Due To Virus', 'Conjunctivitis']"
skin swelling acne or pimples allergic reaction skin dryness peeling scaliness or roughness skin rash,Eczema,Contact Dermatitis,0.45188444707302095,1.450013622970622,"['Contact Dermatitis', 'Eczema', 'Fungal Infection Of The Hair']"
nasal congestion diminished hearing fluid in ear fever pulling at ears,Otitis Media,Ear Wax Impaction,0.4753543899688881,1.210418487967962,"['Ear Wax Impaction', 'Otitis Media', 'Acute Otitis Media']"
lip swelling fever,Oral Mucosal Lesion,Gum Disease,0.5041302539572484,2.6165809606088275,"['Gum Disease', 'Cornea Infection', 'Skin Cancer']"
abusing alcohol drug abuse excessive anger,Marijuana Abuse,Smoking Or Tobacco Addiction,0.36559378021831124,1.9528523872610175,"['Smoking Or Tobacco Addiction', 'Depression', 'Marijuana Abuse']"
hip pain headache back pain neck pain ache all over,Fibromyalgia,Neuralgia,0.7166794881334672,0.9676339327178458,"['Neuralgia', 'Fibromyalgia', 'Chronic Pain Disorder']"
diminished vision double vision pain in eye spots or clouds in vision lacrimation,Dry Eye Of Unknown Cause,Corneal Disorder,0.25206668009709426,2.170321874853692,"['Corneal Disorder', 'Cataract', 'Macular Degeneration']"
abnormal involuntary movements arm pain back pain foot or toe pain problems with movement loss of sensation paresthesia,Peripheral Nerve Disorder,Complex Regional Pain Syndrome,0.5168461812595135,0.7808546017455251,"['Complex Regional Pain Syndrome', 'Peripheral Nerve Disorder', 'Spinal Stenosis']"
double vision pain in eye abnormal movement of eyelid blindness,Macular Degeneration,Cataract,0.5966020797255623,1.281566888181072,"['Cataract', 'Macular Degeneration', 'Diabetic Retinopathy']"
skin lesion skin growth skin moles,Skin Polyp,Psoriasis,0.11792391620665589,3.0452994027383156,"['Psoriasis', 'Sebaceous Cyst', 'Actinic Keratosis']"
anxiety and nervousness depression depressive or psychotic symptoms insomnia abusing alcohol hostile behavior delusions or hallucinations,Post-Traumatic Stress Disorder (Ptsd),Psychotic Disorder,0.41284877324834335,1.6203849304927127,"['Psychotic Disorder', 'Post-Traumatic Stress Disorder (Ptsd)', 'Depression']"
skin swelling skin lesion skin growth irregular appearing scalp skin irritation,Actinic Keratosis,Skin Cancer,0.2256068618912601,2.225656730350227,"['Skin Cancer', 'Skin Disorder', 'Skin Polyp']"
double vision symptoms of eye pain in eye foreign body sensation in eye itchiness of eye,Diabetic Retinopathy,Dry Eye Of Unknown Cause,0.24630389014046122,2.1496857150554822,"['Dry Eye Of Unknown Cause', 'Corneal Disorder', 'Macular Degeneration']"
sharp chest pain cough difficulty breathing coryza,Asthma,Acute Bronchospasm,0.2755555468557621,2.5081867284480523,"['Acute Bronchospasm', 'Pneumonia', 'Acute Bronchitis']"
hip pain headache arm pain low back pain,Fibromyalgia,Neuralgia,0.4323706277517306,1.4914615871750718,"['Neuralgia', 'Fibromyalgia', 'Spinal Stenosis']"
peripheral edema jaw swelling pain in gums,Dental Caries,Tooth Disorder,0.2815705431794579,2.320790174334507,"['Tooth Disorder', 'Tooth Abscess', 'Dental Caries']"
shortness of breath chest tightness irregular heartbeat,Sinus Bradycardia,Mitral Valve Disease,0.1840731585447211,2.822828389580815,"['Mitral Valve Disease', 'Heart Attack', 'Panic Disorder']"
cough nasal congestion white discharge from eye lacrimation itchiness of eye fever,Conjunctivitis,Conjunctivitis Due To Virus,0.6207907810207262,0.9078606957610373,"['Conjunctivitis Due To Virus', 'Conjunctivitis', 'Corneal Abrasion']"
skin swelling skin lesion skin growth skin moles skin dryness peeling scaliness or roughness skin rash,Psoriasis,Actinic Keratosis,0.24741721390324153,2.4786713514380283,"['Actinic Keratosis', 'Psoriasis', 'Skin Pigmentation Disorder']"
nausea diarrhea lower abdominal pain,Appendicitis,Ileus,0.2707839137422018,2.1668316693569443,"['Ileus', 'Diverticulosis', 'Appendicitis']"
headache nausea burning abdominal pain,Hyperemesis Gravidarum,Noninfectious Gastroenteritis,0.17451764342856382,2.9693607321677327,"['Noninfectious Gastroenteritis', 'Infectious Gastroenteritis', 'Gastritis']"
ankle pain knee swelling foot or toe swelling ankle swelling,Injury To The Leg,Gout,0.516546441112021,0.9786971845316057,"['Gout', 'Injury To The Leg', 'Fracture Of The Leg']"
nasal congestion ear pain plugged feeling in ear fever,Acute Otitis Media,Chronic Otitis Media,0.29166139342270864,2.3167045421634165,"['Chronic Otitis Media', 'Ear Wax Impaction', 'Acute Otitis Media']"
skin swelling skin lesion irregular appearing scalp itching of skin skin irritation,Seborrheic Keratosis,Skin Disorder,0.20096158297592964,2.2609741860637778,"['Skin Disorder', 'Skin Polyp', 'Eczema']"
cough plugged feeling in ear fluid in ear,Acute Otitis Media,Chronic Otitis Media,0.22637772575226958,2.706858530792892,"['Chronic Otitis Media', 'Ear Wax Impaction', ""Otitis Externa (Swimmer'S Ear)""]"
sharp abdominal pain headache nausea diarrhea burning abdominal pain decreased appetite fever chills fluid retention,Noninfectious Gastroenteritis,Infectious Gastroenteritis,0.5488745126600771,0.7429612583146347,"['Infectious Gastroenteritis', 'Noninfectious Gastroenteritis', 'Appendicitis']"
anxiety and nervousness insomnia drug abuse excessive anger delusions or hallucinations,Post-Traumatic Stress Disorder (Ptsd),Drug Abuse (Opioids),0.20176940881251093,2.1805355586025943,"['Drug Abuse (Opioids)', 'Personality Disorder', 'Neurosis']"
depression excessive anger fears and phobias,Adjustment Reaction,Social Phobia,0.17259088769606012,3.0297368008188075,"['Social Phobia', 'Schizophrenia', 'Adjustment Reaction']"
skin swelling skin lesion skin dryness peeling scaliness or roughness skin irritation,Fungal Infection Of The Hair,Contact Dermatitis,0.15869704559288417,2.4542516522144675,"['Contact Dermatitis', 'Actinic Keratosis', 'Skin Disorder']"
headache arm pain back pain low back pain,Spinal Stenosis,Sprain Or Strain,0.18563566937448142,2.4082696188070924,"['Sprain Or Strain', 'Neuralgia', 'Muscle Spasm']"
abnormal appearing skin itching of skin skin dryness peeling scaliness or roughness itchy scalp skin rash,Fungal Infection Of The Hair,Psoriasis,0.3226213271286858,1.8109384308559684,"['Psoriasis', 'Fungal Infection Of The Skin', 'Fungal Infection Of The Hair']"
diminished vision foreign body sensation in eye lacrimation,Corneal Disorder,Macular Degeneration,0.13064615219724282,3.160202443385548,"['Macular Degeneration', 'Iridocyclitis', 'Chalazion']"
sharp abdominal pain vomiting nausea side pain upper abdominal pain,Appendicitis,Acute Pancreatitis,0.22834953705704078,2.3887709611179657,"['Acute Pancreatitis', 'Cholecystitis', 'Gallstone']"
hip pain back pain loss of sensation ache all over,Spondylosis,Neuralgia,0.5872328446446259,1.6117811944971994,"['Neuralgia', 'Spondylosis', 'Complex Regional Pain Syndrome']"
sharp abdominal pain blood clots during menstrual periods long menstrual periods heavy menstrual flow unpredictable menstruation,Idiopathic Painful Menstruation,Idiopathic Excessive Menstruation,0.47793549795169304,0.9912895788768896,"['Idiopathic Excessive Menstruation', 'Idiopathic Painful Menstruation', 'Idiopathic Irregular Menstrual Cycle']"
shortness of breath sharp chest pain fever,Acute Respiratory Distress Syndrome (Ards),Hypokalemia,0.17931090134481523,3.4778187804686347,"['Hypokalemia', 'Chronic Obstructive Pulmonary Disease (Copd)', 'Acute Bronchospasm']"
burning abdominal pain fever upper abdominal pain,Diverticulitis,Appendicitis,0.5133205346771557,1.3473821246854962,"['Appendicitis', 'Diverticulitis', 'Hiatal Hernia']"
nasal congestion ear pain fever redness in ear,Acute Otitis Media,Chronic Otitis Media,0.3681309015129942,2.4003697918454128,"['Chronic Otitis Media', 'Acute Otitis Media', 'Teething Syndrome']"
lip swelling abnormal appearing skin fluid retention itching of skin,Insect Bite,Allergy,0.4483520283134627,1.925868724157566,"['Allergy', 'Insect Bite', 'Envenomation From Spider Or Animal Bite']"
shortness of breath sharp chest pain dizziness weight gain,Paroxysmal Ventricular Tachycardia,Heart Block,0.36540350921700016,2.458099699687584,"['Heart Block', 'Paroxysmal Ventricular Tachycardia', 'Heart Failure']"
toothache jaw swelling neck swelling,Dental Caries,Tooth Abscess,0.46672147976426553,2.4841878854635775,"['Tooth Abscess', 'Dental Caries', 'Sialoadenitis']"
skin swelling abnormal appearing skin skin lesion skin growth neck mass arm lump or mass,Lipoma,Sebaceous Cyst,0.4812391186024942,1.1036520678082131,"['Sebaceous Cyst', 'Lipoma', 'Molluscum Contagiosum']"
skin lesion acne or pimples skin growth irregular appearing scalp skin dryness peeling scaliness or roughness skin rash,Seborrheic Dermatitis,Skin Pigmentation Disorder,0.29447302244386137,2.151259186688154,"['Skin Pigmentation Disorder', 'Fungal Infection Of The Hair', 'Seborrheic Dermatitis']"
skin swelling skin growth irregular appearing scalp skin moles skin dryness peeling scaliness or roughness skin rash,Acne,Skin Pigmentation Disorder,0.2371835849804648,2.1770677963680196,"['Skin Pigmentation Disorder', 'Psoriasis', 'Actinic Keratosis']"
shortness of breath cough nasal congestion difficulty breathing,Pneumonia,Acute Bronchiolitis,0.20985667612073336,2.76822578292806,"['Acute Bronchiolitis', 'Pneumonia', 'Acute Bronchitis']"
suprapubic pain lower abdominal pain vaginal pain,Vaginitis,Vaginal Yeast Infection,0.39366755364143036,1.94876994719609,"['Vaginal Yeast Infection', 'Vaginitis', 'Vaginal Cyst']"
skin swelling skin growth skin moles itching of skin skin dryness peeling scaliness or roughness warts,Skin Polyp,Skin Pigmentation Disorder,0.42507953795198034,1.483021963525688,"['Skin Pigmentation Disorder', 'Skin Polyp', 'Psoriasis']"
retention of urine suprapubic pain sharp abdominal pain involuntary urination lower abdominal pain symptoms of bladder,Bladder Disorder,Cystitis,0.5108549655105891,1.1635308081814493,"['Cystitis', 'Temporary Or Benign Blood In Urine', 'Bladder Disorder']"
itchiness of eye allergic reaction,Seasonal Allergies (Hay Fever),Conjunctivitis Due To Allergy,0.3538790806613627,2.188323517411089,"['Conjunctivitis Due To Allergy', 'Allergy', 'Seasonal Allergies (Hay Fever)']"
sharp chest pain sharp abdominal pain,Choledocholithiasis,Sickle Cell Crisis,0.12352044208376876,3.6464413570641785,"['Sickle Cell Crisis', 'Pain After An Operation', 'Hypokalemia']"
vomiting nausea diarrhea lower abdominal pain burning abdominal pain constipation,Ileus,Diverticulitis,0.6046912880533325,1.0387474650222326,"['Diverticulitis', 'Ileus', 'Appendicitis']"
leg pain hip pain neck pain shoulder pain lower body pain,Degenerative Disc Disease,Spinal Stenosis,0.30930675239917393,1.7013619426164779,"['Spinal Stenosis', 'Degenerative Disc Disease', 'Spondylosis']"
symptoms of eye pain in eye foreign body sensation in eye lacrimation,Macular Degeneration,Iridocyclitis,0.18017924584936432,2.8118639267778107,"['Iridocyclitis', 'Cornea Infection', 'Corneal Abrasion']"
sharp abdominal pain lower abdominal pain intermenstrual bleeding pain during pregnancy problems during pregnancy spotting or bleeding during pregnancy blood clots during menstrual periods heavy menstrual flow,Vaginal Cyst,Spontaneous Abortion,0.5459107168949335,0.7918465682354279,"['Spontaneous Abortion', 'Vaginal Cyst', 'Threatened Pregnancy']"
abnormal involuntary movements headache loss of sensation,Bell Palsy,Multiple Sclerosis,0.3963007077347387,2.570038849458604,"['Multiple Sclerosis', 'Bell Palsy', 'Muscle Spasm']"
abnormal involuntary movements problems with movement disturbance of memory leg weakness,Peripheral Nerve Disorder,Multiple Sclerosis,0.4698762955817572,1.428896775651792,"['Multiple Sclerosis', 'Peripheral Nerve Disorder', 'Parkinson Disease']"
sharp chest pain sharp abdominal pain heartburn upper abdominal pain,Hiatal Hernia,Esophagitis,0.24637580306799972,2.212744995050539,"['Esophagitis', 'Gallstone', 'Hiatal Hernia']"
abnormal appearing skin acne or pimples skin growth itching of skin skin dryness peeling scaliness or roughness skin irritation,Fungal Infection Of The Hair,Skin Disorder,0.3962604789712578,1.9264181323690968,"['Skin Disorder', 'Fungal Infection Of The Hair', 'Skin Polyp']"
hip pain arm pain back pain knee pain ache all over,Sickle Cell Crisis,Spondylosis,0.5581358277276113,1.2708293017462573,"['Spondylosis', 'Sickle Cell Crisis', 'Arthritis Of The Hip']"
cough nasal congestion headache fever,Interstitial Lung Disease,Acute Bronchitis,0.2683674046917599,2.4765365224069895,"['Acute Bronchitis', 'Interstitial Lung Disease', 'Nose Disorder']"
intermenstrual bleeding heavy menstrual flow unpredictable menstruation painful menstruation,Uterine Fibroids,Idiopathic Excessive Menstruation,0.35353530407273714,1.6264656331906202,"['Idiopathic Excessive Menstruation', 'Idiopathic Irregular Menstrual Cycle', 'Uterine Fibroids']"
abnormal appearing skin allergic reaction skin rash,Allergy,Drug Reaction,0.3345336053637333,2.5030569447187787,"['Drug Reaction', 'Food Allergy', 'Allergy']"
acne or pimples skin growth skin moles,Viral Warts,Atrophic Skin Condition,0.189635226677917,2.7274842737351053,"['Atrophic Skin Condition', 'Sebaceous Cyst', 'Skin Polyp']"
sore throat cough vomiting fever chills,Flu,Pneumonia,0.2664036135856669,2.097056050394562,"['Pneumonia', 'Common Cold', 'Flu']"
diminished vision double vision pain in eye abnormal movement of eyelid spots or clouds in vision itchiness of eye,Cataract,Diabetic Retinopathy,0.31080701304615593,1.559387413037684,"['Diabetic Retinopathy', 'Cataract', 'Macular Degeneration']"
blood in stool headache diarrhea decreased appetite chills fluid retention,Infectious Gastroenteritis,Noninfectious Gastroenteritis,0.5399466987421945,0.7867384970965983,"['Noninfectious Gastroenteritis', 'Infectious Gastroenteritis', 'Diabetic Ketoacidosis']"
nasal congestion diminished hearing fluid in ear fever,Ear Wax Impaction,Acute Otitis Media,0.38678343410612065,1.842187667123285,"['Acute Otitis Media', 'Ear Wax Impaction', 'Otitis Media']"
hand or finger swelling foot or toe pain,Paronychia,Gout,0.33261459277232575,2.189309499940193,"['Gout', 'Pyogenic Skin Infection', 'Paronychia']"
acne or pimples skin moles skin rash,Skin Pigmentation Disorder,Contact Dermatitis,0.20023207806957533,2.6480869715592785,"['Contact Dermatitis', 'Skin Pigmentation Disorder', 'Acne']"
cough nasal congestion wheezing coryza pulling at ears,Acute Bronchiolitis,Croup,0.5338531023501879,1.5836282540353481,"['Croup', 'Acute Bronchiolitis', 'Otitis Media']"
skin swelling abnormal appearing skin skin lesion foot or toe pain foot or toe swelling,Callus,Pyogenic Skin Infection,0.47972963021258824,1.811638026179157,"['Pyogenic Skin Infection', 'Callus', 'Diabetic Peripheral Neuropathy']"
blood in stool sharp abdominal pain vomiting fever chills fluid retention,Noninfectious Gastroenteritis,Infectious Gastroenteritis,0.6003687888699423,0.9222089304181792,"['Infectious Gastroenteritis', 'Noninfectious Gastroenteritis', 'Diverticulitis']"
leg pain back pain neck pain low back pain lower body pain,Spondylosis,Chronic Back Pain,0.2236511477857754,2.2751194473195904,"['Chronic Back Pain', 'Spondylitis', 'Degenerative Disc Disease']"
neck pain low back pain side pain,Chronic Back Pain,Pain After An Operation,0.22871696873025532,2.8228502068060015,"['Pain After An Operation', 'Sprain Or Strain', 'Spondylitis']"
skin swelling skin lesion irregular appearing scalp skin moles skin dryness peeling scaliness or roughness skin rash,Dermatitis Due To Sun Exposure,Skin Pigmentation Disorder,0.21249731644855444,2.360556116432897,"['Skin Pigmentation Disorder', 'Actinic Keratosis', 'Psoriasis']"
skin lesion skin dryness peeling scaliness or roughness skin irritation,Fungal Infection Of The Hair,Contact Dermatitis,0.17236486556325126,2.456921557638303,"['Contact Dermatitis', 'Skin Disorder', 'Eczema']"
sharp chest pain vomiting regurgitation 1,Gallstone,Gastritis,0.28005520447654697,3.7744739781729497,"['Gastritis', 'Gallstone', 'Cholecystitis']"
symptoms of eye abnormal movement of eyelid itchiness of eye,Cataract,Diabetic Retinopathy,0.3231708573316726,2.4405779849758993,"['Diabetic Retinopathy', 'Dry Eye Of Unknown Cause', 'Cataract']"
skin swelling abnormal appearing skin acne or pimples irregular appearing scalp itching of skin warts,Seborrheic Keratosis,Skin Polyp,0.27513774032217453,1.9223273105883987,"['Skin Polyp', 'Skin Pigmentation Disorder', 'Eczema']"
retention of urine vomiting lower abdominal pain back pain side pain,Urinary Tract Infection,Kidney Stone,0.537020725698756,1.6816986891276946,"['Kidney Stone', 'Urinary Tract Infection', 'Chronic Constipation']"
abnormal appearing skin skin lesion irregular appearing scalp itching of skin itchy scalp skin rash,Psoriasis,Fungal Infection Of The Skin,0.32229038682150046,1.6696617883620117,"['Fungal Infection Of The Skin', 'Psoriasis', 'Fungal Infection Of The Hair']"
lower abdominal pain intermenstrual bleeding,Idiopathic Irregular Menstrual Cycle,Pelvic Inflammatory Disease,0.29440607135548325,2.8191543668052703,"['Pelvic Inflammatory Disease', 'Threatened Pregnancy', 'Ovarian Cyst']"
back pain knee pain,Ankylosing Spondylitis,Spondylosis,0.22689539582381066,2.8070543540838626,"['Spondylosis', 'Osteoarthritis', 'Sprain Or Strain']"
depression hostile behavior temper problems hysterical behavior,Psychotic Disorder,Schizophrenia,0.3348476190564617,1.925918561559886,"['Schizophrenia', 'Psychotic Disorder', 'Conduct Disorder']"
cough vomiting decreased appetite,Herpangina,Acute Bronchiolitis,0.15661703871180274,3.1332715155394135,"['Acute Bronchiolitis', 'Sepsis', 'Strep Throat']"
diminished vision double vision symptoms of eye pain in eye abnormal movement of eyelid foreign body sensation in eye spots or clouds in vision itchiness of eye,Macular Degeneration,Diabetic Retinopathy,0.3835103451240042,1.3210402907384495,"['Diabetic Retinopathy', 'Dry Eye Of Unknown Cause', 'Macular Degeneration']"
nasal congestion diminished hearing abnormal breathing sounds,Tonsillitis,Eustachian Tube Dysfunction (Ear Disorder),0.3802046615174204,2.99970798186095,"['Eustachian Tube Dysfunction (Ear Disorder)', 'Tonsillitis', 'Interstitial Lung Disease']"
depression excessive anger delusions or hallucinations,Postpartum Depression,Adjustment Reaction,0.1569422424771865,3.371871762754551,"['Adjustment Reaction', 'Social Phobia', 'Neurosis']"
sharp chest pain sore throat cough nasal congestion wheezing coryza congestion in chest,Chronic Obstructive Pulmonary Disease (Copd),Acute Bronchitis,0.49538829784000465,0.8819660322951067,"['Acute Bronchitis', 'Chronic Obstructive Pulmonary Disease (Copd)', 'Acute Bronchospasm']"
skin swelling abnormal appearing skin acne or pimples itching of skin skin rash,Skin Pigmentation Disorder,Molluscum Contagiosum,0.16019968604531126,2.9284149356645877,"['Molluscum Contagiosum', 'Seborrheic Keratosis', 'Fungal Infection Of The Skin']"
skin swelling skin lesion irregular appearing scalp skin dryness peeling scaliness or roughness,Fungal Infection Of The Skin,Hemangioma,0.13579675105808794,2.7541733161117916,"['Hemangioma', 'Skin Cancer', 'Skin Pigmentation Disorder']"
sharp chest pain wheezing fever,Acute Bronchitis,Chronic Obstructive Pulmonary Disease (Copd),0.16894774294121662,3.3925803727298423,"['Chronic Obstructive Pulmonary Disease (Copd)', 'Acute Bronchitis', 'Pneumonia']"
skin swelling abnormal appearing skin skin growth irregular appearing scalp skin moles itching of skin skin rash,Actinic Keratosis,Seborrheic Keratosis,0.2753490314783303,2.0920289135634267,"['Seborrheic Keratosis', 'Skin Pigmentation Disorder', 'Psoriasis']"
retention of urine suprapubic pain vomiting frequent urination blood in urine back pain side pain,Kidney Stone,Urinary Tract Infection,0.5068874995511446,1.0464512817939027,"['Urinary Tract Infection', 'Kidney Stone', 'Cystitis']"
sore throat nasal congestion wheezing coryza,Croup,Acute Bronchitis,0.20545370992624568,2.5803226726999324,"['Acute Bronchitis', 'Croup', 'Chronic Obstructive Pulmonary Disease (Copd)']"
foreign body sensation in eye eye redness,Iridocyclitis,Dry Eye Of Unknown Cause,0.18946970091845644,2.6512186070605277,"['Dry Eye Of Unknown Cause', 'Iridocyclitis', 'Myopia']"
retention of urine suprapubic pain painful urination blood in urine back pain side pain,Urinary Tract Obstruction,Urinary Tract Infection,0.31326953659810447,1.7726571249037542,"['Urinary Tract Infection', 'Cystitis', 'Urinary Tract Obstruction']"
sharp abdominal pain cramps and spasms heavy menstrual flow painful menstruation,Uterine Fibroids,Idiopathic Irregular Menstrual Cycle,0.3317149381061914,1.934572520408637,"['Idiopathic Irregular Menstrual Cycle', 'Idiopathic Painful Menstruation', 'Uterine Fibroids']"
hip pain back pain neck pain loss of sensation paresthesia leg weakness,Spondylolisthesis,Herniated Disk,0.4693055818970134,1.067250428586965,"['Herniated Disk', 'Spondylolisthesis', 'Degenerative Disc Disease']"
arm pain shoulder pain,Spondylosis,Injury To The Shoulder,0.14812990662093292,3.0291360296615055,"['Injury To The Shoulder', 'Herniated Disk', 'Spinal Stenosis']"
nasal congestion facial pain difficulty breathing,Deviated Nasal Septum,Nose Disorder,0.42063395741433146,1.8390377626110488,"['Nose Disorder', 'Deviated Nasal Septum', 'Sialoadenitis']"
insomnia temper problems fears and phobias hysterical behavior,Psychotic Disorder,Schizophrenia,0.5301095356419205,0.9319694643476896,"['Schizophrenia', 'Psychotic Disorder', 'Personality Disorder']"
leg pain hip pain low back pain knee pain,Chronic Pain Disorder,Spondylosis,0.20355418728725816,2.252416650417866,"['Spondylosis', 'Sickle Cell Crisis', 'Chronic Pain Disorder']"
suprapubic pain sharp abdominal pain painful urination blood in urine back pain side pain,Urinary Tract Obstruction,Cystitis,0.2716366205022036,1.8920081707342882,"['Cystitis', 'Pyelonephritis', 'Urinary Tract Obstruction']"
anxiety and nervousness depressive or psychotic symptoms insomnia,Acute Stress Reaction,Panic Disorder,0.11351754469658282,3.1851210431742807,"['Panic Disorder', 'Acute Stress Reaction', 'Anxiety']"
sharp abdominal pain lower abdominal pain long menstrual periods,Idiopathic Absence Of Menstruation,Idiopathic Irregular Menstrual Cycle,0.35504603597055867,2.8516776430305666,"['Idiopathic Irregular Menstrual Cycle', 'Idiopathic Absence Of Menstruation', 'Idiopathic Painful Menstruation']"
skin swelling skin lesion skin moles skin irritation,Seborrheic Keratosis,Contact Dermatitis,0.18101766405741854,2.4472208987211284,"['Contact Dermatitis', 'Skin Polyp', 'Skin Disorder']"
sharp chest pain nasal congestion wheezing fever coughing up sputum congestion in chest,Chronic Obstructive Pulmonary Disease (Copd),Acute Bronchitis,0.4936118569749069,0.8983246981118387,"['Acute Bronchitis', 'Chronic Obstructive Pulmonary Disease (Copd)', 'Asthma']"
symptoms of eye foreign body sensation in eye spots or clouds in vision eye redness lacrimation,Glaucoma,Dry Eye Of Unknown Cause,0.28656991138738536,1.9244805725987497,"['Dry Eye Of Unknown Cause', 'Glaucoma', 'Cornea Infection']"
anxiety and nervousness depressive or psychotic symptoms abusing alcohol,Alcohol Abuse,Bipolar Disorder,0.132477182917026,3.1289387064044236,"['Bipolar Disorder', 'Marijuana Abuse', 'Eating Disorder']"
hip pain arm pain back pain neck pain loss of sensation paresthesia,Spinal Stenosis,Herniated Disk,0.3090654611017798,1.804931236669951,"['Herniated Disk', 'Degenerative Disc Disease', 'Spondylosis']"
anxiety and nervousness depressive or psychotic symptoms insomnia hostile behavior drug abuse,Post-Traumatic Stress Disorder (Ptsd),Neurosis,0.294083708130103,1.9978974968760768,"['Neurosis', 'Post-Traumatic Stress Disorder (Ptsd)', 'Personality Disorder']"
shortness of breath sharp chest pain sore throat coryza,Pneumonia,Acute Bronchitis,0.21293901109429045,2.5647744007244864,"['Acute Bronchitis', 'Pneumonia', 'Chronic Obstructive Pulmonary Disease (Copd)']"
symptoms of eye pain in eye foreign body sensation in eye lacrimation,Glaucoma,Iridocyclitis,0.18017924584936432,2.8118639267778107,"['Iridocyclitis', 'Cornea Infection', 'Corneal Abrasion']"
problems with movement leg weakness,Multiple Sclerosis,Sciatica,0.23589835225156972,2.653884557537319,"['Sciatica', 'Peripheral Nerve Disorder', 'Multiple Sclerosis']"
leg pain hip pain neck pain shoulder pain lower body pain,Spondylosis,Spinal Stenosis,0.30930675239917393,1.7013619426164779,"['Spinal Stenosis', 'Degenerative Disc Disease', 'Spondylosis']"
leg pain arm pain loss of sensation,Neuralgia,Herniated Disk,0.21241837837796124,2.613112385423915,"['Herniated Disk', 'Peripheral Nerve Disorder', 'Muscle Spasm']"
vomiting nausea burning abdominal pain upper abdominal pain,Acute Pancreatitis,Esophagitis,0.22061873075123842,2.498426029147332,"['Esophagitis', 'Acute Pancreatitis', 'Gallstone']"
retention of urine suprapubic pain vomiting painful urination frequent urination lower abdominal pain side pain,Urinary Tract Infection,Kidney Stone,0.49568320461865023,0.9896658846867876,"['Kidney Stone', 'Urinary Tract Infection', 'Cystitis']"
diarrhea heartburn melena rectal bleeding,Rectal Disorder,Diverticulosis,0.6607464957532545,1.1404141786681374,"['Diverticulosis', 'Rectal Disorder', 'Gastrointestinal Hemorrhage']"
skin swelling abnormal appearing skin acne or pimples irregular appearing scalp,Skin Polyp,Fungal Infection Of The Skin,0.1274627938592663,3.039276270211812,"['Fungal Infection Of The Skin', 'Eczema', 'Skin Polyp']"
sharp abdominal pain,Chronic Constipation,Pleural Effusion,0.05677067319817459,4.3384003071788175,"['Pleural Effusion', 'Pyelonephritis', 'Esophagitis']"
diminished vision pain in eye spots or clouds in vision eye redness itchiness of eye,Cornea Infection,Blepharitis,0.19719330756670514,2.269535918443448,"['Blepharitis', 'Glaucoma', 'Cornea Infection']"
hip pain back pain muscle pain,Osteoarthritis,Fibromyalgia,0.46378369732666386,1.5881512015086776,"['Fibromyalgia', 'Osteoarthritis', 'Ischemic Heart Disease']"
leg pain arm pain back pain low back pain problems with movement paresthesia,Complex Regional Pain Syndrome,Spinal Stenosis,0.48568316783747906,1.4984148168485385,"['Spinal Stenosis', 'Complex Regional Pain Syndrome', 'Peripheral Nerve Disorder']"
sore throat ear pain coryza,Otitis Media,Acute Sinusitis,0.1774470484601978,3.1108432226111424,"['Acute Sinusitis', 'Common Cold', 'Nose Disorder']"
hip pain headache arm pain neck pain low back pain loss of sensation shoulder pain,Spinal Stenosis,Neuralgia,0.5924013816992038,1.041218360062464,"['Neuralgia', 'Spinal Stenosis', 'Brachial Neuritis']"
depression dizziness,Panic Disorder,Acute Stress Reaction,0.1854396368552338,4.53945836994183,"['Acute Stress Reaction', 'Panic Disorder', 'Gastrointestinal Hemorrhage']"
skin lesion warts,Molluscum Contagiosum,Eczema,0.20971336497353604,3.9306982673200417,"['Eczema', 'Viral Warts', 'Skin Cancer']"
suprapubic pain painful urination frequent urination blood in urine back pain side pain,Kidney Stone,Urinary Tract Infection,0.25592589524376524,1.9145090392879454,"['Urinary Tract Infection', 'Cystitis', 'Urinary Tract Obstruction']"
fever sinus congestion painful sinuses,Acute Sinusitis,Chronic Sinusitis,0.3332495985303717,1.7202746147844619,"['Chronic Sinusitis', 'Nose Disorder', 'Acute Sinusitis']"
sharp abdominal pain headache burning abdominal pain decreased appetite chills fluid retention,Noninfectious Gastroenteritis,Infectious Gastroenteritis,0.49695001046538745,0.869303596492423,"['Infectious Gastroenteritis', 'Noninfectious Gastroenteritis', 'Sepsis']"
sharp abdominal pain nausea side pain upper abdominal pain,Acute Pancreatitis,Cholecystitis,0.19445055749742288,2.62576820381262,"['Cholecystitis', 'Gallstone', 'Acute Pancreatitis']"
depression depressive or psychotic symptoms excessive anger delusions or hallucinations temper problems,Bipolar Disorder,Post-Traumatic Stress Disorder (Ptsd),0.18706850510192335,2.684120971325278,"['Post-Traumatic Stress Disorder (Ptsd)', 'Personality Disorder', 'Bipolar Disorder']"
blood in stool nausea diarrhea heartburn upper abdominal pain,Diverticulosis,Liver Disease,0.4726820692257008,1.2310930436723595,"['Liver Disease', 'Diverticulosis', 'Gastroduodenal Ulcer']"
suprapubic pain vaginal itching lower abdominal pain vaginal pain,Vaginitis,Vaginal Yeast Infection,0.5143322990534194,1.3736924062729716,"['Vaginal Yeast Infection', 'Vaginitis', 'Yeast Infection']"
nausea diarrhea lower abdominal pain burning abdominal pain upper abdominal pain,Diverticulitis,Appendicitis,0.3188450941142809,1.9263156066913898,"['Appendicitis', 'Diverticulitis', 'Irritable Bowel Syndrome']"
anxiety and nervousness depressive or psychotic symptoms abusing alcohol delusions or hallucinations fears and phobias,Bipolar Disorder,Marijuana Abuse,0.3200015950929808,1.9273387801325899,"['Marijuana Abuse', 'Bipolar Disorder', 'Psychotic Disorder']"
abnormal appearing skin irregular appearing scalp skin moles itching of skin skin rash,Skin Pigmentation Disorder,Seborrheic Keratosis,0.3495917828092175,2.1420234933249485,"['Seborrheic Keratosis', 'Skin Pigmentation Disorder', 'Psoriasis']"
suprapubic pain sharp abdominal pain vomiting frequent urination blood in urine back pain side pain,Kidney Stone,Pyelonephritis,0.49827467568973666,1.171936840302435,"['Pyelonephritis', 'Kidney Stone', 'Urinary Tract Infection']"
suprapubic pain painful urination blood in urine symptoms of bladder,Bladder Disorder,Temporary Or Benign Blood In Urine,0.35642892237770096,2.001364376111235,"['Temporary Or Benign Blood In Urine', 'Bladder Disorder', 'Cystitis']"
sharp chest pain burning abdominal pain upper abdominal pain,Cholecystitis,Acute Pancreatitis,0.2891766056371838,2.235287160039979,"['Acute Pancreatitis', 'Gallstone', 'Cholecystitis']"
skin swelling abnormal appearing skin skin lesion acne or pimples irregular appearing scalp skin moles,Skin Polyp,Skin Pigmentation Disorder,0.17098041968279973,2.557955864292178,"['Skin Pigmentation Disorder', 'Skin Polyp', 'Skin Disorder']"
sharp abdominal pain vomiting painful urination low back pain side pain,Pyelonephritis,Kidney Stone,0.6098979264886846,1.0561665876651332,"['Kidney Stone', 'Pyelonephritis', 'Pelvic Inflammatory Disease']"
abnormal appearing skin acne or pimples skin dryness peeling scaliness or roughness warts skin rash,Molluscum Contagiosum,Skin Pigmentation Disorder,0.3995055189958165,1.6369276677918445,"['Skin Pigmentation Disorder', 'Eczema', 'Molluscum Contagiosum']"
skin swelling abnormal appearing skin skin lesion skin growth skin moles itching of skin skin irritation,Skin Polyp,Skin Disorder,0.2773405950473495,2.1693923870258116,"['Skin Disorder', 'Skin Polyp', 'Seborrheic Keratosis']"
hip pain back pain paresthesia,Herniated Disk,Ankylosing Spondylitis,0.3568195999489199,2.7851339330878053,"['Ankylosing Spondylitis', 'Degenerative Disc Disease', 'Spondylosis']"
hoarse voice ear pain,Sensorineural Hearing Loss,Conductive Hearing Loss,0.34236410540925827,2.6969858502643884,"['Conductive Hearing Loss', 'Sensorineural Hearing Loss', 'Laryngitis']"
anxiety and nervousness depressive or psychotic symptoms insomnia abusing alcohol hostile behavior excessive anger delusions or hallucinations temper problems,Psychotic Disorder,Post-Traumatic Stress Disorder (Ptsd),0.41421652312242946,1.4304803491526714,"['Post-Traumatic Stress Disorder (Ptsd)', 'Psychotic Disorder', 'Depression']"
suprapubic pain sharp abdominal pain involuntary urination symptoms of bladder,Cystitis,Bladder Disorder,0.3213460858809174,1.893380976332233,"['Bladder Disorder', 'Cystitis', 'Temporary Or Benign Blood In Urine']"
blood in stool sharp abdominal pain chills,Infectious Gastroenteritis,Diverticulitis,0.6813295773648966,1.3835618841715704,"['Diverticulitis', 'Noninfectious Gastroenteritis', 'Infectious Gastroenteritis']"
pain of the anus heartburn melena rectal bleeding constipation,Hemorrhoids,Rectal Disorder,0.6288917501834131,0.8372739856302582,"['Rectal Disorder', 'Hemorrhoids', 'Diverticulosis']"
sharp chest pain cough nasal congestion weakness,Pulmonary Congestion,Pneumonia,0.4529264914293351,2.130323345770149,"['Pneumonia', 'Pulmonary Congestion', 'Chronic Obstructive Pulmonary Disease (Copd)']"
cough diminished vision pain in eye eye redness itchiness of eye swollen eye,Conjunctivitis Due To Virus,Conjunctivitis Due To Allergy,0.41104564140856403,1.726744443461478,"['Conjunctivitis Due To Allergy', 'Conjunctivitis Due To Virus', 'Blepharitis']"
depressive or psychotic symptoms delusions or hallucinations,Delirium,Alcohol Withdrawal,0.10995321010807865,4.006660466305982,"['Alcohol Withdrawal', 'Developmental Disability', 'Drug Abuse']"
pain in eye foreign body sensation in eye spots or clouds in vision itchiness of eye,Macular Degeneration,Cornea Infection,0.18145856219339848,2.3284854612226877,"['Cornea Infection', 'Chronic Glaucoma', 'Glaucoma']"
retention of urine sharp abdominal pain painful urination frequent urination side pain,Kidney Stone,Prostatitis,0.2260131849075923,2.20263799848937,"['Prostatitis', 'Kidney Stone', 'Cystitis']"
lower abdominal pain cramps and spasms heavy menstrual flow painful menstruation,Idiopathic Painful Menstruation,Idiopathic Irregular Menstrual Cycle,0.44526116413625744,1.6740248249456566,"['Idiopathic Irregular Menstrual Cycle', 'Idiopathic Painful Menstruation', 'Uterine Fibroids']"
pain in eye spots or clouds in vision eye redness lacrimation,Dry Eye Of Unknown Cause,Blepharitis,0.20553875732630497,2.2824266688798938,"['Blepharitis', 'Glaucoma', 'Cornea Infection']"
sharp chest pain nasal congestion coughing up sputum coryza,Asthma,Acute Bronchitis,0.33155910121726473,1.6914835570246676,"['Acute Bronchitis', 'Chronic Obstructive Pulmonary Disease (Copd)', 'Asthma']"
shortness of breath wheezing congestion in chest,Acute Bronchitis,Chronic Obstructive Pulmonary Disease (Copd),0.375607973748003,2.5470547528180827,"['Chronic Obstructive Pulmonary Disease (Copd)', 'Acute Bronchitis', 'Acute Respiratory Distress Syndrome (Ards)']"
shortness of breath nasal congestion coryza pulling at ears,Croup,Acute Bronchiolitis,0.4486387399656878,2.117889258608347,"['Acute Bronchiolitis', 'Croup', 'Otitis Media']"
sharp abdominal pain headache diarrhea fever chills fluid retention,Infectious Gastroenteritis,Noninfectious Gastroenteritis,0.49340471288782484,0.9505407640430749,"['Noninfectious Gastroenteritis', 'Infectious Gastroenteritis', 'Gastritis']"
leg pain headache arm pain back pain neck pain ache all over,Fibromyalgia,Neuralgia,0.5747537989945097,1.321287073032536,"['Neuralgia', 'Fibromyalgia', 'Sprain Or Strain']"
retention of urine involuntary urination blood in urine,Erectile Dysfunction,Pelvic Organ Prolapse,0.19667631741447061,2.687262391577632,"['Pelvic Organ Prolapse', 'Erectile Dysfunction', 'Urge Incontinence']"
retention of urine involuntary urination frequent urination lower abdominal pain symptoms of bladder,Bladder Disorder,Cystitis,0.3809061049825313,1.437481717979462,"['Cystitis', 'Temporary Or Benign Blood In Urine', 'Bladder Disorder']"
nasal congestion facial pain ear pain coryza sinus congestion painful sinuses,Acute Sinusitis,Nose Disorder,0.5199411186090432,0.794423363446325,"['Nose Disorder', 'Acute Sinusitis', 'Chronic Sinusitis']"
arm pain paresthesia arm weakness,Herniated Disk,Peripheral Nerve Disorder,0.40644741702709103,1.480090304846816,"['Peripheral Nerve Disorder', 'Herniated Disk', 'Carpal Tunnel Syndrome']"
abnormal appearing skin acne or pimples skin growth skin moles itching of skin,Rosacea,Seborrheic Keratosis,0.2641542509689191,2.218570789835572,"['Seborrheic Keratosis', 'Skin Polyp', 'Skin Disorder']"
lip swelling toothache facial pain jaw swelling gum pain pain in gums,Gum Disease,Tooth Abscess,0.5757631387885737,1.0505625177198816,"['Tooth Abscess', 'Gum Disease', 'Dental Caries']"
diminished vision symptoms of eye abnormal movement of eyelid foreign body sensation in eye lacrimation,Macular Degeneration,Diabetic Retinopathy,0.42237173367546416,1.5128348472836806,"['Diabetic Retinopathy', 'Dry Eye Of Unknown Cause', 'Macular Degeneration']"
sharp abdominal pain vomiting nausea decreased appetite chills,Choledocholithiasis,Infectious Gastroenteritis,0.3372662047755089,2.0723102671901383,"['Infectious Gastroenteritis', 'Noninfectious Gastroenteritis', 'Choledocholithiasis']"
depressive or psychotic symptoms lack of growth temper problems,Autism,Conduct Disorder,0.2314969119681807,2.866757005491477,"['Conduct Disorder', 'Attention Deficit Hyperactivity Disorder (Adhd)', 'Obsessive Compulsive Disorder (Ocd)']"
shortness of breath sore throat nasal congestion fever coughing up sputum,Chronic Obstructive Pulmonary Disease (Copd),Acute Bronchitis,0.4551186373885561,1.7684796355787853,"['Acute Bronchitis', 'Chronic Obstructive Pulmonary Disease (Copd)', 'Acute Sinusitis']"
hand or finger pain wrist pain hand or finger swelling wrist swelling joint pain,Injury To The Arm,Gout,0.3667062482365932,1.4747134079390471,"['Gout', 'Rheumatoid Arthritis', 'Injury To The Arm']"
headache arm pain neck pain low back pain shoulder pain,Brachial Neuritis,Neuralgia,0.2788768026106381,1.878321907299238,"['Neuralgia', 'Spinal Stenosis', 'Sprain Or Strain']"
sharp chest pain difficulty in swallowing sharp abdominal pain nausea heartburn upper abdominal pain,Esophagitis,Hiatal Hernia,0.4844643671876738,1.0519282597675395,"['Hiatal Hernia', 'Esophagitis', 'Gallstone']"
shortness of breath sharp chest pain coughing up sputum,Acute Bronchitis,Asthma,0.3045450877606059,2.495840404094516,"['Asthma', 'Chronic Obstructive Pulmonary Disease (Copd)', 'Acute Bronchitis']"
nasal congestion ear pain plugged feeling in ear fever coryza,Otitis Media,Acute Otitis Media,0.4614198516550095,1.7954290180302386,"['Acute Otitis Media', 'Otitis Media', 'Chronic Otitis Media']"
retention of urine symptoms of bladder,Urge Incontinence,Bladder Disorder,0.21548527465082978,2.8884990746577017,"['Bladder Disorder', 'Benign Prostatic Hyperplasia (Bph)', 'Temporary Or Benign Blood In Urine']"
abnormal appearing skin skin growth itching of skin,Rosacea,Seborrheic Keratosis,0.19310178337134604,3.1310830970359183,"['Seborrheic Keratosis', 'Skin Disorder', 'Fungal Infection Of The Hair']"
cough eye redness itchiness of eye swollen eye,Conjunctivitis Due To Virus,Conjunctivitis,0.3645292346217891,2.1771047936925805,"['Conjunctivitis', 'Conjunctivitis Due To Allergy', 'Conjunctivitis Due To Virus']"
palpitations irregular heartbeat peripheral edema,Aortic Valve Disease,Heart Block,0.5174691183795782,1.911869825905742,"['Heart Block', 'Aortic Valve Disease', 'Panic Disorder']"
vomiting nausea burning abdominal pain upper abdominal pain stomach bloating,Appendicitis,Cholecystitis,0.4808808817983783,1.2583434472158148,"['Cholecystitis', 'Appendicitis', 'Intestinal Obstruction']"
hostile behavior temper problems low self esteem,Obsessive Compulsive Disorder (Ocd),Personality Disorder,0.30585542049344505,2.08912221723671,"['Personality Disorder', 'Oppositional Disorder', 'Schizophrenia']"
leg pain back pain neck pain low back pain side pain,Spondylitis,Pain After An Operation,0.341706410957916,2.3629173549844724,"['Pain After An Operation', 'Spondylitis', 'Sprain Or Strain']"
skin swelling abnormal appearing skin skin moles itching of skin skin irritation skin rash,Contact Dermatitis,Seborrheic Keratosis,0.3767173005504533,1.9767764953280835,"['Seborrheic Keratosis', 'Contact Dermatitis', 'Actinic Keratosis']"
sharp abdominal pain painful urination vaginal redness,Vaginitis,Benign Vaginal Discharge (Leukorrhea),0.4541688048845316,2.1609966992174647,"['Benign Vaginal Discharge (Leukorrhea)', 'Vaginal Yeast Infection', 'Vaginitis']"
depression depressive or psychotic symptoms insomnia abusing alcohol excessive anger delusions or hallucinations fears and phobias,Social Phobia,Bipolar Disorder,0.3682758165139039,1.4462555498772791,"['Bipolar Disorder', 'Social Phobia', 'Psychotic Disorder']"
sharp chest pain chest tightness weakness,Heart Failure,Pulmonary Embolism,0.11912514820330543,3.5020648513672636,"['Pulmonary Embolism', 'Sinus Bradycardia', 'Hypertensive Heart Disease']"
shortness of breath sharp chest pain sore throat nasal congestion fever coughing up sputum congestion in chest,Acute Bronchitis,Chronic Obstructive Pulmonary Disease (Copd),0.5566102842832462,0.7990084458912238,"['Chronic Obstructive Pulmonary Disease (Copd)', 'Acute Bronchitis', 'Pneumonia']"
painful urination frequent urination lower abdominal pain blood in urine back pain,Prostatitis,Pyelonephritis,0.26414023011219145,2.008799726379875,"['Pyelonephritis', 'Urinary Tract Infection', 'Cystitis']"
sore throat nasal congestion,Oral Thrush (Yeast Infection),Conjunctivitis,0.09465847609844508,3.3390594732613623,"['Conjunctivitis', 'Strep Throat', 'Pneumonia']"
skin swelling abnormal appearing skin skin lesion acne or pimples irregular appearing scalp,Fungal Infection Of The Skin,Eczema,0.13696409193173956,2.817905909971554,"['Eczema', 'Fungal Infection Of The Skin', 'Skin Disorder']"
toothache mouth ulcer ear pain jaw swelling pain in gums,Gum Disease,Tooth Disorder,0.4750920725813968,1.1077565166839995,"['Tooth Disorder', 'Gum Disease', 'Dental Caries']"
leg pain sharp abdominal pain low back pain knee pain ache all over,Sickle Cell Crisis,Chronic Pain Disorder,0.5549371963819598,1.1201413243255558,"['Chronic Pain Disorder', 'Sickle Cell Crisis', 'Spondylosis']"
abnormal appearing skin itchy scalp skin rash,Psoriasis,Fungal Infection Of The Skin,0.3723173608893825,1.8338782879141657,"['Fungal Infection Of The Skin', 'Psoriasis', 'Fungal Infection Of The Hair']"
sharp abdominal pain lower abdominal pain vaginal discharge pelvic pain cramps and spasms blood clots during menstrual periods,Threatened Pregnancy,Idiopathic Painful Menstruation,0.500582958624082,1.4014407256514885,"['Idiopathic Painful Menstruation', 'Threatened Pregnancy', 'Vaginal Cyst']"
suprapubic pain lower abdominal pain blood in urine,Cystitis,Urinary Tract Infection,0.25723280077864297,2.5554175087446156,"['Urinary Tract Infection', 'Pyelonephritis', 'Cystitis']"
skin lesion acne or pimples allergic reaction skin rash,Contact Dermatitis,Eczema,0.47627791565103766,1.5890249256075903,"['Eczema', 'Contact Dermatitis', 'Molluscum Contagiosum']"
anxiety and nervousness depressive or psychotic symptoms excessive anger delusions or hallucinations,Marijuana Abuse,Neurosis,0.11935190613468688,3.0127376339864718,"['Neurosis', 'Personality Disorder', 'Bipolar Disorder']"
anxiety and nervousness hostile behavior antisocial behavior,Drug Abuse,Attention Deficit Hyperactivity Disorder (Adhd),0.3044636436636006,3.095095131587786,"['Attention Deficit Hyperactivity Disorder (Adhd)', 'Drug Abuse', 'Autism']"
anxiety and nervousness depression depressive or psychotic symptoms insomnia excessive anger temper problems,Bipolar Disorder,Dysthymic Disorder,0.1544664655688106,2.4934673019944475,"['Dysthymic Disorder', 'Psychotic Disorder', 'Bipolar Disorder']"
skin swelling irregular appearing scalp skin rash,Dermatitis Due To Sun Exposure,Psoriasis,0.20628764189093698,3.0648638511619133,"['Psoriasis', 'Skin Pigmentation Disorder', 'Acne']"
leg pain foot or toe pain leg swelling foot or toe swelling,Pyogenic Skin Infection,Injury To The Leg,0.32858050050343035,2.126687623810035,"['Injury To The Leg', 'Pyogenic Skin Infection', 'Gout']"
cough nausea diarrhea fever,Flu,White Blood Cell Disease,0.314893470870456,2.8097693735207088,"['White Blood Cell Disease', 'Flu', 'Hypovolemia']"
sharp chest pain nausea back pain side pain lower body pain upper abdominal pain regurgitation 1,Cholecystitis,Gallstone,0.5414104129253213,0.86859945953397,"['Gallstone', 'Cholecystitis', 'Acute Pancreatitis']"
leg pain hip pain back pain paresthesia shoulder pain,Degenerative Disc Disease,Spondylosis,0.24994026681572995,2.0674914132284123,"['Spondylosis', 'Degenerative Disc Disease', 'Herniated Disk']"
vaginal itching lower abdominal pain pelvic pain,Idiopathic Painful Menstruation,Idiopathic Absence Of Menstruation,0.44747503107229125,2.0811958549940592,"['Idiopathic Absence Of Menstruation', 'Idiopathic Painful Menstruation', 'Vaginitis']"
skin lesion allergic reaction itching of skin skin dryness peeling scaliness or roughness skin rash,Contact Dermatitis,Eczema,0.44229811467052105,1.476915937764059,"['Eczema', 'Contact Dermatitis', 'Itching Of Unknown Cause']"
sore throat nasal congestion diminished hearing fever,Otitis Media,Acute Otitis Media,0.33614395808994124,2.862843570138005,"['Acute Otitis Media', 'Otitis Media', 'Tonsillitis']"
anxiety and nervousness insomnia delusions or hallucinations,Personality Disorder,Schizophrenia,0.1454767558723846,3.252898073377743,"['Schizophrenia', 'Adjustment Reaction', 'Bipolar Disorder']"
leg pain low back pain loss of sensation paresthesia shoulder pain,Spinal Stenosis,Degenerative Disc Disease,0.3069491638806673,1.798141838351341,"['Degenerative Disc Disease', 'Herniated Disk', 'Spondylosis']"
skin swelling skin lesion skin growth irregular appearing scalp skin moles itching of skin,Actinic Keratosis,Skin Pigmentation Disorder,0.22855831000540597,2.1578968233072375,"['Skin Pigmentation Disorder', 'Seborrheic Keratosis', 'Skin Polyp']"
leg pain hip pain back pain neck pain low back pain loss of sensation,Spondylolisthesis,Neuralgia,0.17973178618907856,2.2886326087671316,"['Neuralgia', 'Spondylosis', 'Spondylolisthesis']"
sharp chest pain cough nasal congestion wheezing,Acute Bronchospasm,Chronic Obstructive Pulmonary Disease (Copd),0.2570734041761701,2.380186048516232,"['Chronic Obstructive Pulmonary Disease (Copd)', 'Pneumonia', 'Asthma']"
sharp chest pain sore throat cough nasal congestion wheezing coryza,Acute Bronchospasm,Chronic Obstructive Pulmonary Disease (Copd),0.30096222890333335,1.740573659485107,"['Chronic Obstructive Pulmonary Disease (Copd)', 'Acute Bronchitis', 'Pneumonia']"
white discharge from eye diminished vision double vision foreign body sensation in eye spots or clouds in vision eye redness itchiness of eye,Dry Eye Of Unknown Cause,Corneal Disorder,0.5484550824286879,0.9152105886513787,"['Corneal Disorder', 'Dry Eye Of Unknown Cause', 'Chronic Glaucoma']"
sharp chest pain irregular heartbeat increased heart rate sweating,Mitral Valve Disease,Heart Attack,0.31727824315525155,1.9574173662925372,"['Heart Attack', 'Mitral Valve Disease', 'Angina']"
blood in stool sharp abdominal pain vomiting nausea decreased appetite fever fluid retention,Noninfectious Gastroenteritis,Infectious Gastroenteritis,0.5040706496955007,0.8855895521832797,"['Infectious Gastroenteritis', 'Noninfectious Gastroenteritis', 'Diabetic Ketoacidosis']"
retention of urine suprapubic pain sharp abdominal pain painful urination involuntary urination lower abdominal pain blood in urine back pain,Temporary Or Benign Blood In Urine,Cystitis,0.5186036937010059,1.2838877923158671,"['Cystitis', 'Temporary Or Benign Blood In Urine', 'Bladder Disorder']"
skin swelling abnormal appearing skin skin growth irregular appearing scalp,Skin Cancer,Hemangioma,0.12988979625447278,2.9918809291640196,"['Hemangioma', 'Skin Pigmentation Disorder', 'Psoriasis']"
shortness of breath sharp chest pain cough fever difficulty breathing chills,Pneumonia,Acute Respiratory Distress Syndrome (Ards),0.4887103941986213,1.4202357499711082,"['Acute Respiratory Distress Syndrome (Ards)', 'Pneumonia', 'Sepsis']"
skin swelling skin moles,Skin Disorder,Contact Dermatitis,0.1746610609816772,3.2463100391700017,"['Contact Dermatitis', 'Skin Polyp', 'Psoriasis']"
sharp abdominal pain vomiting lower abdominal pain low back pain side pain,Pyelonephritis,Kidney Stone,0.38347671547596546,1.8075838866349256,"['Kidney Stone', 'Pain After An Operation', 'Pyelonephritis']"
abnormal appearing skin acne or pimples irregular appearing scalp skin moles warts,Skin Pigmentation Disorder,Seborrheic Keratosis,0.25998804130445136,2.1378038220277364,"['Seborrheic Keratosis', 'Skin Pigmentation Disorder', 'Skin Polyp']"
skin swelling hand or finger swelling abnormal appearing skin skin rash,Pyogenic Skin Infection,Insect Bite,0.46480904813510276,2.1142238694885913,"['Insect Bite', 'Pyogenic Skin Infection', 'Food Allergy']"
abnormal appearing skin skin lesion skin growth skin moles itching of skin,Skin Disorder,Seborrheic Keratosis,0.19674724065499358,2.5185648948620907,"['Seborrheic Keratosis', 'Skin Disorder', 'Skin Polyp']"
skin swelling abnormal appearing skin foot or toe pain foot or toe swelling skin rash,Callus,Pyogenic Skin Infection,0.49563073865656987,1.6958171733093141,"['Pyogenic Skin Infection', 'Callus', 'Onychomycosis']"
blood in stool sharp abdominal pain vomiting fever chills,Diverticulitis,Infectious Gastroenteritis,0.3898500714743593,1.8162850448297687,"['Infectious Gastroenteritis', 'Diverticulitis', 'Noninfectious Gastroenteritis']"
blood in stool sharp abdominal pain nausea diarrhea fever chills fluid retention,Infectious Gastroenteritis,Noninfectious Gastroenteritis,0.5227456225648779,0.9518707090155989,"['Noninfectious Gastroenteritis', 'Infectious Gastroenteritis', 'Diverticulitis']"
anxiety and nervousness drug abuse delusions or hallucinations,Post-Traumatic Stress Disorder (Ptsd),Postpartum Depression,0.16781699257302987,2.90957285808624,"['Postpartum Depression', 'Marijuana Abuse', 'Personality Disorder']"
abnormal appearing skin skin lesion skin growth skin moles itching of skin skin rash,Actinic Keratosis,Seborrheic Keratosis,0.2897381102339762,2.398620300162367,"['Seborrheic Keratosis', 'Psoriasis', 'Skin Pigmentation Disorder']"
pain in eye foreign body sensation in eye lacrimation,Corneal Abrasion,Iridocyclitis,0.2172586093228766,2.9321309962302413,"['Iridocyclitis', 'Cornea Infection', 'Macular Degeneration']"
leg pain low back pain lower body pain,Arthritis Of The Hip,Ankylosing Spondylitis,0.1287764810055602,2.75134084665449,"['Ankylosing Spondylitis', 'Spondylitis', 'Degenerative Disc Disease']"
diminished vision symptoms of eye pain in eye eye redness itchiness of eye,Glaucoma,Conjunctivitis Due To Allergy,0.20497466319599011,2.656737776963827,"['Conjunctivitis Due To Allergy', 'Corneal Abrasion', 'Corneal Disorder']"
vomiting nausea burning abdominal pain,Noninfectious Gastroenteritis,Esophagitis,0.1377636404229079,3.372614624137868,"['Esophagitis', 'Infectious Gastroenteritis', 'Hyperemesis Gravidarum']"
cough diminished hearing plugged feeling in ear,Ear Wax Impaction,Acute Otitis Media,0.2968338488714675,2.7389102410828685,"['Acute Otitis Media', 'Otitis Media', 'Ear Wax Impaction']"
sharp abdominal pain vomiting painful urination frequent urination blood in urine low back pain,Kidney Stone,Pyelonephritis,0.5336425458062286,0.869627505265137,"['Pyelonephritis', 'Kidney Stone', 'Urinary Tract Obstruction']"
painful urination blood in urine back pain,Temporary Or Benign Blood In Urine,Urinary Tract Obstruction,0.20149769008825572,2.6711723717573275,"['Urinary Tract Obstruction', 'Urinary Tract Infection', 'Pyelonephritis']"
arm pain arm stiffness or tightness elbow pain shoulder pain,Injury To The Shoulder,Bursitis,0.47780025398425996,1.590741310113572,"['Bursitis', 'Fracture Of The Arm', 'Injury To The Shoulder']"
white discharge from eye diminished vision symptoms of eye eye redness lacrimation itchiness of eye,Corneal Disorder,Corneal Abrasion,0.3764008200348437,1.8461321246562006,"['Corneal Abrasion', 'Corneal Disorder', 'Dry Eye Of Unknown Cause']"
depressive or psychotic symptoms weakness,Hyperkalemia,Transient Ischemic Attack,0.15595258329690198,4.2177969319685085,"['Transient Ischemic Attack', 'Hypoglycemia', 'Intracerebral Hemorrhage']"
depression depressive or psychotic symptoms sharp chest pain insomnia,Acute Stress Reaction,Anxiety,0.3815744353686302,2.129359766527686,"['Anxiety', 'Acute Stress Reaction', 'Diabetic Ketoacidosis']"
sore throat nasal congestion vomiting fever difficulty breathing,Pneumonia,Acute Bronchospasm,0.46602675834370055,1.6064114128545728,"['Acute Bronchospasm', 'Pneumonia', 'Croup']"
sharp chest pain sharp abdominal pain vomiting side pain lower body pain,Acute Pancreatitis,Cholecystitis,0.35229175352015796,2.1037963909173625,"['Cholecystitis', 'Gallstone', 'Acute Pancreatitis']"
leg pain hip pain knee pain ankle pain knee swelling,Fracture Of The Leg,Osteoarthritis,0.6439855389515822,1.3322722291062128,"['Osteoarthritis', 'Fracture Of The Leg', 'Injury To The Leg']"
sharp chest pain sharp abdominal pain vomiting,Gastritis,Sickle Cell Crisis,0.25326824422141175,2.928256005816031,"['Sickle Cell Crisis', 'Pain After An Operation', 'Hypokalemia']"
leg pain neck pain loss of sensation paresthesia,Herniated Disk,Degenerative Disc Disease,0.18510580794514306,2.357885184139242,"['Degenerative Disc Disease', 'Herniated Disk', 'Spondylosis']"
shortness of breath cough leg swelling,Heart Failure,Pulmonary Embolism,0.33227252538721186,2.438197581627975,"['Pulmonary Embolism', 'Pulmonary Congestion', 'Heart Failure']"
shortness of breath sharp chest pain sore throat nasal congestion fever difficulty breathing coryza,Acute Bronchitis,Pneumonia,0.45786997650721795,1.3338770448920974,"['Pneumonia', 'Acute Bronchospasm', 'Acute Bronchitis']"
lip swelling abnormal appearing skin skin growth warts,Viral Warts,Skin Cancer,0.47256529949645704,1.6046517142244003,"['Skin Cancer', 'Viral Warts', 'Hemangioma']"
retention of urine suprapubic pain frequent urination,Pelvic Organ Prolapse,Urinary Tract Infection,0.2657517127078118,2.463568283232519,"['Urinary Tract Infection', 'Kidney Stone', 'Urinary Tract Obstruction']"
dizziness weakness focal weakness disturbance of memory,Parkinson Disease,Multiple Sclerosis,0.4193970392990328,1.9176904409101851,"['Multiple Sclerosis', 'Parkinson Disease', 'Transient Ischemic Attack']"
anxiety and nervousness depressive or psychotic symptoms temper problems,Dysthymic Disorder,Personality Disorder,0.133843571997497,3.628031110693403,"['Personality Disorder', 'Bipolar Disorder', 'Depression']"
leg pain knee pain ankle pain knee swelling problems with movement leg swelling ankle swelling,Injury To The Leg,Fracture Of The Leg,0.5493445837416797,0.9451138743946184,"['Fracture Of The Leg', 'Injury To The Leg', 'Joint Effusion']"
suprapubic pain painful urination involuntary urination frequent urination lower abdominal pain back pain symptoms of bladder,Temporary Or Benign Blood In Urine,Cystitis,0.5712410214138987,1.053833870316755,"['Cystitis', 'Temporary Or Benign Blood In Urine', 'Bladder Disorder']"
pain of the anus rectal bleeding itching of the anus,Hemorrhoids,Rectal Disorder,0.5936946820109641,1.462874600122046,"['Rectal Disorder', 'Hemorrhoids', 'Chronic Constipation']"
skin swelling abnormal appearing skin skin lesion acne or pimples skin growth irregular appearing scalp skin dryness peeling scaliness or roughness skin irritation,Fungal Infection Of The Hair,Skin Disorder,0.38655605151926997,1.8473689260941097,"['Skin Disorder', 'Skin Polyp', 'Fungal Infection Of The Hair']"
cough nasal congestion lacrimation itchiness of eye coryza,Conjunctivitis,Seasonal Allergies (Hay Fever),0.585335410570114,1.6303488443321767,"['Seasonal Allergies (Hay Fever)', 'Conjunctivitis', 'Conjunctivitis Due To Allergy']"
skin swelling abnormal appearing skin skin lesion skin growth irregular appearing scalp skin irritation warts,Seborrheic Keratosis,Skin Cancer,0.32084495195814106,1.6075446479404145,"['Skin Cancer', 'Skin Polyp', 'Seborrheic Keratosis']"
sharp abdominal pain vomiting burning abdominal pain heartburn upper abdominal pain,Gallstone,Esophagitis,0.40324265589013947,2.1248467413357908,"['Esophagitis', 'Gallstone', 'Gastroduodenal Ulcer']"
sharp chest pain cough difficulty breathing,Pulmonary Hypertension,Acute Bronchospasm,0.14449871719679513,3.1703867960740197,"['Acute Bronchospasm', 'Heart Failure', 'Pneumonia']"
diarrhea melena rectal bleeding,Gastrointestinal Hemorrhage,Diverticulosis,0.40875338924404125,1.738644145923258,"['Diverticulosis', 'Gastrointestinal Hemorrhage', 'Rectal Disorder']"
shortness of breath dizziness,Ischemic Heart Disease,Drug Reaction,0.17320949790862028,3.544972356387136,"['Drug Reaction', 'Acute Kidney Injury', 'Hyperkalemia']"
anxiety and nervousness abusing alcohol hostile behavior excessive anger delusions or hallucinations,Marijuana Abuse,Post-Traumatic Stress Disorder (Ptsd),0.2536242548967612,2.059047250306072,"['Post-Traumatic Stress Disorder (Ptsd)', 'Marijuana Abuse', 'Psychotic Disorder']"
diminished hearing ear pain fluid in ear coryza,Otitis Media,Acute Otitis Media,0.6115287256663364,1.3012907495888726,"['Acute Otitis Media', 'Otitis Media', 'Sensorineural Hearing Loss']"
double vision pain in eye abnormal movement of eyelid spots or clouds in vision lacrimation,Diabetic Retinopathy,Cataract,0.3245178213720728,1.5743578586386726,"['Cataract', 'Macular Degeneration', 'Diabetic Retinopathy']"
retention of urine suprapubic pain sharp abdominal pain painful urination frequent urination lower abdominal pain blood in urine back pain symptoms of bladder,Temporary Or Benign Blood In Urine,Cystitis,0.5535809675240133,1.2243384074200607,"['Cystitis', 'Temporary Or Benign Blood In Urine', 'Bladder Disorder']"
foot or toe pain foot or toe swelling,Callus,Diabetic Peripheral Neuropathy,0.25170759776640056,2.6819260045591515,"['Diabetic Peripheral Neuropathy', 'Injury To The Leg', 'Gout']"
retention of urine sharp abdominal pain painful urination lower abdominal pain blood in urine back pain,Temporary Or Benign Blood In Urine,Prostatitis,0.2896172182181238,1.9710979312539043,"['Prostatitis', 'Kidney Stone', 'Cystitis']"
skin lesion acne or pimples skin growth itching of skin skin rash,Fungal Infection Of The Hair,Seborrheic Keratosis,0.32204631895557584,2.225258203824943,"['Seborrheic Keratosis', 'Fungal Infection Of The Hair', 'Skin Pigmentation Disorder']"
abnormal appearing skin skin lesion itching of skin skin dryness peeling scaliness or roughness skin rash,Contact Dermatitis,Eczema,0.1686306462163248,2.9028564513019224,"['Eczema', 'Contact Dermatitis', 'Molluscum Contagiosum']"
shortness of breath sore throat wheezing,Pneumonia,Interstitial Lung Disease,0.25657444296381643,2.7184539298576436,"['Interstitial Lung Disease', 'Acute Bronchitis', 'Pneumonia']"
depression slurring words disturbance of memory,Dysthymic Disorder,Delirium,0.4532021800241277,2.1615782003800446,"['Delirium', 'Dysthymic Disorder', 'Stroke']"
abnormal appearing skin skin growth irregular appearing scalp skin moles skin irritation warts,Skin Cancer,Seborrheic Keratosis,0.35011388301259844,1.4016070254184982,"['Seborrheic Keratosis', 'Skin Cancer', 'Skin Polyp']"
skin swelling abnormal appearing skin skin lesion skin growth itching of skin skin irritation,Seborrheic Keratosis,Skin Disorder,0.23588889862022677,2.4149277897480905,"['Skin Disorder', 'Seborrheic Keratosis', 'Fungal Infection Of The Hair']"
sharp abdominal pain pain of the anus rectal bleeding constipation,Hemorrhoids,Rectal Disorder,0.4423516011200351,1.519029221289656,"['Rectal Disorder', 'Chronic Constipation', 'Hemorrhoids']"
anxiety and nervousness depression insomnia abusing alcohol hostile behavior drug abuse excessive anger delusions or hallucinations temper problems,Depression,Post-Traumatic Stress Disorder (Ptsd),0.5259336786712908,1.0775538966499911,"['Post-Traumatic Stress Disorder (Ptsd)', 'Depression', 'Marijuana Abuse']"
suprapubic pain sharp abdominal pain frequent urination lower abdominal pain back pain,Temporary Or Benign Blood In Urine,Pyelonephritis,0.3161304018189224,2.3131091358043285,"['Pyelonephritis', 'Cystitis', 'Kidney Stone']"
shortness of breath chest tightness palpitations fainting,Heart Block,Sinus Bradycardia,0.32094773307972063,2.428192357667977,"['Sinus Bradycardia', 'Heart Block', 'Heart Failure']"
shortness of breath cough nasal congestion fever difficulty breathing,Pneumonia,Acute Bronchiolitis,0.24427281836408377,2.2910672225099473,"['Acute Bronchiolitis', 'Asthma', 'Pneumonia']"
acne or pimples skin growth irregular appearing scalp skin moles itching of skin skin irritation warts,Skin Polyp,Seborrheic Keratosis,0.5689610029429265,0.8982843205983353,"['Seborrheic Keratosis', 'Skin Polyp', 'Skin Disorder']"
blood in stool sharp abdominal pain vomiting diarrhea burning abdominal pain fever,Noninfectious Gastroenteritis,Diverticulitis,0.5625007689638103,1.463186848797032,"['Diverticulitis', 'Noninfectious Gastroenteritis', 'Infectious Gastroenteritis']"
leg pain foot or toe pain ankle pain shoulder pain,Mononeuritis,Sprain Or Strain,0.3635166514550181,1.543061623647276,"['Sprain Or Strain', 'Tendinitis', 'Mononeuritis']"
lip swelling facial pain gum pain mouth pain,Tooth Abscess,Oral Mucosal Lesion,0.5249024461173257,1.4204802656191358,"['Oral Mucosal Lesion', 'Tooth Abscess', 'Gum Disease']"
sharp abdominal pain intermenstrual bleeding cramps and spasms heavy menstrual flow,Vaginal Cyst,Idiopathic Irregular Menstrual Cycle,0.2659558715284652,2.0998810220043023,"['Idiopathic Irregular Menstrual Cycle', 'Spontaneous Abortion', 'Vaginal Cyst']"
cough nasal congestion wheezing fever,Interstitial Lung Disease,Asthma,0.13880127582974183,2.840723677685469,"['Asthma', 'Croup', 'Chronic Obstructive Pulmonary Disease (Copd)']"
depression hostile behavior excessive anger fears and phobias low self esteem,Schizophrenia,Marijuana Abuse,0.4146676958937166,1.3960143230382789,"['Marijuana Abuse', 'Personality Disorder', 'Schizophrenia']"
sharp abdominal pain nausea vaginal discharge pelvic pain,Ovarian Cyst,Vulvodynia,0.29937349697392573,2.5524622945456072,"['Vulvodynia', 'Ovarian Cyst', 'Pelvic Inflammatory Disease']"
sharp chest pain sharp abdominal pain weakness,Pleural Effusion,Hyponatremia,0.3167692787273999,2.9050350353823804,"['Hyponatremia', 'Pleural Effusion', 'Diabetic Ketoacidosis']"
cough wheezing fever,Acute Bronchitis,Asthma,0.11522070248843409,3.395725684519358,"['Asthma', 'Chronic Obstructive Pulmonary Disease (Copd)', 'Acute Respiratory Distress Syndrome (Ards)']"
sharp abdominal pain vomiting diarrhea,Acute Pancreatitis,Diverticulitis,0.12880985555409805,3.506055537198034,"['Diverticulitis', 'Gastritis', 'Acute Pancreatitis']"
arm pain back pain loss of sensation paresthesia,Brachial Neuritis,Herniated Disk,0.1747071233724618,2.5023078859297776,"['Herniated Disk', 'Peripheral Nerve Disorder', 'Degenerative Disc Disease']"
sharp abdominal pain vomiting rectal bleeding,Gastrointestinal Hemorrhage,Diverticulosis,0.23686180204092466,3.4138223260022817,"['Diverticulosis', 'Noninfectious Gastroenteritis', 'Gastrointestinal Hemorrhage']"
depressive or psychotic symptoms abusing alcohol hostile behavior drug abuse delusions or hallucinations,Drug Abuse,Post-Traumatic Stress Disorder (Ptsd),0.3201173149330481,1.8162782560794428,"['Post-Traumatic Stress Disorder (Ptsd)', 'Marijuana Abuse', 'Depression']"
ear pain jaw swelling gum pain pain in gums,Tooth Disorder,Dental Caries,0.3784728123734765,1.5643416034576414,"['Dental Caries', 'Tooth Disorder', 'Gum Disease']"
depression abusing alcohol hostile behavior drug abuse,Depression,Post-Traumatic Stress Disorder (Ptsd),0.28885871439583166,1.987000554649076,"['Post-Traumatic Stress Disorder (Ptsd)', 'Depression', 'Marijuana Abuse']"
nausea back pain lower body pain regurgitation 1,Gallstone,Cholecystitis,0.4824973166600853,1.1671925208099274,"['Cholecystitis', 'Gallstone', 'Acute Pancreatitis']"
shortness of breath sharp abdominal pain,Liver Disease,Hyponatremia,0.15689651033720314,3.309455317994626,"['Hyponatremia', 'Esophagitis', 'Pleural Effusion']"
skin swelling acne or pimples skin growth skin dryness peeling scaliness or roughness,Fungal Infection Of The Hair,Skin Polyp,0.2211983454637181,2.721085721369436,"['Skin Polyp', 'Fungal Infection Of The Hair', 'Rosacea']"
abnormal appearing skin skin growth itching of skin,Psoriasis,Seborrheic Keratosis,0.19310178337134604,3.1310830970359183,"['Seborrheic Keratosis', 'Skin Disorder', 'Fungal Infection Of The Hair']"
insomnia hostile behavior delusions or hallucinations,Adjustment Reaction,Post-Traumatic Stress Disorder (Ptsd),0.17821675418597682,2.7238629414690596,"['Post-Traumatic Stress Disorder (Ptsd)', 'Adjustment Reaction', 'Psychotic Disorder']"
sore throat headache fever,Interstitial Lung Disease,Flu,0.3001569073208495,2.789234112251828,"['Flu', 'Acute Bronchitis', 'Strep Throat']"
leg pain hip pain back pain lower body pain,Chronic Back Pain,Arthritis Of The Hip,0.15875336381179084,2.6535821760551404,"['Arthritis Of The Hip', 'Spondylitis', 'Spinal Stenosis']"
dizziness headache weakness paresthesia,Multiple Sclerosis,Transient Ischemic Attack,0.3846637401068511,2.165380123792742,"['Transient Ischemic Attack', 'Multiple Sclerosis', 'Hyperemesis Gravidarum']"
sharp chest pain sharp abdominal pain back pain upper abdominal pain,Gallstone,Cholecystitis,0.23583084852484,2.4429691990139384,"['Cholecystitis', 'Acute Pancreatitis', 'Gallstone']"
cough headache,Strep Throat,Chronic Sinusitis,0.1502805990065672,3.6135607953300433,"['Chronic Sinusitis', 'Flu', 'Seasonal Allergies (Hay Fever)']"
anxiety and nervousness depressive or psychotic symptoms insomnia excessive anger delusions or hallucinations fears and phobias,Schizophrenia,Personality Disorder,0.2086341989885526,2.033614191423473,"['Personality Disorder', 'Schizophrenia', 'Bipolar Disorder']"
arm pain neck pain paresthesia lower body pain,Degenerative Disc Disease,Spinal Stenosis,0.37591497280036484,1.64003343841219,"['Spinal Stenosis', 'Spondylosis', 'Degenerative Disc Disease']"
sharp abdominal pain lower abdominal pain pain of the anus,Chronic Constipation,Ileus,0.35369253104855713,3.073755178230911,"['Ileus', 'Chronic Constipation', 'Pain After An Operation']"
depression hostile behavior restlessness,Attention Deficit Hyperactivity Disorder (Adhd),Adjustment Reaction,0.2764839242053463,3.2573027420697356,"['Adjustment Reaction', 'Attention Deficit Hyperactivity Disorder (Adhd)', 'Developmental Disability']"
nasal congestion wheezing fever coughing up sputum coryza,Acute Bronchitis,Asthma,0.37434337126203926,1.4221447488327994,"['Asthma', 'Chronic Obstructive Pulmonary Disease (Copd)', 'Acute Bronchitis']"
sharp chest pain leg pain arm pain low back pain ache all over,Sickle Cell Crisis,Fibromyalgia,0.4656420493477008,1.236185282773274,"['Fibromyalgia', 'Sickle Cell Crisis', 'Muscle Spasm']"
hand or finger pain abnormal appearing skin foot or toe pain,Paronychia,Pyogenic Skin Infection,0.6637475210111462,1.619223059586121,"['Pyogenic Skin Infection', 'Paronychia', 'Complex Regional Pain Syndrome']"
sharp abdominal pain pain of the anus heartburn melena itching of the anus,Hemorrhoids,Rectal Disorder,0.5436110197647419,1.0951195892444487,"['Rectal Disorder', 'Hemorrhoids', 'Intestinal Obstruction']"
leg pain arm pain back pain neck pain low back pain,Muscle Spasm,Sprain Or Strain,0.16274186603128804,2.573137108581823,"['Sprain Or Strain', 'Herniated Disk', 'Fibromyalgia']"
hip pain low back pain loss of sensation lower body pain,Sciatica,Degenerative Disc Disease,0.2483220544175195,2.1446236348505012,"['Degenerative Disc Disease', 'Spinal Stenosis', 'Spondylosis']"
sharp abdominal pain frequent urination side pain,Cystitis,Urinary Tract Obstruction,0.14740222474802514,3.318650853882575,"['Urinary Tract Obstruction', 'Cystitis', 'Pyelonephritis']"
hip pain neck pain low back pain loss of sensation shoulder pain,Spondylosis,Neuralgia,0.27977602239842647,1.867810072076753,"['Neuralgia', 'Degenerative Disc Disease', 'Spondylosis']"
hand or finger swelling skin lesion peripheral edema,Insect Bite,Pyogenic Skin Infection,0.5011865575316944,1.5300511879188028,"['Pyogenic Skin Infection', 'Insect Bite', 'Rheumatoid Arthritis']"
symptoms of eye pain in eye lacrimation itchiness of eye,Diabetic Retinopathy,Conjunctivitis Due To Allergy,0.17928459662627946,3.0516305984949263,"['Conjunctivitis Due To Allergy', 'Corneal Abrasion', 'Cornea Infection']"
sore throat cough nasal congestion vomiting ear pain fever,Otitis Media,Strep Throat,0.31979227978654434,1.7736629988056074,"['Strep Throat', 'Otitis Media', 'Common Cold']"
leg pain ache all over lower body pain,Ankylosing Spondylitis,Spondylosis,0.34860556171291274,1.8471936123453898,"['Spondylosis', 'Ankylosing Spondylitis', 'Arthritis Of The Hip']"
leg pain low back pain,Spondylolisthesis,Pain After An Operation,0.13918869649090532,3.3185185056318023,"['Pain After An Operation', 'Chronic Pain Disorder', 'Fibromyalgia']"
diminished vision pain in eye foreign body sensation in eye lacrimation,Cornea Infection,Iridocyclitis,0.13588804767743615,2.8097531135626848,"['Iridocyclitis', 'Chalazion', 'Corneal Abrasion']"
chest tightness,Angina,Acute Bronchospasm,0.12833410681807217,3.3353031027347377,"['Acute Bronchospasm', 'Gastroesophageal Reflux Disease (Gerd)', 'Chronic Obstructive Pulmonary Disease (Copd)']"
skin swelling skin lesion irregular appearing scalp,Fungal Infection Of The Skin,Hemangioma,0.16222328343211845,3.1502630445978164,"['Hemangioma', 'Skin Pigmentation Disorder', 'Skin Cancer']"
retention of urine frequent urination lower abdominal pain,Bladder Disorder,Prostatitis,0.3081314552523554,2.529067131730865,"['Prostatitis', 'Bladder Disorder', 'Kidney Stone']"
white discharge from eye diminished vision symptoms of eye,Corneal Disorder,Corneal Abrasion,0.27388331987748915,2.15762563783978,"['Corneal Abrasion', 'Chronic Glaucoma', 'Corneal Disorder']"
sharp chest pain sore throat wheezing difficulty breathing,Pneumonia,Acute Bronchitis,0.37404300353076164,1.7297913018882594,"['Acute Bronchitis', 'Acute Bronchospasm', 'Pneumonia']"
painful urination involuntary urination frequent urination lower abdominal pain,Temporary Or Benign Blood In Urine,Bladder Disorder,0.3599028870836076,1.8376953030034717,"['Bladder Disorder', 'Temporary Or Benign Blood In Urine', 'Cystitis']"
dizziness problems with movement weakness focal weakness disturbance of memory,Parkinson Disease,Multiple Sclerosis,0.6391065635685442,1.2968138630088677,"['Multiple Sclerosis', 'Parkinson Disease', 'Stroke']"
blood in stool vomiting burning abdominal pain fever fluid retention,Infectious Gastroenteritis,Noninfectious Gastroenteritis,0.481966827494374,1.189222996089619,"['Noninfectious Gastroenteritis', 'Infectious Gastroenteritis', 'Diverticulitis']"
anxiety and nervousness delusions or hallucinations temper problems fears and phobias hysterical behavior,Psychotic Disorder,Schizophrenia,0.6234816079679006,0.9400948304806006,"['Schizophrenia', 'Psychotic Disorder', 'Marijuana Abuse']"
skin swelling skin lesion irregular appearing scalp skin moles skin dryness peeling scaliness or roughness warts,Skin Cancer,Skin Pigmentation Disorder,0.3777503742953311,1.650331136210187,"['Skin Pigmentation Disorder', 'Skin Cancer', 'Skin Polyp']"
nasal congestion vomiting wheezing fever difficulty breathing,Acute Bronchiolitis,Acute Bronchospasm,0.4784419892287299,1.412524653458367,"['Acute Bronchospasm', 'Acute Bronchiolitis', 'Pneumonia']"
sharp abdominal pain problems during pregnancy spotting or bleeding during pregnancy blood clots during menstrual periods,Spontaneous Abortion,Threatened Pregnancy,0.44844854814183477,1.3147367871505276,"['Threatened Pregnancy', 'Spontaneous Abortion', 'Vaginal Cyst']"
problems with movement seizures,Hemiplegia,Hypoglycemia,0.2710053767022806,3.267459523984601,"['Hypoglycemia', 'Stroke', 'Hemiplegia']"
cough nasal congestion fever temper problems,Teething Syndrome,Diaper Rash,0.43912926193982205,2.829235897433887,"['Diaper Rash', 'Teething Syndrome', 'Asthma']"
sharp abdominal pain vomiting problems during pregnancy,Problem During Pregnancy,Hyperemesis Gravidarum,0.29121804195502604,3.6172932865544163,"['Hyperemesis Gravidarum', 'Problem During Pregnancy', 'Threatened Pregnancy']"
insomnia delusions or hallucinations low self esteem,Personality Disorder,Schizophrenia,0.5296887005724331,1.9591776693105771,"['Schizophrenia', 'Personality Disorder', 'Marijuana Abuse']"
leg pain hip pain arm pain neck pain low back pain,Degenerative Disc Disease,Fibromyalgia,0.2789870328076877,2.1657543653121802,"['Fibromyalgia', 'Herniated Disk', 'Spondylosis']"
chest tightness irregular heartbeat fainting decreased heart rate increased heart rate,Paroxysmal Ventricular Tachycardia,Sinus Bradycardia,0.4754000858398529,1.0029670074096984,"['Sinus Bradycardia', 'Paroxysmal Ventricular Tachycardia', 'Heart Attack']"
cough fluid in ear pulling at ears,Chronic Otitis Media,Ear Wax Impaction,0.2553925798660454,2.6625107756124056,"['Ear Wax Impaction', 'Otitis Media', 'Ear Drum Damage']"
cramps and spasms long menstrual periods unpredictable menstruation painful menstruation,Idiopathic Irregular Menstrual Cycle,Idiopathic Excessive Menstruation,0.3681885070982217,1.2940746587919651,"['Idiopathic Excessive Menstruation', 'Idiopathic Irregular Menstrual Cycle', 'Idiopathic Painful Menstruation']"
diminished vision symptoms of eye pain in eye spots or clouds in vision eye redness lacrimation eye burns or stings,Cornea Infection,Blepharitis,0.4202269497490463,1.5144412519198138,"['Blepharitis', 'Cornea Infection', 'Conjunctivitis Due To Allergy']"
hip pain headache arm pain back pain neck pain low back pain,Fibromyalgia,Neuralgia,0.3724856552624696,1.629741405007862,"['Neuralgia', 'Fibromyalgia', 'Spinal Stenosis']"
sharp abdominal pain pain during pregnancy pelvic pain problems during pregnancy spotting or bleeding during pregnancy,Vaginal Cyst,Problem During Pregnancy,0.67392879889964,1.0309573897458906,"['Problem During Pregnancy', 'Spontaneous Abortion', 'Vaginal Cyst']"
sharp abdominal pain back pain lower body pain,Acute Pancreatitis,Cholecystitis,0.2633478712396379,2.7529661278710345,"['Cholecystitis', 'Gallstone', 'Acute Pancreatitis']"
diminished vision double vision symptoms of eye itchiness of eye,Macular Degeneration,Cataract,0.241286612944462,2.2149928547115376,"['Cataract', 'Corneal Disorder', 'Macular Degeneration']"
skin swelling skin lesion irregular appearing scalp skin moles,Skin Cancer,Skin Pigmentation Disorder,0.14926340340128275,2.6778884451997347,"['Skin Pigmentation Disorder', 'Hemangioma', 'Psoriasis']"
depressive or psychotic symptoms insomnia,Panic Disorder,Schizophrenia,0.09220915828210553,3.670768861562803,"['Schizophrenia', 'Panic Disorder', 'Eating Disorder']"
drug abuse smoking problems excessive anger,Smoking Or Tobacco Addiction,Neurosis,0.47350001548627224,1.2089868495373806,"['Neurosis', 'Smoking Or Tobacco Addiction', 'Drug Abuse']"
sharp abdominal pain rectal bleeding itching of the anus,Hemorrhoids,Rectal Disorder,0.46631564659043706,1.9174885220874982,"['Rectal Disorder', 'Hemorrhoids', 'Chronic Constipation']"
hand or finger pain wrist pain arm pain wrist swelling elbow pain loss of sensation,Injury To The Arm,Carpal Tunnel Syndrome,0.5189793159714609,1.1778736752073047,"['Carpal Tunnel Syndrome', 'Injury To The Arm', 'Mononeuritis']"
vomiting headache burning abdominal pain decreased appetite fever,Infectious Gastroenteritis,Noninfectious Gastroenteritis,0.4500426636471703,1.5800937899620082,"['Noninfectious Gastroenteritis', 'Infectious Gastroenteritis', 'Appendicitis']"
anxiety and nervousness depression depressive or psychotic symptoms insomnia hostile behavior excessive anger temper problems fears and phobias low self esteem,Personality Disorder,Schizophrenia,0.4692459843378594,0.9838967295159115,"['Schizophrenia', 'Personality Disorder', 'Marijuana Abuse']"
diminished vision pain in eye abnormal movement of eyelid foreign body sensation in eye lacrimation itchiness of eye,Dry Eye Of Unknown Cause,Diabetic Retinopathy,0.382966906926228,1.5660633050201138,"['Diabetic Retinopathy', 'Dry Eye Of Unknown Cause', 'Macular Degeneration']"
skin lesion acne or pimples skin rash,Callus,Molluscum Contagiosum,0.11773368984295869,2.9545509027995434,"['Molluscum Contagiosum', 'Seborrheic Dermatitis', 'Callus']"
diminished vision spots or clouds in vision eye redness swollen eye,Cornea Infection,Blepharitis,0.4141251566254793,2.272919930804057,"['Blepharitis', 'Cornea Infection', 'Glaucoma']"
sharp abdominal pain lower abdominal pain painful menstruation,Idiopathic Painful Menstruation,Ovarian Cyst,0.29158028870178576,3.1286164314658462,"['Ovarian Cyst', 'Idiopathic Irregular Menstrual Cycle', 'Idiopathic Painful Menstruation']"
skin swelling acne or pimples irregular appearing scalp skin moles itching of skin skin dryness peeling scaliness or roughness,Skin Pigmentation Disorder,Skin Polyp,0.3515183187681997,1.8886786438225422,"['Skin Polyp', 'Skin Pigmentation Disorder', 'Skin Disorder']"
depression depressive or psychotic symptoms hostile behavior delusions or hallucinations fears and phobias,Psychotic Disorder,Personality Disorder,0.2365153233321756,2.459501921654262,"['Personality Disorder', 'Psychotic Disorder', 'Marijuana Abuse']"
vomiting headache diarrhea burning abdominal pain,Hyperemesis Gravidarum,Noninfectious Gastroenteritis,0.2588353957948163,2.0035728323203994,"['Noninfectious Gastroenteritis', 'Gastritis', 'Infectious Gastroenteritis']"
suprapubic pain sharp abdominal pain painful urination involuntary urination frequent urination symptoms of bladder,Cystitis,Bladder Disorder,0.38698560909179747,1.3755745995359352,"['Bladder Disorder', 'Temporary Or Benign Blood In Urine', 'Cystitis']"
leg pain hip pain back pain low back pain loss of sensation,Chronic Back Pain,Neuralgia,0.201237854056608,2.508179634507228,"['Neuralgia', 'Spondylolisthesis', 'Spondylosis']"
cough white discharge from eye pain in eye lacrimation itchiness of eye swollen eye,Conjunctivitis,Conjunctivitis Due To Virus,0.46452092156769553,1.478976745135008,"['Conjunctivitis Due To Virus', 'Conjunctivitis', 'Blepharitis']"
vaginal itching lower abdominal pain vaginal discharge,Vaginitis,Vaginal Yeast Infection,0.31514338044181445,2.060692131312737,"['Vaginal Yeast Infection', 'Idiopathic Painful Menstruation', 'Vaginitis']"
depressive or psychotic symptoms hostile behavior delusions or hallucinations low self esteem,Marijuana Abuse,Personality Disorder,0.2942928409139288,2.0590537300753544,"['Personality Disorder', 'Schizophrenia', 'Marijuana Abuse']"
sore throat headache,Interstitial Lung Disease,Flu,0.2627870777985213,3.3187341446360668,"['Flu', 'Acute Bronchitis', 'Seasonal Allergies (Hay Fever)']"
suprapubic pain vomiting frequent urination blood in urine low back pain,Kidney Stone,Pyelonephritis,0.4851881927557963,1.0176417933311876,"['Pyelonephritis', 'Kidney Stone', 'Urinary Tract Infection']"
low back pain knee pain shoulder pain ache all over,Chronic Pain Disorder,Spondylosis,0.5738698368197924,1.148663204996648,"['Spondylosis', 'Chronic Pain Disorder', 'Sprain Or Strain']"
blood in stool sharp abdominal pain rectal bleeding,Rectal Disorder,Diverticulosis,0.2972733036646874,2.030651450089663,"['Diverticulosis', 'Noninfectious Gastroenteritis', 'Chronic Constipation']"
blood in stool headache burning abdominal pain chills,Infectious Gastroenteritis,Noninfectious Gastroenteritis,0.45835996296754855,1.801357825437784,"['Noninfectious Gastroenteritis', 'Infectious Gastroenteritis', 'Diverticulitis']"
nausea back pain burning abdominal pain side pain lower body pain upper abdominal pain,Acute Pancreatitis,Cholecystitis,0.34392903584839474,1.3425375279815273,"['Cholecystitis', 'Gallstone', 'Acute Pancreatitis']"
back pain pelvic pain,Vulvodynia,Chronic Pain Disorder,0.24654066062738458,2.586189517438334,"['Chronic Pain Disorder', 'Cystitis', 'Arthritis Of The Hip']"
excessive anger disturbance of memory,Dysthymic Disorder,Depression,0.6920980155289951,1.4311289403698728,"['Depression', 'Dysthymic Disorder', 'Concussion']"
white discharge from eye diminished vision pain in eye lacrimation,Corneal Abrasion,Conjunctivitis Due To Virus,0.4096406586692535,1.9244653040782855,"['Conjunctivitis Due To Virus', 'Corneal Abrasion', 'Chronic Glaucoma']"
blood clots during menstrual periods long menstrual periods heavy menstrual flow painful menstruation,Idiopathic Painful Menstruation,Idiopathic Excessive Menstruation,0.4925149172423442,1.0598230489279448,"['Idiopathic Excessive Menstruation', 'Idiopathic Painful Menstruation', 'Idiopathic Irregular Menstrual Cycle']"
anxiety and nervousness insomnia abusing alcohol excessive anger,Drug Abuse (Opioids),Bipolar Disorder,0.31504268848852957,2.223637585820237,"['Bipolar Disorder', 'Social Phobia', 'Psychotic Disorder']"
sharp abdominal pain lower abdominal pain,Vaginitis,Ileus,0.07920722508693713,3.905169752028119,"['Ileus', 'Diverticulitis', 'Appendicitis']"
sharp abdominal pain side pain,Liver Disease,Pleural Effusion,0.13638443830261235,3.550284195355075,"['Pleural Effusion', 'Pyelonephritis', 'Vulvodynia']"
anxiety and nervousness depression insomnia abusing alcohol hostile behavior drug abuse excessive anger delusions or hallucinations,Depression,Post-Traumatic Stress Disorder (Ptsd),0.5003042974026528,1.2357418080912972,"['Post-Traumatic Stress Disorder (Ptsd)', 'Depression', 'Psychotic Disorder']"
depression insomnia excessive anger delusions or hallucinations fears and phobias,Personality Disorder,Adjustment Reaction,0.28837694986119516,2.061512597529906,"['Adjustment Reaction', 'Bipolar Disorder', 'Psychotic Disorder']"
diminished vision lacrimation swollen eye eyelid swelling,Blepharitis,Chalazion,0.723586883996934,1.0546642642579755,"['Chalazion', 'Blepharitis', 'Conjunctivitis Due To Virus']"
retention of urine suprapubic pain sharp abdominal pain blood in urine back pain side pain,Cystitis,Kidney Stone,0.41678684378048025,1.7267592177597426,"['Kidney Stone', 'Cystitis', 'Urinary Tract Obstruction']"
skin growth irregular appearing scalp skin rash,Actinic Keratosis,Skin Pigmentation Disorder,0.19771755053737006,2.622010055012712,"['Skin Pigmentation Disorder', 'Psoriasis', 'Seborrheic Keratosis']"
depression depressive or psychotic symptoms insomnia hostile behavior temper problems low self esteem,Schizophrenia,Personality Disorder,0.4616917962787094,1.3403531061881908,"['Personality Disorder', 'Schizophrenia', 'Obsessive Compulsive Disorder (Ocd)']"
back pain paresthesia lower body pain,Spondylosis,Ankylosing Spondylitis,0.4822637811723831,2.098790734012749,"['Ankylosing Spondylitis', 'Spinal Stenosis', 'Spondylosis']"
acne or pimples skin growth irregular appearing scalp itching of skin skin rash,Fungal Infection Of The Hair,Skin Pigmentation Disorder,0.2798148941422792,1.9011360596814912,"['Skin Pigmentation Disorder', 'Fungal Infection Of The Hair', 'Seborrheic Keratosis']"
depression restlessness,Drug Abuse (Opioids),Adjustment Reaction,0.21194379597252605,4.49111498959723,"['Adjustment Reaction', 'Drug Abuse (Opioids)', 'Attention Deficit Hyperactivity Disorder (Adhd)']"
sharp abdominal pain vomiting nausea side pain upper abdominal pain stomach bloating,Appendicitis,Cholecystitis,0.7683476568546402,0.9512352555351746,"['Cholecystitis', 'Appendicitis', 'Intestinal Obstruction']"
shortness of breath irregular heartbeat increased heart rate fatigue,Mitral Valve Disease,Paroxysmal Ventricular Tachycardia,0.3998037355268083,1.8337567464590347,"['Paroxysmal Ventricular Tachycardia', 'Mitral Valve Disease', 'Anxiety']"
sharp abdominal pain lower abdominal pain upper abdominal pain,Irritable Bowel Syndrome,Diverticulitis,0.15862929825765903,3.1816565151334437,"['Diverticulitis', 'Appendicitis', 'Irritable Bowel Syndrome']"
chest tightness irregular heartbeat arm pain increased heart rate sweating,Heart Attack,Angina,0.5176461603305619,1.1015231282401163,"['Angina', 'Heart Attack', 'Mitral Valve Disease']"
leg pain hip pain arm pain back pain neck pain shoulder pain ache all over,Neuralgia,Spondylosis,0.4495595762533735,1.46929229502296,"['Spondylosis', 'Neuralgia', 'Herniated Disk']"
suprapubic pain sharp abdominal pain blood in urine,Urinary Tract Obstruction,Pyelonephritis,0.375959102131626,2.610106684117976,"['Pyelonephritis', 'Kidney Stone', 'Cystitis']"
leg pain hip pain back pain shoulder pain,Spinal Stenosis,Neuralgia,0.1855612770613808,2.7507326950110924,"['Neuralgia', 'Chronic Pain Disorder', 'Herniated Disk']"
diminished vision double vision symptoms of eye foreign body sensation in eye spots or clouds in vision eye redness itchiness of eye,Corneal Disorder,Dry Eye Of Unknown Cause,0.40721777560883476,1.509697109978249,"['Dry Eye Of Unknown Cause', 'Corneal Disorder', 'Cornea Infection']"
sharp abdominal pain burning abdominal pain upper abdominal pain regurgitation 1,Cholecystitis,Gallstone,0.47120638037531115,1.801304548073317,"['Gallstone', 'Cholecystitis', 'Hiatal Hernia']"
shortness of breath wheezing coryza,Croup,Acute Bronchitis,0.15444370616772066,3.5993430816269885,"['Acute Bronchitis', 'Asthma', 'Chronic Obstructive Pulmonary Disease (Copd)']"
sharp abdominal pain intermenstrual bleeding pelvic pain problems during pregnancy cramps and spasms blood clots during menstrual periods,Vaginal Cyst,Threatened Pregnancy,0.4133654533779416,1.2046549139257805,"['Threatened Pregnancy', 'Spontaneous Abortion', 'Vaginal Cyst']"
abnormal appearing skin skin lesion skin growth skin moles skin rash,Skin Pigmentation Disorder,Seborrheic Keratosis,0.17952719722129404,2.8883576173575314,"['Seborrheic Keratosis', 'Psoriasis', 'Actinic Keratosis']"
skin swelling abnormal appearing skin skin lesion skin growth skin moles skin irritation,Actinic Keratosis,Skin Disorder,0.21715706087792083,2.443575713427561,"['Skin Disorder', 'Skin Polyp', 'Actinic Keratosis']"
skin swelling abnormal appearing skin acne or pimples irregular appearing scalp skin dryness peeling scaliness or roughness skin rash,Skin Pigmentation Disorder,Eczema,0.205557102103824,2.4495089222810345,"['Eczema', 'Fungal Infection Of The Skin', 'Acne']"
loss of sensation,Bell Palsy,Labyrinthitis,0.14689025997116234,3.8906620990180714,"['Labyrinthitis', 'Hypokalemia', 'Multiple Sclerosis']"
blood in stool sharp abdominal pain vomiting nausea diarrhea burning abdominal pain decreased appetite,Noninfectious Gastroenteritis,Infectious Gastroenteritis,0.47173841781100173,1.3362448244304628,"['Infectious Gastroenteritis', 'Noninfectious Gastroenteritis', 'Appendicitis']"
nausea painful urination back pain pelvic pain,Pelvic Inflammatory Disease,Vulvodynia,0.4410550171518567,1.8563310625448344,"['Vulvodynia', 'Pelvic Inflammatory Disease', 'Cystitis']"
sharp abdominal pain pain of the anus heartburn,Rectal Disorder,Hemorrhoids,0.37033577631943504,2.5406065416807095,"['Hemorrhoids', 'Rectal Disorder', 'Ileus']"
leg pain hip pain arm pain neck pain low back pain paresthesia,Spinal Stenosis,Herniated Disk,0.30052451710649325,1.9165004174728635,"['Herniated Disk', 'Spondylosis', 'Spinal Stenosis']"
sharp chest pain leg pain hip pain arm pain low back pain ache all over,Sickle Cell Crisis,Fibromyalgia,0.540050800755599,1.0065313388802497,"['Fibromyalgia', 'Sickle Cell Crisis', 'Spondylosis']"
sharp abdominal pain frequent urination back pain side pain,Kidney Stone,Cystitis,0.24461668538980133,2.7007843164984586,"['Cystitis', 'Kidney Stone', 'Pyelonephritis']"
white discharge from eye symptoms of eye pain in eye foreign body sensation in eye itchiness of eye,Chronic Glaucoma,Corneal Abrasion,0.2998487450528627,1.9302776306088727,"['Corneal Abrasion', 'Chronic Glaucoma', 'Corneal Disorder']"
skin swelling abnormal appearing skin acne or pimples skin growth skin moles itching of skin,Skin Pigmentation Disorder,Skin Polyp,0.2325599414576521,2.2838191793223768,"['Skin Polyp', 'Seborrheic Keratosis', 'Skin Disorder']"
symptoms of eye mass on eyelid,Chalazion,Chronic Glaucoma,0.45267244237153503,1.8582230161108961,"['Chronic Glaucoma', 'Stye', 'Chalazion']"
anxiety and nervousness depression insomnia abusing alcohol,Social Phobia,Bipolar Disorder,0.23405540432568855,2.4207039059140842,"['Bipolar Disorder', 'Psychotic Disorder', 'Eating Disorder']"
acne or pimples skin moles,Dermatitis Due To Sun Exposure,Contact Dermatitis,0.17439366184908534,2.977312116682238,"['Contact Dermatitis', 'Sebaceous Cyst', 'Atrophic Skin Condition']"
vomiting lower abdominal pain pelvic pain,Problem During Pregnancy,Pelvic Inflammatory Disease,0.31932500077436093,2.7002816885834613,"['Pelvic Inflammatory Disease', 'Problem During Pregnancy', 'Ovarian Cyst']"
sharp abdominal pain intermenstrual bleeding pain during pregnancy pelvic pain problems during pregnancy cramps and spasms heavy menstrual flow,Vaginal Cyst,Spontaneous Abortion,0.5099755493376188,0.8203549314898282,"['Spontaneous Abortion', 'Vaginal Cyst', 'Problem During Pregnancy']"
depressive or psychotic symptoms,Panic Disorder,Acute Respiratory Distress Syndrome (Ards),0.08617743662340262,3.8386913450006284,"['Acute Respiratory Distress Syndrome (Ards)', 'Transient Ischemic Attack', 'Hyperkalemia']"
sharp abdominal pain vomiting headache nausea diarrhea burning abdominal pain chills,Infectious Gastroenteritis,Noninfectious Gastroenteritis,0.3867076059066733,1.7714459433797807,"['Noninfectious Gastroenteritis', 'Infectious Gastroenteritis', 'Gastritis']"
diminished vision itchiness of eye,Corneal Abrasion,Chronic Glaucoma,0.13051390887272607,3.565344250220267,"['Chronic Glaucoma', 'Conjunctivitis Due To Virus', 'Glaucoma']"
sharp chest pain wheezing coughing up sputum coryza,Asthma,Chronic Obstructive Pulmonary Disease (Copd),0.3991887420987643,1.6301350724827282,"['Chronic Obstructive Pulmonary Disease (Copd)', 'Asthma', 'Acute Bronchitis']"
dizziness redness in ear,Conductive Hearing Loss,Eustachian Tube Dysfunction (Ear Disorder),0.236866629201536,3.0122239172674643,"['Eustachian Tube Dysfunction (Ear Disorder)', 'Conductive Hearing Loss', 'Acute Otitis Media']"
skin swelling skin growth lymphedema,Hemangioma,Rosacea,0.40827108020734737,2.960622852953006,"['Rosacea', 'Hemangioma', 'Onychomycosis']"
lower abdominal pain burning abdominal pain side pain,Diverticulitis,Vulvodynia,0.24198172526896422,2.776170361576148,"['Vulvodynia', 'Appendicitis', 'Diverticulitis']"
skin swelling abnormal appearing skin skin lesion skin moles itching of skin skin dryness peeling scaliness or roughness skin rash,Psoriasis,Contact Dermatitis,0.202016574516898,2.465230521872627,"['Contact Dermatitis', 'Psoriasis', 'Actinic Keratosis']"
intermenstrual bleeding pain during pregnancy problems during pregnancy blood clots during menstrual periods heavy menstrual flow,Spontaneous Abortion,Vaginal Cyst,0.5050594862871386,0.9266749851542186,"['Vaginal Cyst', 'Spontaneous Abortion', 'Idiopathic Excessive Menstruation']"
leg pain headache arm pain low back pain ache all over,Fibromyalgia,Neuralgia,0.47118926084539875,1.2924404799528721,"['Neuralgia', 'Fibromyalgia', 'Muscle Spasm']"
retention of urine sharp abdominal pain painful urination lower abdominal pain blood in urine,Kidney Stone,Prostatitis,0.3283645139884944,2.020788640657015,"['Prostatitis', 'Bladder Disorder', 'Temporary Or Benign Blood In Urine']"
arm pain back pain neck pain low back pain loss of sensation shoulder pain,Neuralgia,Spondylosis,0.19627479474072299,2.052778042671359,"['Spondylosis', 'Degenerative Disc Disease', 'Herniated Disk']"
blood in stool sharp abdominal pain vomiting nausea decreased appetite,Noninfectious Gastroenteritis,Infectious Gastroenteritis,0.4661742274904788,1.7728064774202092,"['Infectious Gastroenteritis', 'Noninfectious Gastroenteritis', 'Gastroduodenal Ulcer']"
decreased appetite fever chills fluid retention,Noninfectious Gastroenteritis,Infectious Gastroenteritis,0.575487980385312,1.0521129701653156,"['Infectious Gastroenteritis', 'Noninfectious Gastroenteritis', 'Sepsis']"
shortness of breath chest tightness sore throat wheezing,Chronic Obstructive Pulmonary Disease (Copd),Acute Bronchospasm,0.5045094665268688,1.6711213769459548,"['Acute Bronchospasm', 'Chronic Obstructive Pulmonary Disease (Copd)', 'Esophagitis']"
sharp abdominal pain side pain,Pyelonephritis,Pleural Effusion,0.13638443830261235,3.550284195355075,"['Pleural Effusion', 'Pyelonephritis', 'Vulvodynia']"
retention of urine painful urination,Urethritis,Prostatitis,0.19203400586646674,3.261899168424087,"['Prostatitis', 'Urge Incontinence', 'Epididymitis']"
sharp abdominal pain lower abdominal pain vaginal discharge pelvic pain spotting or bleeding during pregnancy cramps and spasms,Vaginal Cyst,Threatened Pregnancy,0.509563868471054,1.2776612473679936,"['Threatened Pregnancy', 'Vaginal Cyst', 'Problem During Pregnancy']"
suprapubic pain sharp abdominal pain painful urination involuntary urination blood in urine back pain symptoms of bladder,Temporary Or Benign Blood In Urine,Cystitis,0.6076355962150367,0.9213109405842146,"['Cystitis', 'Temporary Or Benign Blood In Urine', 'Bladder Disorder']"
leg pain back pain low back pain,Complex Regional Pain Syndrome,Pain After An Operation,0.26281784486580495,2.8979468542733575,"['Pain After An Operation', 'Spondylitis', 'Sprain Or Strain']"
depression insomnia temper problems,Personality Disorder,Bipolar Disorder,0.17213248698524394,3.631988891220172,"['Bipolar Disorder', 'Drug Abuse (Opioids)', 'Post-Traumatic Stress Disorder (Ptsd)']"
chest tightness leg swelling weakness difficulty breathing,Pulmonary Embolism,Hypertensive Heart Disease,0.5351095145530997,1.4727535275820332,"['Hypertensive Heart Disease', 'Pulmonary Embolism', 'Heart Failure']"
skin swelling abnormal appearing skin irregular appearing scalp skin moles skin irritation,Skin Disorder,Skin Polyp,0.22102430185801838,2.327038321093277,"['Skin Polyp', 'Skin Disorder', 'Skin Cancer']"
skin lesion acne or pimples irregular appearing scalp itching of skin skin rash,Fungal Infection Of The Skin,Skin Pigmentation Disorder,0.2056437883226126,2.2306113841447783,"['Skin Pigmentation Disorder', 'Fungal Infection Of The Skin', 'Seborrheic Keratosis']"
toothache facial pain peripheral edema ear pain jaw swelling pain in gums,Tooth Disorder,Dental Caries,0.3427352538772267,1.3611350795773203,"['Dental Caries', 'Gum Disease', 'Tooth Disorder']"
shortness of breath cough vomiting difficulty breathing coryza,Pneumonia,Acute Bronchospasm,0.4083655999771041,1.8112144595012896,"['Acute Bronchospasm', 'Acute Bronchiolitis', 'Pneumonia']"
skin growth skin dryness peeling scaliness or roughness skin rash,Skin Pigmentation Disorder,Onychomycosis,0.17105300770622853,2.8515071739257705,"['Onychomycosis', 'Psoriasis', 'Actinic Keratosis']"
sharp abdominal pain nausea lower abdominal pain side pain,Pyelonephritis,Pain After An Operation,0.2183359294904589,2.8908888730055327,"['Pain After An Operation', 'Pyelonephritis', 'Vulvodynia']"
cough skin swelling,Impetigo,Eczema,0.4710184317548483,2.1669976463112293,"['Eczema', 'Viral Exanthem', 'Allergy']"
cough ear pain pulling at ears,Chronic Otitis Media,Otitis Media,0.21930678178377258,3.429151413279898,"['Otitis Media', 'Chronic Otitis Media', 'Ear Drum Damage']"
lack of growth hostile behavior temper problems antisocial behavior,Autism,Attention Deficit Hyperactivity Disorder (Adhd),0.5375384184034283,1.526318430509193,"['Attention Deficit Hyperactivity Disorder (Adhd)', 'Developmental Disability', 'Autism']"
anxiety and nervousness depressive or psychotic symptoms abusing alcohol hostile behavior drug abuse smoking problems,Alcohol Abuse,Drug Abuse,0.5707738714793772,1.3392121444651293,"['Drug Abuse', 'Alcohol Abuse', 'Post-Traumatic Stress Disorder (Ptsd)']"
diminished vision eye redness lacrimation itchiness of eye,Corneal Abrasion,Conjunctivitis Due To Virus,0.26940984080221003,2.3996206783335867,"['Conjunctivitis Due To Virus', 'Glaucoma', 'Dry Eye Of Unknown Cause']"
abnormal appearing skin skin lesion irregular appearing scalp skin dryness peeling scaliness or roughness skin irritation warts,Skin Cancer,Eczema,0.38995900252030286,1.557455549409452,"['Eczema', 'Skin Cancer', 'Skin Polyp']"
white discharge from eye diminished vision pain in eye itchiness of eye,Conjunctivitis Due To Virus,Chronic Glaucoma,0.2283622798873131,2.0634063308436508,"['Chronic Glaucoma', 'Corneal Abrasion', 'Conjunctivitis Due To Virus']"
blood in stool sharp abdominal pain heartburn rectal bleeding constipation itching of the anus,Hemorrhoids,Rectal Disorder,0.5680570087834104,0.8418447333623202,"['Rectal Disorder', 'Hemorrhoids', 'Diverticulosis']"
sharp chest pain sharp abdominal pain nausea back pain burning abdominal pain lower body pain,Cholecystitis,Gallstone,0.33101283305956547,1.677265150916307,"['Gallstone', 'Cholecystitis', 'Acute Pancreatitis']"
skin swelling acne or pimples skin moles skin dryness peeling scaliness or roughness,Skin Pigmentation Disorder,Skin Polyp,0.2317714984880912,2.4988382177666435,"['Skin Polyp', 'Contact Dermatitis', 'Skin Pigmentation Disorder']"
peripheral edema ear pain,Dental Caries,Tooth Disorder,0.25632671168103593,3.1506069672283097,"['Tooth Disorder', 'Dental Caries', 'Gum Disease']"
sharp abdominal pain painful urination blood in urine back pain low back pain side pain,Kidney Stone,Pyelonephritis,0.46724185511853394,1.4250754860756927,"['Pyelonephritis', 'Kidney Stone', 'Urinary Tract Obstruction']"
anxiety and nervousness hostile behavior drug abuse delusions or hallucinations temper problems,Depression,Post-Traumatic Stress Disorder (Ptsd),0.2719208352614953,1.9541886866033724,"['Post-Traumatic Stress Disorder (Ptsd)', 'Depression', 'Marijuana Abuse']"
vomiting nausea lower abdominal pain side pain,Pyelonephritis,Pain After An Operation,0.26988879998311954,2.6425353117896555,"['Pain After An Operation', 'Diverticulitis', 'Problem During Pregnancy']"
abnormal appearing skin skin lesion irregular appearing scalp itching of skin itchy scalp,Fungal Infection Of The Hair,Fungal Infection Of The Skin,0.33823752797725143,1.796499965433028,"['Fungal Infection Of The Skin', 'Psoriasis', 'Fungal Infection Of The Hair']"
retention of urine sharp abdominal pain painful urination involuntary urination lower abdominal pain,Bladder Disorder,Temporary Or Benign Blood In Urine,0.37545649704582695,1.5701324257808191,"['Temporary Or Benign Blood In Urine', 'Bladder Disorder', 'Cystitis']"
skin lesion acne or pimples irregular appearing scalp,Skin Polyp,Fungal Infection Of The Skin,0.14681803275042668,2.9079284575368214,"['Fungal Infection Of The Skin', 'Eczema', 'Skin Pigmentation Disorder']"
skin swelling abnormal appearing skin skin growth irregular appearing scalp skin moles skin dryness peeling scaliness or roughness skin irritation,Actinic Keratosis,Skin Disorder,0.2822621774582863,2.0341082419107406,"['Skin Disorder', 'Skin Polyp', 'Actinic Keratosis']"
toothache peripheral edema ear pain jaw swelling gum pain,Gum Disease,Dental Caries,0.4224181673621566,1.3671569581556642,"['Dental Caries', 'Tooth Disorder', 'Gum Disease']"
cough ear pain fever coryza sinus congestion,Nose Disorder,Acute Sinusitis,0.4871552242439523,1.465744008379391,"['Acute Sinusitis', 'Nose Disorder', 'Ear Wax Impaction']"
skin swelling abnormal appearing skin acne or pimples itching of skin skin dryness peeling scaliness or roughness skin irritation,Skin Polyp,Skin Disorder,0.24833210951827614,2.160442090102806,"['Skin Disorder', 'Eczema', 'Skin Polyp']"
abnormal appearing skin acne or pimples skin growth irregular appearing scalp skin moles itching of skin skin irritation,Skin Polyp,Seborrheic Keratosis,0.38475717584828956,1.4706899470496868,"['Seborrheic Keratosis', 'Skin Disorder', 'Skin Polyp']"
difficulty speaking hostile behavior antisocial behavior,Autism,Developmental Disability,0.4434924391285169,2.081627620852615,"['Developmental Disability', 'Autism', 'Attention Deficit Hyperactivity Disorder (Adhd)']"
sharp chest pain headache neck pain,Muscle Spasm,Pain After An Operation,0.24896864675642788,2.7223450865992582,"['Pain After An Operation', 'Muscle Spasm', 'Fibromyalgia']"
cough ear pain ringing in ear fluid in ear fever,Otitis Externa (Swimmer'S Ear),Ear Wax Impaction,0.3910119206256636,1.7754802877519291,"['Ear Wax Impaction', ""Otitis Externa (Swimmer'S Ear)"", 'Ear Drum Damage']"
blood in stool vomiting headache diarrhea burning abdominal pain decreased appetite chills fluid retention,Infectious Gastroenteritis,Noninfectious Gastroenteritis,0.5853060847429729,0.7045823091705099,"['Noninfectious Gastroenteritis', 'Infectious Gastroenteritis', 'Strep Throat']"
retention of urine pain in testicles involuntary urination impotence excessive urination at night,Benign Prostatic Hyperplasia (Bph),Erectile Dysfunction,0.6012798453986766,1.0177573537506093,"['Erectile Dysfunction', 'Benign Prostatic Hyperplasia (Bph)', 'Urinary Tract Obstruction']"
nasal congestion ear pain,Nose Disorder,Chronic Otitis Media,0.11122720772265475,3.5392689318110575,"['Chronic Otitis Media', 'Strep Throat', 'Seasonal Allergies (Hay Fever)']"
headache arm pain neck pain,Neuralgia,Spinal Stenosis,0.2633556876718438,2.354061358353265,"['Spinal Stenosis', 'Neuralgia', 'Muscle Spasm']"
nausea painful urination vaginal discharge back pain,Pelvic Inflammatory Disease,Vulvodynia,0.5715387207262876,1.4205101891947025,"['Vulvodynia', 'Pelvic Inflammatory Disease', 'Benign Vaginal Discharge (Leukorrhea)']"
dizziness hoarse voice ear pain plugged feeling in ear fluid in ear,Conductive Hearing Loss,Sensorineural Hearing Loss,0.4643571409932651,1.3136665401935241,"['Sensorineural Hearing Loss', 'Conductive Hearing Loss', 'Chronic Otitis Media']"
shortness of breath cough fever,Acute Bronchiolitis,Interstitial Lung Disease,0.11550961537506538,3.7948113633032907,"['Interstitial Lung Disease', 'Sepsis', 'Asthma']"
sharp abdominal pain painful urination back pain,Prostatitis,Urinary Tract Obstruction,0.20313901042207075,3.2745547949054177,"['Urinary Tract Obstruction', 'Cystitis', 'Prostatitis']"
sharp chest pain leg pain vomiting back pain low back pain,Sickle Cell Crisis,Pain After An Operation,0.48368915411778424,1.5044200423415164,"['Pain After An Operation', 'Sickle Cell Crisis', 'Fibromyalgia']"
acne or pimples itching of skin skin irritation skin rash,Fungal Infection Of The Hair,Seborrheic Keratosis,0.2946597354771754,1.839574349005936,"['Seborrheic Keratosis', 'Fungal Infection Of The Hair', 'Eczema']"
depression depressive or psychotic symptoms hostile behavior excessive anger delusions or hallucinations,Depression,Post-Traumatic Stress Disorder (Ptsd),0.23762068495063923,2.615589636957476,"['Post-Traumatic Stress Disorder (Ptsd)', 'Neurosis', 'Depression']"
anxiety and nervousness depression insomnia hostile behavior excessive anger delusions or hallucinations fears and phobias,Personality Disorder,Adjustment Reaction,0.37757630673491877,1.6875721224318294,"['Adjustment Reaction', 'Psychotic Disorder', 'Personality Disorder']"
sharp abdominal pain vomiting nausea decreased appetite side pain upper abdominal pain,Choledocholithiasis,Appendicitis,0.46543053127624984,1.6159151547806525,"['Appendicitis', 'Choledocholithiasis', 'Gallstone']"
skin lesion foot or toe pain foot or toe swelling skin rash,Callus,Pyogenic Skin Infection,0.5314337569094211,1.6780727295719255,"['Pyogenic Skin Infection', 'Callus', 'Diabetic Peripheral Neuropathy']"
depression depressive or psychotic symptoms insomnia excessive anger delusions or hallucinations low self esteem,Personality Disorder,Schizophrenia,0.5467453722846938,1.463906741080343,"['Schizophrenia', 'Personality Disorder', 'Marijuana Abuse']"
hip pain back pain shoulder pain,Neuralgia,Fracture Of The Rib,0.22091779073145557,2.728486466997367,"['Fracture Of The Rib', 'Neuralgia', 'Degenerative Disc Disease']"
shortness of breath sharp chest pain palpitations weight gain weakness,Heart Failure,Heart Block,0.5084972015547571,1.4287232115079656,"['Heart Block', 'Heart Failure', 'Hypertensive Heart Disease']"
anxiety and nervousness depression abusing alcohol hostile behavior drug abuse excessive anger,Marijuana Abuse,Post-Traumatic Stress Disorder (Ptsd),0.3298769749950272,1.6191131276302393,"['Post-Traumatic Stress Disorder (Ptsd)', 'Depression', 'Marijuana Abuse']"
anxiety and nervousness depression abusing alcohol excessive anger delusions or hallucinations fears and phobias,Bipolar Disorder,Social Phobia,0.34838888646861654,1.7397606728821704,"['Social Phobia', 'Bipolar Disorder', 'Psychotic Disorder']"
diminished vision symptoms of eye pain in eye foreign body sensation in eye lacrimation itchiness of eye,Glaucoma,Corneal Abrasion,0.18961037713911935,2.492812937458103,"['Corneal Abrasion', 'Cornea Infection', 'Glaucoma']"
leg pain back pain neck pain low back pain paresthesia ache all over,Complex Regional Pain Syndrome,Spondylosis,0.4265520681924027,1.5057666008525177,"['Spondylosis', 'Complex Regional Pain Syndrome', 'Ankylosing Spondylitis']"
skin swelling skin moles skin irritation skin rash,Actinic Keratosis,Contact Dermatitis,0.3970689634248223,1.8846396990231002,"['Contact Dermatitis', 'Actinic Keratosis', 'Seborrheic Keratosis']"
nasal congestion fever,Croup,Asthma,0.06750782830086137,4.020220973838725,"['Asthma', 'Conjunctivitis Due To Virus', 'Interstitial Lung Disease']"
depression depressive or psychotic symptoms insomnia abusing alcohol,Drug Abuse (Opioids),Eating Disorder,0.21858843057826075,2.465679861661433,"['Eating Disorder', 'Bipolar Disorder', 'Psychotic Disorder']"
retention of urine painful urination frequent urination blood in urine symptoms of bladder,Cystitis,Bladder Disorder,0.2694754469904659,2.1663779589544094,"['Bladder Disorder', 'Temporary Or Benign Blood In Urine', 'Urge Incontinence']"
headache arm pain neck pain low back pain loss of sensation,Spinal Stenosis,Muscle Spasm,0.29083976204534623,1.8489314626221294,"['Muscle Spasm', 'Neuralgia', 'Spinal Stenosis']"
